id,question,answer1,answer2,token1,token2,condition_id,neg_risk,slug,volume,created_at,closed,active,archived,end_date,outcome_prices,event_id,event_slug,event_title
1694903,Will global temperature increase by less than 1.10ºC in April 2026?,Yes,No,106987232092119331851503756323253833748533577200200880319563791965438288110964,97083233676415655602978668500073083175234758634138990962830586540458181707974,0xe71118e7e252ab44f8dc3fedc30a17c7e52f9d6050769bceaff22cdae005beea,True,will-global-temperature-increase-by-less-than-1pt10c-in-april-2026,31329.91793100002,2026-03-23 19:59:55.220961+00:00,False,True,False,2026-05-10T00:00:00Z,"['0.036', '0.964']",300896,april-2026-temperature-increase-c,April 2026 Temperature Increase (ºC)
1694904,Will global temperature increase by between 1.10ºC and 1.14ºC in April 2026?,Yes,No,83031633810830454586089400562573867845758918681662321838538333106997367910495,13277122919740584923850350734235494122141565323723447393395572649873310835489,0x4a8c3c53e6fa4ee4bb684fee96445825966d261dcd750622b6ce5fc1a8680fb5,True,will-global-temperature-increase-by-between-1pt10c-and-1pt14c-in-april-2026,25625.061614000006,2026-03-23 19:59:56.055025+00:00,False,True,False,2026-05-10T00:00:00Z,"['0.145', '0.855']",300896,april-2026-temperature-increase-c,April 2026 Temperature Increase (ºC)
1694905,Will global temperature increase by between 1.15ºC and 1.19ºC in April 2026?,Yes,No,47912081354368752767254821044160664293940278577709430548636918533805003410858,42264990790083529484996533877118007470885312480685442874185209424273938260895,0x52b778f18fff7ecc7cfc0a1cdc389ee65f5ef98b2222030a8b132cfcdb6d4369,True,will-global-temperature-increase-by-between-1pt15c-and-1pt19c-in-april-2026,18077.458155999997,2026-03-23 19:59:56.596381+00:00,False,True,False,2026-05-10T00:00:00Z,"['0.565', '0.435']",300896,april-2026-temperature-increase-c,April 2026 Temperature Increase (ºC)
1694906,Will global temperature increase by between 1.20ºC and 1.24ºC in April 2026?,Yes,No,102878482636468471949240361047222114562647035458708031344718178863860116167492,106000698254753594145475179399411432795450159364071929531660009164988756600355,0xb2482217dbbecf0d5b071d0ba668314e3567417ac9b4449399bbb11a63ae865b,True,will-global-temperature-increase-by-between-1pt20c-and-1pt24c-in-april-2026,21399.242234999994,2026-03-23 19:59:57.293361+00:00,False,True,False,2026-05-10T00:00:00Z,"['0.195', '0.805']",300896,april-2026-temperature-increase-c,April 2026 Temperature Increase (ºC)
1694907,Will global temperature increase by between 1.25ºC and 1.29ºC in April 2026?,Yes,No,106553161893936609284085859686549432912399261646114889978383051839095808456226,110996122142356798921446777179812057897204147067618359685872706064436527428083,0x6de54d9adc414156246d67c989c814e867fece72331b07aab7af4e6edb0412c5,True,will-global-temperature-increase-by-between-1pt25c-and-1pt29c-in-april-2026,30872.891730000018,2026-03-23 19:59:57.929498+00:00,False,True,False,2026-05-10T00:00:00Z,"['0.055', '0.945']",300896,april-2026-temperature-increase-c,April 2026 Temperature Increase (ºC)
1694908,Will global temperature increase by more than 1.29ºC in April 2026?,Yes,No,72712740388988248397918784219019841330515559089076202525436708188625999631932,40835657787443233781833789358047899630918486545889842453898520644328240744361,0xd295730b645b463437a456ae1c909743832206f549a6a2b88a857df48595fac9,True,will-global-temperature-increase-by-more-than-1pt29c-in-april-2026,17176.190541000004,2026-03-23 19:59:58.588455+00:00,False,True,False,2026-05-10T00:00:00Z,"['0.0145', '0.9855']",300896,april-2026-temperature-increase-c,April 2026 Temperature Increase (ºC)
1717911,"Will ""The Super Mario Galaxy Movie"" be the April film with the highest domestic gross on May 31?",Yes,No,69078139589975061413342692353933055803494003929777131043211723136877267416648,29660437248991276943950212223503528307174208977810504389876750248075226009631,0xc31a2b8108095d44b03f070d8b473460988faff601b94e0ee3d7d832de253a29,True,will-the-super-mario-galaxy-movie-be-the-april-film-with-the-highest-domestic-gross-on-may-31,16094.83529,2026-03-25 16:27:41.409731+00:00,False,True,False,2026-05-31T00:00:00Z,"['0.98', '0.02']",307308,highest-domestically-grossing-april-film-on-may-31,Highest Domestically Grossing April Film on May 31?
1717912,"Will ""Mother Mary"" be the April film with the highest domestic gross on May 31?",Yes,No,24634489904614797870734704849735317568004943128230379590781755344896151841206,82987896291219928085720307817622486322502166335002519897670141064363077063823,0x264dde20ff3f1e330c069a73fcc52ce93f0b2d05b23ca9664d2bdd594a625b8d,True,will-mother-mary-be-the-april-film-with-the-highest-domestic-gross-on-may-31,10275.446804000001,2026-03-25 16:27:41.977855+00:00,False,True,False,2026-05-31T00:00:00Z,"['0.0005', '0.9995']",307308,highest-domestically-grossing-april-film-on-may-31,Highest Domestically Grossing April Film on May 31?
1717913,"Will ""Michael"" be the April film with the highest domestic gross on May 31?",Yes,No,98643210271148996487337028486381812782501127738191260289302168089177533810981,9181747758117614839623483774636109107635935846303166642704464608084304869991,0xcf4dab4fc1109714e3f0e43e6766baadb7f42496448d6a2afe6c0bf10c3a6646,True,will-michael-be-the-april-film-with-the-highest-domestic-gross-on-may-31,77718.35883499999,2026-03-25 16:27:42.480911+00:00,False,True,False,2026-05-31T00:00:00Z,"['0.0195', '0.9805']",307308,highest-domestically-grossing-april-film-on-may-31,Highest Domestically Grossing April Film on May 31?
1717914,"Will ""Wasteland Cop"" be the April film with the highest domestic gross on May 31?",Yes,No,28108541356207738562966222089482666850842145275299437269678266613514039472001,86118982613068541286391160144046641210080099750367616942511057981675687818789,0x911ba6b03338eadb70effb8e98f4b684ab9b204a2e9a5cde3acda26f4a83e3bd,True,will-wasteland-cop-be-the-april-film-with-the-highest-domestic-gross-on-may-31,50819.67599999999,2026-03-25 16:27:42.985619+00:00,False,True,False,2026-05-31T00:00:00Z,"['0.0015', '0.9985']",307308,highest-domestically-grossing-april-film-on-may-31,Highest Domestically Grossing April Film on May 31?
1717915,"Will ""You, Me & Tuscany"" be the April film with the highest domestic gross on May 31?",Yes,No,40034738755831309963553637136199096792346445238449244357657374275930576792981,83322892277192200215362214472058050203208717762494967588514162450293675018532,0x0bdf0c8c103d2251e6aa4b39991ef5d6a453b2a496362e6cd40a26d820551449,True,will-you-me-tuscany-be-the-april-film-with-the-highest-domestic-gross-on-may-31,25154.516164999997,2026-03-25 16:27:43.587184+00:00,False,True,False,2026-05-31T00:00:00Z,"['0.0005', '0.9995']",307308,highest-domestically-grossing-april-film-on-may-31,Highest Domestically Grossing April Film on May 31?
1717916,"Will ""The Whistler"" be the April film with the highest domestic gross on May 31?",Yes,No,49462587710436712564441241177647515501705967460879946711403420206177729178598,82663165231001989564031399839868327281751380604144428913144417902187526739108,0xc39b846e59520e7b68133fe1bc5deb845109087bc07e1e78edc763a4dc08150f,True,will-the-whistler-be-the-april-film-with-the-highest-domestic-gross-on-may-31,22204.989900000008,2026-03-25 16:27:44.214483+00:00,False,True,False,2026-05-31T00:00:00Z,"['0.0005', '0.9995']",307308,highest-domestically-grossing-april-film-on-may-31,Highest Domestically Grossing April Film on May 31?
1717917,"Will ""Lorne"" be the April film with the highest domestic gross on May 31?",Yes,No,14683368569698907573755073556569474904953726255282256665737804661463205267345,115723010077647052723920944897305800281286537399833229911065177575674045615125,0xa8c9226abcc0064312d0a1a27a59b130bea025ee732f870d7a5fc9ef3ba36162,True,will-lorne-be-the-april-film-with-the-highest-domestic-gross-on-may-31,7786.860400000003,2026-03-25 16:27:44.715156+00:00,False,True,False,2026-05-31T00:00:00Z,"['0.0005', '0.9995']",307308,highest-domestically-grossing-april-film-on-may-31,Highest Domestically Grossing April Film on May 31?
1996423,Will the highest temperature in Ankara be 13°C on April 18?,Yes,No,84896057803821501130421793772478470218365569121702022669222795940736741468450,51170790061351687393723824296741529392556352977909552704988219361989203357274,0x1d67b3fb85ac5e90dc3667e32c3f4bec6c1bf77596875347f19889382fc1b230,True,highest-temperature-in-ankara-on-april-18-2026-13c,86070.57478499998,2026-04-16 04:04:12.170667+00:00,False,True,False,2026-04-18T12:00:00Z,"['0.0005', '0.9995']",384024,highest-temperature-in-ankara-on-april-18-2026,Highest temperature in Ankara on April 18?
2011541,Will the highest temperature in Lagos be 28°C or below on April 20?,Yes,No,28096791486254231264407547106112895805529503376358054027603169947975643834873,91745689002974964147319814567921728632684926771507716792288244881975805484572,0x08147c21a39169df6cc80a87312aa3ca37c45352089af661c1db6c78a62f96c3,True,highest-temperature-in-lagos-on-april-20-2026-28corbelow,57923.40003700005,2026-04-18 04:06:37.481224+00:00,False,True,False,2026-04-20T12:00:00Z,"['0.995', '0.005']",390852,highest-temperature-in-lagos-on-april-20-2026,Highest temperature in Lagos on April 20?
2011542,Will the highest temperature in Lagos be 29°C on April 20?,Yes,No,25868860698282414987610854580595855751945476154684321828939578569882386773689,24647931158731605882305054490328857762603498827147470787910416244577735485184,0x4c9858b3f09b42052cb5358de7e8c35290fbf23718913302cc93f73f72a05b30,True,highest-temperature-in-lagos-on-april-20-2026-29c,12724.316953000003,2026-04-18 04:06:37.587329+00:00,False,True,False,2026-04-20T12:00:00Z,"['0.0005', '0.9995']",390852,highest-temperature-in-lagos-on-april-20-2026,Highest temperature in Lagos on April 20?
2011543,Will the highest temperature in Lagos be 30°C on April 20?,Yes,No,54224488664218134204083675541762188491665034297188217451481312370921037345835,11094868061177434055098662183128379866940991111899869536104942799199845965020,0xcb7c13bcc8ba9c0b30a50a7d33154769bb00b29234ea3dc368a054d0f102c916,True,highest-temperature-in-lagos-on-april-20-2026-30c,9809.799256,2026-04-18 04:06:37.692247+00:00,False,True,False,2026-04-20T12:00:00Z,"['0.0005', '0.9995']",390852,highest-temperature-in-lagos-on-april-20-2026,Highest temperature in Lagos on April 20?
2011544,Will the highest temperature in Lagos be 31°C on April 20?,Yes,No,24055211651980483749381022517026551856867276444636679687942791786280176401992,37479536864783716675612528741574511035506754448632593220680741306301331853865,0xddcb0ae8cbc0b4b4cd6b4a712dc2ef906c291493651c886860086bdb223f918e,True,highest-temperature-in-lagos-on-april-20-2026-31c,9755.297845000003,2026-04-18 04:06:37.800019+00:00,False,True,False,2026-04-20T12:00:00Z,"['0.0005', '0.9995']",390852,highest-temperature-in-lagos-on-april-20-2026,Highest temperature in Lagos on April 20?
2011545,Will the highest temperature in Lagos be 32°C on April 20?,Yes,No,27220279546528271280333179180672996340344725025991945745935704556136205891754,6735181424086340177146416647030011563044686001238815960733356970086052155884,0x4fb365bd970e3a86de09d2633e3f03ea695d97088712c380b2da3b41345fef64,True,highest-temperature-in-lagos-on-april-20-2026-32c,13332.757822999998,2026-04-18 04:06:37.900354+00:00,False,True,False,2026-04-20T12:00:00Z,"['0.0005', '0.9995']",390852,highest-temperature-in-lagos-on-april-20-2026,Highest temperature in Lagos on April 20?
2011546,Will the highest temperature in Lagos be 33°C on April 20?,Yes,No,98941600143554691407884868367482436232914534508071079099181331510313060314994,4078091351139447381276541890598313563954198357049227590445291039292937353942,0x3ce5951fc6d4cef28a9ff4873609d73c242e09a946e71d38ad981584d54ce66b,True,highest-temperature-in-lagos-on-april-20-2026-33c,15244.837155000007,2026-04-18 04:06:38.001310+00:00,False,True,False,2026-04-20T12:00:00Z,"['0.0005', '0.9995']",390852,highest-temperature-in-lagos-on-april-20-2026,Highest temperature in Lagos on April 20?
2011547,Will the highest temperature in Lagos be 34°C on April 20?,Yes,No,40355856435498070085391724810941970316852110670136256141765509410093788062786,113678569219936936111497300359957058343335234015145074175446666807938023696768,0xa02a9828d36a3d5db02f43272d2f189e5ad25cf4c0f46bac86befce8e7718c91,True,highest-temperature-in-lagos-on-april-20-2026-34c,12964.080657999999,2026-04-18 04:06:38.105428+00:00,False,True,False,2026-04-20T12:00:00Z,"['0.0005', '0.9995']",390852,highest-temperature-in-lagos-on-april-20-2026,Highest temperature in Lagos on April 20?
2011548,Will the highest temperature in Lagos be 35°C on April 20?,Yes,No,113773582000646538392882532999154501644544393379183128502695350610424099015951,92371117905390186811750924432164775321695952709323141891055871505593237672845,0x98bb3581e44e8cee30f9358d843f1eca602e9d4adeb538f98934e465b2937e61,True,highest-temperature-in-lagos-on-april-20-2026-35c,10704.57607,2026-04-18 04:06:38.205490+00:00,False,True,False,2026-04-20T12:00:00Z,"['0.0005', '0.9995']",390852,highest-temperature-in-lagos-on-april-20-2026,Highest temperature in Lagos on April 20?
2011549,Will the highest temperature in Lagos be 36°C on April 20?,Yes,No,27613146283589737495949898819206343278330403467145672540741448329936542259284,96884301660071448000259936551257084717313341577692626817312302999864706622810,0x15a225ac06a53b6db3a1f1d886b6daf8ee16618630b3bdf8e4e34a65a335f950,True,highest-temperature-in-lagos-on-april-20-2026-36c,8941.934859,2026-04-18 04:06:38.305749+00:00,False,True,False,2026-04-20T12:00:00Z,"['0.0005', '0.9995']",390852,highest-temperature-in-lagos-on-april-20-2026,Highest temperature in Lagos on April 20?
2011550,Will the highest temperature in Lagos be 37°C on April 20?,Yes,No,87045689205425315986617720135700364461162183256756157176386213110323624285753,82202934307800935997525341537414921284852551775662165510612334228251527759072,0xed417256b584326b24076c7df0f6b92a68b1bf78b2d1c02d0193ae949b824635,True,highest-temperature-in-lagos-on-april-20-2026-37c,6367.508124999998,2026-04-18 04:06:38.406566+00:00,False,True,False,2026-04-20T12:00:00Z,"['0.0005', '0.9995']",390852,highest-temperature-in-lagos-on-april-20-2026,Highest temperature in Lagos on April 20?
2011551,Will the highest temperature in Lagos be 38°C or higher on April 20?,Yes,No,93502149508544310979935132536732457804983320942742318518054097029604212113035,32716559905382931217404622583423680184347660128186340051077598319896034829474,0xec6910cf00345c962b7c09903d43a5f39ff907491a05129b4bbc71dc33e05377,True,highest-temperature-in-lagos-on-april-20-2026-38corhigher,8363.284326999998,2026-04-18 04:06:38.509650+00:00,False,True,False,2026-04-20T12:00:00Z,"['0.0005', '0.9995']",390852,highest-temperature-in-lagos-on-april-20-2026,Highest temperature in Lagos on April 20?
2019112,Will the highest temperature in London be 10°C on April 21?,Yes,No,38991391851947632933416801395543287738454279717425919791244744435002299886407,67418286379385655517888365848301678608479710021819638576978661862814413154212,0xfbba6a243b058fdbba043bb2f737b548cf0a751357faec17dc91f3c43886bc58,True,highest-temperature-in-london-on-april-21-2026-10c,8580.182499999999,2026-04-19 04:03:23.901017+00:00,False,True,False,2026-04-21T12:00:00Z,"['0.0005', '0.9995']",394279,highest-temperature-in-london-on-april-21-2026,Highest temperature in London on April 21?
2019113,Will the highest temperature in London be 11°C on April 21?,Yes,No,40201043346931914699903387552694468926916501737208262684636712685987586490023,82753259303464432500245653747243208222018968872369745700759491198801318711886,0x2f52fc8e47faad77d2afdfbfeb77873f7fd3c65d85c3376e60a447208fa0ab8b,True,highest-temperature-in-london-on-april-21-2026-11c,10438.336343,2026-04-19 04:03:24.004058+00:00,False,True,False,2026-04-21T12:00:00Z,"['0.0005', '0.9995']",394279,highest-temperature-in-london-on-april-21-2026,Highest temperature in London on April 21?
2019114,Will the highest temperature in London be 12°C on April 21?,Yes,No,58392339489760812172980834042157634765908487020264668472107620115385849006207,13656377922834082877863729042556263260760161439749823380537150885062252633578,0x4d6c0bc6bb541484ba5a1ebbdc00697d13c3b958437d7d62a4ea6fed34254958,True,highest-temperature-in-london-on-april-21-2026-12c,33380.756710999995,2026-04-19 04:03:24.107430+00:00,False,True,False,2026-04-21T12:00:00Z,"['0.0595', '0.9405']",394279,highest-temperature-in-london-on-april-21-2026,Highest temperature in London on April 21?
2019115,Will the highest temperature in London be 13°C on April 21?,Yes,No,48328037746612043173437339782089298941290821791276462961715083999568422118110,53527115110118593952839189728251812537333666156687462665072347841286943216036,0xd192ca949526bd07d873d3fdf723bd36e66d716ac33ae04ad3877aa7407542dc,True,highest-temperature-in-london-on-april-21-2026-13c,18817.15933300003,2026-04-19 04:03:24.207969+00:00,False,True,False,2026-04-21T12:00:00Z,"['0.405', '0.595']",394279,highest-temperature-in-london-on-april-21-2026,Highest temperature in London on April 21?
2019116,Will the highest temperature in London be 14°C on April 21?,Yes,No,5837170434709678308667640071899159791055659980036638246893152800534415141860,59238252499760053224209110077472087728547608647739356937809799131662851825152,0xe9e06a3297e222837c66a7f2613d395dc33615cf7d462427873c5e9f9f56e792,True,highest-temperature-in-london-on-april-21-2026-14c,16765.5082,2026-04-19 04:03:24.310777+00:00,False,True,False,2026-04-21T12:00:00Z,"['0.495', '0.505']",394279,highest-temperature-in-london-on-april-21-2026,Highest temperature in London on April 21?
2019117,Will the highest temperature in London be 15°C on April 21?,Yes,No,107070699071600743894097246155240370039554581097282766262229751780813262739784,34353297483947477302209258115318395345490113588995830986529953543105010985436,0x3e64e85f07d9d89de7cc0e14f610435c42db47154a5502622597036a4d1e31c3,True,highest-temperature-in-london-on-april-21-2026-15c,18924.766940999987,2026-04-19 04:03:24.414548+00:00,False,True,False,2026-04-21T12:00:00Z,"['0.0405', '0.9595']",394279,highest-temperature-in-london-on-april-21-2026,Highest temperature in London on April 21?
2019118,Will the highest temperature in London be 16°C on April 21?,Yes,No,41356989198206638866007420027325810479813303665163475621897728843032329216760,105779026927883472882556464317590191602099460694480008273504987862326482540106,0x8be8d06421054fa2f3b3af6c8d40a9034d29dec90b75c39c83ab400a19f11ec3,True,highest-temperature-in-london-on-april-21-2026-16c,13978.177418000001,2026-04-19 04:03:24.517744+00:00,False,True,False,2026-04-21T12:00:00Z,"['0.0035', '0.9965']",394279,highest-temperature-in-london-on-april-21-2026,Highest temperature in London on April 21?
2019119,Will the highest temperature in London be 17°C on April 21?,Yes,No,41443947367320852037070566010250435054651742603109347195527935641988067605859,114027850519700948720653838848915702023204705148196461277278089833763614279863,0xf3ed2f5c8f01b9f47101bf4d1adcc451a354d5e8a1b5f849afb8fc17a6fa25bf,True,highest-temperature-in-london-on-april-21-2026-17c,9378.816444999997,2026-04-19 04:03:24.623468+00:00,False,True,False,2026-04-21T12:00:00Z,"['0.0005', '0.9995']",394279,highest-temperature-in-london-on-april-21-2026,Highest temperature in London on April 21?
2019120,Will the highest temperature in London be 18°C or higher on April 21?,Yes,No,74782770086489522343793618616448411633007152964403977343047064468906729275357,15491797169909416780104489278583853751785905953700092713779531951300338618917,0x660155c231a4dc350309afb05553e525f716b169da35936be15e2723ed0d2494,True,highest-temperature-in-london-on-april-21-2026-18corhigher,4299.900864000001,2026-04-19 04:03:24.723846+00:00,False,True,False,2026-04-21T12:00:00Z,"['0.0005', '0.9995']",394279,highest-temperature-in-london-on-april-21-2026,Highest temperature in London on April 21?
2019125,Will the highest temperature in Paris be 14°C on April 21?,Yes,No,46176052399839129270471862025800201906284641019243028510805416784746007765832,10060617329838591475992362708503364809316405945557980501996532535864850965329,0xfb949a134f1bf0158aac8fe9eeca1e2d073e545df24855aa6b8224bf49eb3e2a,True,highest-temperature-in-paris-on-april-21-2026-14c,25498.669656,2026-04-19 04:03:28.278959+00:00,False,True,False,2026-04-21T12:00:00Z,"['0.0005', '0.9995']",394280,highest-temperature-in-paris-on-april-21-2026,Highest temperature in Paris on April 21?
2019126,Will the highest temperature in Paris be 15°C on April 21?,Yes,No,97893046425577807547708163581208975548141587146101551005549976000827709248635,25240493980520901891616341338931819510733196312984237716926669537328382169923,0xcff5b129dea5ff9c2f6e14c564e8e20f4842d4ba0c0095c5ebbd006e8c74e4b5,True,highest-temperature-in-paris-on-april-21-2026-15c,12809.560611000008,2026-04-19 04:03:28.382697+00:00,False,True,False,2026-04-21T12:00:00Z,"['0.375', '0.625']",394280,highest-temperature-in-paris-on-april-21-2026,Highest temperature in Paris on April 21?
2019127,Will the highest temperature in Paris be 16°C on April 21?,Yes,No,32553618311954740673119849804503001258598030520956093709045207416542353094102,39217064176838290252173755429739744947649875347982585561746093502622154658987,0xb7d693fab85e4766692e81510a9c58f3d3d6d209f5462dc8c16620df89027819,True,highest-temperature-in-paris-on-april-21-2026-16c,11870.921355,2026-04-19 04:03:28.488387+00:00,False,True,False,2026-04-21T12:00:00Z,"['0.555', '0.445']",394280,highest-temperature-in-paris-on-april-21-2026,Highest temperature in Paris on April 21?
2019128,Will the highest temperature in Paris be 17°C on April 21?,Yes,No,104087497590852323960353402096955178672240786269268693533855839750947179950161,107365744916976974402785283881265995685830309378886785236500417138598221414403,0xbae5927a5f5d40f412110fcbd4b9eb64c70cc6e0e4d9bbdfcbecf95d687f20d2,True,highest-temperature-in-paris-on-april-21-2026-17c,14513.365930000014,2026-04-19 04:03:28.595702+00:00,False,True,False,2026-04-21T12:00:00Z,"['0.045', '0.955']",394280,highest-temperature-in-paris-on-april-21-2026,Highest temperature in Paris on April 21?
2019129,Will the highest temperature in Paris be 18°C on April 21?,Yes,No,105853795512196872692544515973226330397927656497530960755365812630465776699521,60349615708934563046103021548108342939344324230470615643140561341310998763335,0xc13bf35ab2488e023deac0bec08fe7bea967770f1d27814965dc42a2a189ad8b,True,highest-temperature-in-paris-on-april-21-2026-18c,16915.266019999992,2026-04-19 04:03:28.704378+00:00,False,True,False,2026-04-21T12:00:00Z,"['0.0055', '0.9945']",394280,highest-temperature-in-paris-on-april-21-2026,Highest temperature in Paris on April 21?
2019130,Will the highest temperature in Paris be 19°C on April 21?,Yes,No,416648932230031656691393280200337241226728870946580408199637263581158386335,64384356703063763955418641896413160054217921546132946441049643564964486779134,0xadedd22f427638eddd97bdcfc058af7476c9405e4e8f86fdbfc4772cc1fbe521,True,highest-temperature-in-paris-on-april-21-2026-19c,11361.364685000008,2026-04-19 04:03:28.810887+00:00,False,True,False,2026-04-21T12:00:00Z,"['0.007', '0.993']",394280,highest-temperature-in-paris-on-april-21-2026,Highest temperature in Paris on April 21?
2019131,Will the highest temperature in Paris be 20°C or higher on April 21?,Yes,No,77643904798752106710804672180675965411503817121086246196407138180158878915404,14779167254880253520382689228759788985698896733485788336812877860852636967552,0xae17df74e8d434f2a99debb866686ef3b36d1305abc3b9b1d056e20fcf009fdf,True,highest-temperature-in-paris-on-april-21-2026-20corhigher,8027.129391,2026-04-19 04:03:28.913279+00:00,False,True,False,2026-04-21T12:00:00Z,"['0.0015', '0.9985']",394280,highest-temperature-in-paris-on-april-21-2026,Highest temperature in Paris on April 21?
2019132,Will the highest temperature in Sao Paulo be 23°C or below on April 21?,Yes,No,53656737337631620890545046574727253639783680147217235960561844230158269750645,16114188758924922983031432596146633615735590171376727956734839111913231960751,0x8e1643dad28f3deeff105ff2f2614232a2747c2a38508897d77e77c703b19e0a,True,highest-temperature-in-sao-paulo-on-april-21-2026-23corbelow,1277.9459529999995,2026-04-19 04:03:32.548229+00:00,False,True,False,2026-04-21T12:00:00Z,"['0.003', '0.997']",394281,highest-temperature-in-sao-paulo-on-april-21-2026,Highest temperature in Sao Paulo on April 21?
2019133,Will the highest temperature in Sao Paulo be 24°C on April 21?,Yes,No,106801031974655639301697807664269723196911365311449127009289410405591287598941,102229216592334482140209218400296683365135769835429024246044537136906109582738,0x55d288dc2f8ea0647200dc0e4755e18e52722e7275a3f0b4a4b74ba68fbe97e4,True,highest-temperature-in-sao-paulo-on-april-21-2026-24c,3160.1371200000003,2026-04-19 04:03:32.657403+00:00,False,True,False,2026-04-21T12:00:00Z,"['0.0085', '0.9915']",394281,highest-temperature-in-sao-paulo-on-april-21-2026,Highest temperature in Sao Paulo on April 21?
2019134,Will the highest temperature in Sao Paulo be 25°C on April 21?,Yes,No,72386208672722303015061689789249594142241443960265706557423164191199007580815,12408236538385121236561748626539826346416838404826350659859082706565492302096,0xf63a35ac8b7ec011aebcff09eacb2289af028ba81bcd6fa4130b0f149ec84862,True,highest-temperature-in-sao-paulo-on-april-21-2026-25c,2721.123401999999,2026-04-19 04:03:32.760602+00:00,False,True,False,2026-04-21T12:00:00Z,"['0.0655', '0.9345']",394281,highest-temperature-in-sao-paulo-on-april-21-2026,Highest temperature in Sao Paulo on April 21?
2019135,Will the highest temperature in Sao Paulo be 26°C on April 21?,Yes,No,105088573983194374723622379774365973977362569547383327663943230803630298381491,68960896734146631899886443033998576808848702112348016720244314713456818862096,0xce227105a4814d879999380e18b9aa740881e22d6416c66e273854b7ef1fc605,True,highest-temperature-in-sao-paulo-on-april-21-2026-26c,2374.693514,2026-04-19 04:03:32.863331+00:00,False,True,False,2026-04-21T12:00:00Z,"['0.47', '0.53']",394281,highest-temperature-in-sao-paulo-on-april-21-2026,Highest temperature in Sao Paulo on April 21?
2019136,Will the highest temperature in Sao Paulo be 27°C on April 21?,Yes,No,870385232797192567324634719807658824246203847760518953724426221344007668923,34434370711950858620669252411648446639689753601858971634778451322315445097261,0x342b7b55c12fa8f706a1852bcbee4380a8c3768fa73de48f81b440e653583c06,True,highest-temperature-in-sao-paulo-on-april-21-2026-27c,2629.4972389999984,2026-04-19 04:03:32.968451+00:00,False,True,False,2026-04-21T12:00:00Z,"['0.44', '0.56']",394281,highest-temperature-in-sao-paulo-on-april-21-2026,Highest temperature in Sao Paulo on April 21?
2019137,Will the highest temperature in Sao Paulo be 28°C on April 21?,Yes,No,101725654183701295477079345291741827184955461726436664090458860695763296150495,61042622563237554610075811188893764092814562515230571752085730943536389580639,0xc72e2b8387649460e33264ec676d9eac222259613dde94304210e4e416d1a7a1,True,highest-temperature-in-sao-paulo-on-april-21-2026-28c,3596.3924769999976,2026-04-19 04:03:33.069769+00:00,False,True,False,2026-04-21T12:00:00Z,"['0.045', '0.955']",394281,highest-temperature-in-sao-paulo-on-april-21-2026,Highest temperature in Sao Paulo on April 21?
2019138,Will the highest temperature in Sao Paulo be 29°C on April 21?,Yes,No,23653168395066459969042284082842839198616221009048263354981155470121090595857,87021638195685743755558272930727043123349200419261140935755328414038973524193,0xae4449453f37a8e10908464efffa46d7f60ec25d2a19602153769f6830e1eb4b,True,highest-temperature-in-sao-paulo-on-april-21-2026-29c,1233.6457669999995,2026-04-19 04:03:33.202327+00:00,False,True,False,2026-04-21T12:00:00Z,"['0.0085', '0.9915']",394281,highest-temperature-in-sao-paulo-on-april-21-2026,Highest temperature in Sao Paulo on April 21?
2019139,Will the highest temperature in Sao Paulo be 30°C on April 21?,Yes,No,44398924813081928772072226622068973969250097558037828656548987743097993781413,102556609464253504993268362019237774195636700454985408758962604790929575530936,0x8565110ea19994994f5ae8864d6cc28eb3b5b442fc6cfa252f18395c8a0fc508,True,highest-temperature-in-sao-paulo-on-april-21-2026-30c,1619.320101,2026-04-19 04:03:33.303036+00:00,False,True,False,2026-04-21T12:00:00Z,"['0.0035', '0.9965']",394281,highest-temperature-in-sao-paulo-on-april-21-2026,Highest temperature in Sao Paulo on April 21?
2019140,Will the highest temperature in Sao Paulo be 31°C on April 21?,Yes,No,12811445159247414452827836537964259486139344406917208919787491357071491573894,73119737331027784774329752812042058894214990433448899266256107132579298063435,0x47300399524eebd42f8155f2e3b287899d15ae2ded4f1ce74e574b8151f0fd7b,True,highest-temperature-in-sao-paulo-on-april-21-2026-31c,1165.098829,2026-04-19 04:03:33.405492+00:00,False,True,False,2026-04-21T12:00:00Z,"['0.0015', '0.9985']",394281,highest-temperature-in-sao-paulo-on-april-21-2026,Highest temperature in Sao Paulo on April 21?
2019141,Will the highest temperature in Sao Paulo be 32°C on April 21?,Yes,No,97979763271216429505763599938070178503949479323697451697034909042567340106164,3674876312505223527876503643445544710450198912572330257014414512613820511503,0x0fa7293536bceaf379cf7b065fe780f3cd347a00c86067c5bcf1cb70838787a9,True,highest-temperature-in-sao-paulo-on-april-21-2026-32c,2017.925399,2026-04-19 04:03:33.506456+00:00,False,True,False,2026-04-21T12:00:00Z,"['0.0005', '0.9995']",394281,highest-temperature-in-sao-paulo-on-april-21-2026,Highest temperature in Sao Paulo on April 21?
2019142,Will the highest temperature in Sao Paulo be 33°C or higher on April 21?,Yes,No,54611800606547763826238989673549398854602622773854073737039299192318009527764,108799125380139117516497080771067809494880513498793441520642251411705912533444,0xf42f6e9478585ff891d483ada7ab84714d03522e36c4cfc4de8a74dd40def93c,True,highest-temperature-in-sao-paulo-on-april-21-2026-33corhigher,2565.501733,2026-04-19 04:03:33.610466+00:00,False,True,False,2026-04-21T12:00:00Z,"['0.0005', '0.9995']",394281,highest-temperature-in-sao-paulo-on-april-21-2026,Highest temperature in Sao Paulo on April 21?
2019149,Will the highest temperature in Buenos Aires be 19°C on April 21?,Yes,No,6304677532222838121939725531666466278137860776568858686201807309400458706292,96698428490837851023273812607536453012552744085541309956419717496213179756304,0xa360eafc75cf053aaf67eee412f739d91cef7cdca40c456ac2fe8c8e11f93a66,True,highest-temperature-in-buenos-aires-on-april-21-2026-19c,5913.766066000001,2026-04-19 04:03:37.584253+00:00,False,True,False,2026-04-21T12:00:00Z,"['0.014', '0.986']",394282,highest-temperature-in-buenos-aires-on-april-21-2026,Highest temperature in Buenos Aires on April 21?
2019150,Will the highest temperature in Buenos Aires be 20°C on April 21?,Yes,No,17146265447937131061100115122394578210135156816358438254602809164822399235249,36659004401956381185979909259824019257994252137594592969486325245005193182936,0x02b5b68fdd5e4c9b46f692c1478acc977ea31c245033c6503c98ebb19e712478,True,highest-temperature-in-buenos-aires-on-april-21-2026-20c,3310.9310929999992,2026-04-19 04:03:37.689378+00:00,False,True,False,2026-04-21T12:00:00Z,"['0.129', '0.871']",394282,highest-temperature-in-buenos-aires-on-april-21-2026,Highest temperature in Buenos Aires on April 21?
2019151,Will the highest temperature in Buenos Aires be 21°C on April 21?,Yes,No,37500856627448761024835847545629758297552101683036231957076305891283599996455,36084955690209468462503910594740268773235606951536027691672115646728759725049,0x50757bbef09ec4676ac2e8c0c018598837b063e9b72e3fd834226fdefed278f0,True,highest-temperature-in-buenos-aires-on-april-21-2026-21c,3416.068839000002,2026-04-19 04:03:37.795058+00:00,False,True,False,2026-04-21T12:00:00Z,"['0.35', '0.65']",394282,highest-temperature-in-buenos-aires-on-april-21-2026,Highest temperature in Buenos Aires on April 21?
2019152,Will the highest temperature in Buenos Aires be 22°C on April 21?,Yes,No,55502083436699503424525864119620696187702814070087687034435203249410618398073,24670249402238495288084115405514702668491377028201079604510268692217906017588,0x40f69f7e520e84cbf322567685dc10f11b7725f9c54bf0cb421d3f918383e713,True,highest-temperature-in-buenos-aires-on-april-21-2026-22c,2772.7792860000013,2026-04-19 04:03:37.895284+00:00,False,True,False,2026-04-21T12:00:00Z,"['0.325', '0.675']",394282,highest-temperature-in-buenos-aires-on-april-21-2026,Highest temperature in Buenos Aires on April 21?
2019153,Will the highest temperature in Buenos Aires be 23°C or higher on April 21?,Yes,No,25425350728255700282163187815863845537312276577105998667121708567325602006384,15723091423319982277866490623255796878481593702875274713484783770135647272865,0x07f1e15c130997beda283c270233eb92aba634e4b2b00da1ada83753b5095ba6,True,highest-temperature-in-buenos-aires-on-april-21-2026-23corhigher,5541.656025000001,2026-04-19 04:03:37.997831+00:00,False,True,False,2026-04-21T12:00:00Z,"['0.135', '0.865']",394282,highest-temperature-in-buenos-aires-on-april-21-2026,Highest temperature in Buenos Aires on April 21?
2019160,Will the highest temperature in Seoul be 14°C on April 21?,Yes,No,85895330942999837422471031702723431107581249589607064198224265024582220910176,65756840183947935886488855275788430526915193270594182007811110112751339947559,0x81cddb9f7c7c17e33223a3f3ac277b7cd61c10c047a2ee509f4b5dc64a032644,True,highest-temperature-in-seoul-on-april-21-2026-14c,106103.65799699993,2026-04-19 04:03:43.536151+00:00,False,True,False,2026-04-21T12:00:00Z,"['0.999', '0.001']",394283,highest-temperature-in-seoul-on-april-21-2026,Highest temperature in Seoul on April 21?
2019161,Will the highest temperature in Seoul be 15°C on April 21?,Yes,No,54607536929952421551571926148598524912523061510949489751513325812999918787892,567855073018983973563071909080495731161940445539517342125111979853607853936,0x61b421e10c98d64ca223a41976245beeb69f97c6b5a326948bbdbcabdcf03015,True,highest-temperature-in-seoul-on-april-21-2026-15c,38142.130853,2026-04-19 04:03:43.637016+00:00,False,True,False,2026-04-21T12:00:00Z,"['0.0005', '0.9995']",394283,highest-temperature-in-seoul-on-april-21-2026,Highest temperature in Seoul on April 21?
2019162,Will the highest temperature in Seoul be 16°C on April 21?,Yes,No,55956956881730881326306523653445023122783382083468989842915851706569971275296,101783931645603602621560413023477697609406142095196428710633623193014285920721,0x05189eaed0c13cc5765073906e9fb3ef98165f3ea1bf1c1e298189d46621923c,True,highest-temperature-in-seoul-on-april-21-2026-16c,36307.26376300001,2026-04-19 04:03:43.740035+00:00,False,True,False,2026-04-21T12:00:00Z,"['0.0005', '0.9995']",394283,highest-temperature-in-seoul-on-april-21-2026,Highest temperature in Seoul on April 21?
2019163,Will the highest temperature in Seoul be 17°C on April 21?,Yes,No,84373494489264200472532113984913549365546910866031080424999254704275810011769,41435974679738772138458263561890524275253478408521521754939292660642778643795,0x53eb157c9a61b835104f2f42be59302894d0637c57787ab8aa36a3138c7990ad,True,highest-temperature-in-seoul-on-april-21-2026-17c,45750.10881800001,2026-04-19 04:03:43.843588+00:00,False,True,False,2026-04-21T12:00:00Z,"['0.0005', '0.9995']",394283,highest-temperature-in-seoul-on-april-21-2026,Highest temperature in Seoul on April 21?
2019164,Will the highest temperature in Seoul be 18°C or higher on April 21?,Yes,No,92622619496372769384875470427880342244991045006015456458665121350251485876323,29371940617044714317298070277935480509471602247526256869921247468913944247725,0xe216b76886f3da9f66886fdb2c7ea5bc99f0d02b5e2891c54fc3f28e3701f659,True,highest-temperature-in-seoul-on-april-21-2026-18corhigher,98034.51635000008,2026-04-19 04:03:43.944937+00:00,False,True,False,2026-04-21T12:00:00Z,"['0.0005', '0.9995']",394283,highest-temperature-in-seoul-on-april-21-2026,Highest temperature in Seoul on April 21?
2019165,Will the highest temperature in Toronto be 4°C or below on April 21?,Yes,No,50530084818146694829340808848132449814466029506556164784586644613447478447617,28226526653176275069472207953976794819134292731490771082039484479224867865633,0x57f51027e0315cd229d3ee2dc2b96067f9c27d12bf81bf7e1497b007ee8ae8bc,True,highest-temperature-in-toronto-on-april-21-2026-4corbelow,4423.736444999999,2026-04-19 04:03:47.048551+00:00,False,True,False,2026-04-21T12:00:00Z,"['0.0015', '0.9985']",394284,highest-temperature-in-toronto-on-april-21-2026,Highest temperature in Toronto on April 21?
2019166,Will the highest temperature in Toronto be 5°C on April 21?,Yes,No,50144492088516857764885123647587412472506479660330041432439399016105740952614,64125038581580983871547143062734087643697418054476552280653375999902422892996,0x46cef0ba91b7165308a98b3269d6305386d8cd9fd97058ecfa2a50375bfe261c,True,highest-temperature-in-toronto-on-april-21-2026-5c,4719.426869000004,2026-04-19 04:03:47.150387+00:00,False,True,False,2026-04-21T12:00:00Z,"['0.0005', '0.9995']",394284,highest-temperature-in-toronto-on-april-21-2026,Highest temperature in Toronto on April 21?
2019167,Will the highest temperature in Toronto be 6°C on April 21?,Yes,No,32564089016790760532592305717225093667885501590863959668482437542735517596224,22806360571704293982897300515048631372718611511279361350370519535103731070337,0xad851fa5c78dba58163d494fc941d38b1fca8142208c40dc0f54fd5b9e20f172,True,highest-temperature-in-toronto-on-april-21-2026-6c,5328.746796,2026-04-19 04:03:47.251982+00:00,False,True,False,2026-04-21T12:00:00Z,"['0.0005', '0.9995']",394284,highest-temperature-in-toronto-on-april-21-2026,Highest temperature in Toronto on April 21?
2019168,Will the highest temperature in Toronto be 7°C on April 21?,Yes,No,103542888500201028220302033918126054478831816284992584467371028809474119095230,28617264664668249121172915033905512088665681811949892827294011843065099704955,0x1a307c6541523c3fb97975bf4ed19cd2978339f80588e6caed28c1849a0a32b5,True,highest-temperature-in-toronto-on-april-21-2026-7c,5179.379353000001,2026-04-19 04:03:47.356258+00:00,False,True,False,2026-04-21T12:00:00Z,"['0.0015', '0.9985']",394284,highest-temperature-in-toronto-on-april-21-2026,Highest temperature in Toronto on April 21?
2019169,Will the highest temperature in Toronto be 8°C on April 21?,Yes,No,106402336182951561176128202425611201424255909357705882906057062628015559514846,39931631018413402951111067208845124224696009904822629726972321956403312805704,0xeca01d49d844cc44824b006d75741167e6ff21ae6d31a36db0e301411c3565a6,True,highest-temperature-in-toronto-on-april-21-2026-8c,6663.445008000001,2026-04-19 04:03:47.459431+00:00,False,True,False,2026-04-21T12:00:00Z,"['0.0025', '0.9975']",394284,highest-temperature-in-toronto-on-april-21-2026,Highest temperature in Toronto on April 21?
2019170,Will the highest temperature in Toronto be 9°C on April 21?,Yes,No,86149012475042519071462442132666171453678353822026653169132073146871139075738,61650227121094889801467011202423983660040354571063087053861320549400283397604,0xdde7b5574c625cff8e0a89939fc58ec7c5d25a4b3cc1602915ec12e713f2fc7e,True,highest-temperature-in-toronto-on-april-21-2026-9c,6882.247256999998,2026-04-19 04:03:47.565288+00:00,False,True,False,2026-04-21T12:00:00Z,"['0.0085', '0.9915']",394284,highest-temperature-in-toronto-on-april-21-2026,Highest temperature in Toronto on April 21?
2019171,Will the highest temperature in Toronto be 10°C on April 21?,Yes,No,50078501170265439348525637794225189536776726712748156889756509508800261702742,112144655011706403852347627818867689801592042025094255404928386419794314883005,0x86e44def3692ca75966ca1005975866d843d6c2c99d310252750905fcfb27505,True,highest-temperature-in-toronto-on-april-21-2026-10c,4977.030700999997,2026-04-19 04:03:47.670058+00:00,False,True,False,2026-04-21T12:00:00Z,"['0.0315', '0.9685']",394284,highest-temperature-in-toronto-on-april-21-2026,Highest temperature in Toronto on April 21?
2019172,Will the highest temperature in Toronto be 11°C on April 21?,Yes,No,96591309758621195892595803589386460294860573892034635784693061041223478156257,13057489366961845438940845191304528413629377948580521076571621512686533534390,0x00ab5636a5979fca8d1a112da5e92f9e5c8aad0bc365415d13c2e2f4e78eabd2,True,highest-temperature-in-toronto-on-april-21-2026-11c,4294.947619000002,2026-04-19 04:03:47.771807+00:00,False,True,False,2026-04-21T12:00:00Z,"['0.09', '0.91']",394284,highest-temperature-in-toronto-on-april-21-2026,Highest temperature in Toronto on April 21?
2019173,Will the highest temperature in Toronto be 12°C on April 21?,Yes,No,10609619984827121750388955770374129647893627906962012496253703402121535901823,66812247785332153401900583791208281189337775597720659924395005409275403364167,0xef15a462a16a349656b1b6c24ae44daf0762e253d59c2700fe6ab5e432a71b0f,True,highest-temperature-in-toronto-on-april-21-2026-12c,2977.9868260000003,2026-04-19 04:03:47.875640+00:00,False,True,False,2026-04-21T12:00:00Z,"['0.407', '0.593']",394284,highest-temperature-in-toronto-on-april-21-2026,Highest temperature in Toronto on April 21?
2019174,Will the highest temperature in Toronto be 13°C on April 21?,Yes,No,37988241434248374590981789147332674887647448101137806997157962477815764655237,89807718247238315901923210721164253050385766821571329977846692209778358990878,0x1686d5a45dc15f90a1a2596052dcdba72f1aa262ad7096b784dbc30c9d788392,True,highest-temperature-in-toronto-on-april-21-2026-13c,2816.0629379999987,2026-04-19 04:03:47.976544+00:00,False,True,False,2026-04-21T12:00:00Z,"['0.357', '0.643']",394284,highest-temperature-in-toronto-on-april-21-2026,Highest temperature in Toronto on April 21?
2019175,Will the highest temperature in Toronto be 14°C or higher on April 21?,Yes,No,65579756531255435367072420570389616621475060405909375300799089249702919152030,70638084341123243959417585705777487826589662592709112873300666118878838068822,0x95d6d4d28a86d494e22f4dff9c310b77a420d0dd545d5a922d09d0ec48135ef5,True,highest-temperature-in-toronto-on-april-21-2026-14corhigher,6689.535249000001,2026-04-19 04:03:48.077883+00:00,False,True,False,2026-04-21T12:00:00Z,"['0.135', '0.865']",394284,highest-temperature-in-toronto-on-april-21-2026,Highest temperature in Toronto on April 21?
2019176,Will the highest temperature in Seattle be 55°F or below on April 21?,Yes,No,34296132051819653270996216367021039881321829181716387361636975038045620431542,42437391880081013570540897481492874365464989621487388260351456121107644636683,0x2b9dd26a7e051f8071e421c390aed60eab4422ba7418510c0c66fe5e9fde02b8,True,highest-temperature-in-seattle-on-april-21-2026-55forbelow,8036.231092999998,2026-04-19 04:03:51.107068+00:00,False,True,False,2026-04-21T12:00:00Z,"['0.048', '0.952']",394285,highest-temperature-in-seattle-on-april-21-2026,Highest temperature in Seattle on April 21?
2019177,Will the highest temperature in Seattle be between 56-57°F on April 21?,Yes,No,868531231414137421296244590396245806052177758012132788023321400428574303826,90443667746724009855295791052489771112366776146445506534339472993001204669311,0x02026f0340d7771239e11c78f43c86fa3d0c614cc41f965a91fc8d2d6361fe78,True,highest-temperature-in-seattle-on-april-21-2026-56-57f,7057.970984999992,2026-04-19 04:03:51.209788+00:00,False,True,False,2026-04-21T12:00:00Z,"['0.185', '0.815']",394285,highest-temperature-in-seattle-on-april-21-2026,Highest temperature in Seattle on April 21?
2019178,Will the highest temperature in Seattle be between 58-59°F on April 21?,Yes,No,61476399449902582455137656636422866462645376039849385566657684878816134833300,95045250532891471827646071254650043011822428440926090554632479938992673218419,0x0b3731221506265e45141ffa254a005201512e712d5aa120d2093c2372620836,True,highest-temperature-in-seattle-on-april-21-2026-58-59f,4725.3579009999985,2026-04-19 04:03:52.025222+00:00,False,True,False,2026-04-21T12:00:00Z,"['0.515', '0.485']",394285,highest-temperature-in-seattle-on-april-21-2026,Highest temperature in Seattle on April 21?
2019179,Will the highest temperature in Seattle be between 60-61°F on April 21?,Yes,No,93389493973184292054401411924588443277670623917958577040772913559526890582092,84584418840019010499370180192334641418474293087454441134971509419821377742206,0xf9b90c6fb7631bd995fe11a448284fbba2e9e63a736a5cd5060b6b4baa128b43,True,highest-temperature-in-seattle-on-april-21-2026-60-61f,4194.998965,2026-04-19 04:03:52.143394+00:00,False,True,False,2026-04-21T12:00:00Z,"['0.27', '0.73']",394285,highest-temperature-in-seattle-on-april-21-2026,Highest temperature in Seattle on April 21?
2019180,Will the highest temperature in Seattle be between 62-63°F on April 21?,Yes,No,105900770496373945541359016772288189399451469445831516934463001955112724641465,87281754458716037198948332186735896255239416415923130238042507105619212255585,0xefd0723ad15ddf76a5c88e71eb43444b7b9b7abc7dee25990b86d0f47b86796f,True,highest-temperature-in-seattle-on-april-21-2026-62-63f,8528.783602000001,2026-04-19 04:03:52.246449+00:00,False,True,False,2026-04-21T12:00:00Z,"['0.027', '0.973']",394285,highest-temperature-in-seattle-on-april-21-2026,Highest temperature in Seattle on April 21?
2019181,Will the highest temperature in Seattle be between 64-65°F on April 21?,Yes,No,98852154343846138659609837227817147919921087812005008799195154733949757774325,83499111908233045169271611766486857759740335992848638526558671728170104184825,0x30f86059cf76333633f6a5754ae1a0e8d0f5cfd360da13eb677a931df906152f,True,highest-temperature-in-seattle-on-april-21-2026-64-65f,4225.080977,2026-04-19 04:03:52.349714+00:00,False,True,False,2026-04-21T12:00:00Z,"['0.003', '0.997']",394285,highest-temperature-in-seattle-on-april-21-2026,Highest temperature in Seattle on April 21?
2019182,Will the highest temperature in Seattle be between 66-67°F on April 21?,Yes,No,95370307302173648094066220918945446458273420560129491894099087380242611828473,88976582593820801974513814823554522907366591673833964276272811532352744339743,0x4fe555f99e31ee877b44a595e9c9bde9d14c49a2cc2307fdcbddabdfcc9e74aa,True,highest-temperature-in-seattle-on-april-21-2026-66-67f,2600.4630150000003,2026-04-19 04:03:52.452695+00:00,False,True,False,2026-04-21T12:00:00Z,"['0.0015', '0.9985']",394285,highest-temperature-in-seattle-on-april-21-2026,Highest temperature in Seattle on April 21?
2019183,Will the highest temperature in Seattle be between 68-69°F on April 21?,Yes,No,37533944004721521718313867502465956617606928656982625440888394507525641842393,58411478679335285391227675284878718641629662220222338562303963395849930441533,0x19ca98fc1ea98a4fee3de05f270e7a3c73a9d6e29c9397fee5b7320faf74bca8,True,highest-temperature-in-seattle-on-april-21-2026-68-69f,5586.507222000004,2026-04-19 04:03:52.557989+00:00,False,True,False,2026-04-21T12:00:00Z,"['0.0015', '0.9985']",394285,highest-temperature-in-seattle-on-april-21-2026,Highest temperature in Seattle on April 21?
2019184,Will the highest temperature in Seattle be between 70-71°F on April 21?,Yes,No,73830585235695834132049176440361127814800059625076569621660661789525326644905,89146654264731531881562026753117861588555585104852307967941440184907173091758,0x0cf598bd20e3dfdc5cf7cec69772ac165bd469ce424f71b5dbfc50edd464995c,True,highest-temperature-in-seattle-on-april-21-2026-70-71f,5662.121650000005,2026-04-19 04:03:52.662693+00:00,False,True,False,2026-04-21T12:00:00Z,"['0.0005', '0.9995']",394285,highest-temperature-in-seattle-on-april-21-2026,Highest temperature in Seattle on April 21?
2019185,Will the highest temperature in Seattle be between 72-73°F on April 21?,Yes,No,65375977978997639934492794099037947207671540573205175380639527695704109724325,93861143246456119680191049646445872489639488932170318450297361636579933292207,0xf29c921717a9cbc924cdbe26da0b816de5741da2a6a3f89ca9c195b021c04ee4,True,highest-temperature-in-seattle-on-april-21-2026-72-73f,11131.507741000005,2026-04-19 04:03:52.766813+00:00,False,True,False,2026-04-21T12:00:00Z,"['0.0005', '0.9995']",394285,highest-temperature-in-seattle-on-april-21-2026,Highest temperature in Seattle on April 21?
2019186,Will the highest temperature in Seattle be 74°F or higher on April 21?,Yes,No,47867061564212358088132143443706634714219306939241106435809925052288286507538,8023077852048532807657862806629508442004259324961171527802058125025107568355,0x70fc940e9e5eaeb6e86fe2dde61d88cd9a013fbdcd55bfec486c2a73a31fce58,True,highest-temperature-in-seattle-on-april-21-2026-74forhigher,2539.2783180000006,2026-04-19 04:03:52.872191+00:00,False,True,False,2026-04-21T12:00:00Z,"['0.0005', '0.9995']",394285,highest-temperature-in-seattle-on-april-21-2026,Highest temperature in Seattle on April 21?
2019187,Will the highest temperature in New York City be 45°F or below on April 21?,Yes,No,24331714308495260534915406477705204905437892574124360855160989701414793551568,76898357591143537504102776181953359807603166114023466857075072210881575813915,0xc40c594af30d79ae5a8c91e3627917fcfbfd2a2d765239e0903bd5452058b129,True,highest-temperature-in-nyc-on-april-21-2026-45forbelow,10796.249032999996,2026-04-19 04:03:56.506865+00:00,False,True,False,2026-04-21T12:00:00Z,"['0.0055', '0.9945']",394286,highest-temperature-in-nyc-on-april-21-2026,Highest temperature in NYC on April 21?
2019188,Will the highest temperature in New York City be between 46-47°F on April 21?,Yes,No,99166463533765482163652654286577603313458946749724175600831442944459482234689,64406872758493541572587065387785453672733232380548955009642659520536768599426,0x684f81e847aa688a517f60c6fa2efc195f6a934d57e7ffe602823eb71349db81,True,highest-temperature-in-nyc-on-april-21-2026-46-47f,10077.967930000006,2026-04-19 04:03:56.611852+00:00,False,True,False,2026-04-21T12:00:00Z,"['0.0305', '0.9695']",394286,highest-temperature-in-nyc-on-april-21-2026,Highest temperature in NYC on April 21?
2019189,Will the highest temperature in New York City be between 48-49°F on April 21?,Yes,No,103020539696763312489395974948078076961823066140622067376343708271983217018379,33779907038620148993338940436993094668928378113385550724869100738313670429111,0xf0d1f23c275d6f503c1f6de66cc621f3f7d0f925576f3dd0080405f23def4d95,True,highest-temperature-in-nyc-on-april-21-2026-48-49f,6983.864228999996,2026-04-19 04:03:56.713685+00:00,False,True,False,2026-04-21T12:00:00Z,"['0.14', '0.86']",394286,highest-temperature-in-nyc-on-april-21-2026,Highest temperature in NYC on April 21?
2019190,Will the highest temperature in New York City be between 50-51°F on April 21?,Yes,No,99973653088354128558566239612166678518555762052914450820392225851979712242074,112058730788379615562911799123832641751099214048728409208380938812956271356511,0xfefed93016b3738356e6f548b88bb5b27cc51130bfa2ac94674afc028195ae4e,True,highest-temperature-in-nyc-on-april-21-2026-50-51f,6460.207752000007,2026-04-19 04:03:56.814953+00:00,False,True,False,2026-04-21T12:00:00Z,"['0.47', '0.53']",394286,highest-temperature-in-nyc-on-april-21-2026,Highest temperature in NYC on April 21?
2019191,Will the highest temperature in New York City be between 52-53°F on April 21?,Yes,No,53731380361372945764312746036444889192828713016457678949942235491670741321882,14262668465371961796169210510846044377502172520172403025529375703742541103599,0xf19ea2e564198628da152ada3049e15f4b5e5f531ec396c7c5702a732e373f74,True,highest-temperature-in-nyc-on-april-21-2026-52-53f,5158.019683999998,2026-04-19 04:03:56.916115+00:00,False,True,False,2026-04-21T12:00:00Z,"['0.295', '0.705']",394286,highest-temperature-in-nyc-on-april-21-2026,Highest temperature in NYC on April 21?
2019192,Will the highest temperature in New York City be between 54-55°F on April 21?,Yes,No,42656371513672593652160437585846297772839292634512419293728172080344658367027,102740356681488263557854178398103380965834958127998935631595212541924940426449,0xaacea38db896508fa91bedccd4571c8ffe1f1bb1899b283919f1a8300773a2e9,True,highest-temperature-in-nyc-on-april-21-2026-54-55f,8856.932563000006,2026-04-19 04:03:57.017542+00:00,False,True,False,2026-04-21T12:00:00Z,"['0.0915', '0.9085']",394286,highest-temperature-in-nyc-on-april-21-2026,Highest temperature in NYC on April 21?
2019193,Will the highest temperature in New York City be between 56-57°F on April 21?,Yes,No,105962015089420714603515051606398974914431251485505421010971709870676855719981,113605457316069881729146633806133597015759322262132462804992216093879478176344,0xdc4930f1e5103843b8623e1f6e87aa7398c01916871bb30db560bb7b7707de64,True,highest-temperature-in-nyc-on-april-21-2026-56-57f,5930.560898999999,2026-04-19 04:03:57.118336+00:00,False,True,False,2026-04-21T12:00:00Z,"['0.019', '0.981']",394286,highest-temperature-in-nyc-on-april-21-2026,Highest temperature in NYC on April 21?
2019194,Will the highest temperature in New York City be between 58-59°F on April 21?,Yes,No,112701352415166666182327564480048579855949470345115089643982563543452068370680,45494093743622030160605510599355098400883557959473411358226757002120060947995,0xb2d8faf51d521d0c5406c8d6de846647547611fe07ef358c60a6ad283e897f24,True,highest-temperature-in-nyc-on-april-21-2026-58-59f,4445.736572999998,2026-04-19 04:03:57.219071+00:00,False,True,False,2026-04-21T12:00:00Z,"['0.0025', '0.9975']",394286,highest-temperature-in-nyc-on-april-21-2026,Highest temperature in NYC on April 21?
2019195,Will the highest temperature in New York City be between 60-61°F on April 21?,Yes,No,114773192940710818261849726060991352521040711438142899622639943625514540843673,86555387022565257453193393397297063581703564848084413609523950883745457157896,0xaef5908968fc107c4a834cc362a491b0dc0d71d5d15cfd1afdc75451631e5788,True,highest-temperature-in-nyc-on-april-21-2026-60-61f,6888.484109999997,2026-04-19 04:03:57.320420+00:00,False,True,False,2026-04-21T12:00:00Z,"['0.0035', '0.9965']",394286,highest-temperature-in-nyc-on-april-21-2026,Highest temperature in NYC on April 21?
2019196,Will the highest temperature in New York City be between 62-63°F on April 21?,Yes,No,104344939697054541878047614412055232601966916240770207964525853957717416324424,100571172092884903897109913778451122216855082213314726208538764838698817435700,0x1bc95c93cf6a3b1a53ae2033ff46f1bcd19939208b9b5608808193aff9a42b7f,True,highest-temperature-in-nyc-on-april-21-2026-62-63f,9656.204123000001,2026-04-19 04:03:57.425230+00:00,False,True,False,2026-04-21T12:00:00Z,"['0.0015', '0.9985']",394286,highest-temperature-in-nyc-on-april-21-2026,Highest temperature in NYC on April 21?
2019197,Will the highest temperature in New York City be 64°F or higher on April 21?,Yes,No,31365484546530629534393921250377678401904694291465611580608415681546221287951,25239428590915882198690330214084455961966548978779837695792160890647142943533,0x181e371e99fbb8ab7b6c7e2f1ea7fccd9b7cdba0b715c68bf5e38d7c303121a0,True,highest-temperature-in-nyc-on-april-21-2026-64forhigher,6781.809452999999,2026-04-19 04:03:57.529093+00:00,False,True,False,2026-04-21T12:00:00Z,"['0.0005', '0.9995']",394286,highest-temperature-in-nyc-on-april-21-2026,Highest temperature in NYC on April 21?
2019207,Will the highest temperature in Dallas be between 62-63°F on April 21?,Yes,No,52331441400722296066592279098964959100636846003036887176591251961804310068441,89484501920246146794384080483341845818661662055774153374254980457539632725798,0x7535ca066d1e6b7559e6637ea49335c62c3aab762e5c99235626bdfe069aaaf8,True,highest-temperature-in-dallas-on-april-21-2026-62-63f,9605.697217000004,2026-04-19 04:04:01.856142+00:00,False,True,False,2026-04-21T12:00:00Z,"['0.7125', '0.2875']",394287,highest-temperature-in-dallas-on-april-21-2026,Highest temperature in Dallas on April 21?
2019208,Will the highest temperature in Dallas be 64°F or higher on April 21?,Yes,No,106208110644916463689695824018305181858030448194359249915896329767352800338991,55759950395029608974005200513740568420370596776259713376314123612001398155026,0x5a8eb14739d310509ff2edea4f35a08d7341120a7f73fb89df064125218c3a3c,True,highest-temperature-in-dallas-on-april-21-2026-64forhigher,10018.563479000006,2026-04-19 04:04:01.958978+00:00,False,True,False,2026-04-21T12:00:00Z,"['0.275', '0.725']",394287,highest-temperature-in-dallas-on-april-21-2026,Highest temperature in Dallas on April 21?
2019209,Will the highest temperature in Atlanta be 71°F or below on April 21?,Yes,No,93074858543491438976452142965342215476783960185585077960650560927433024750931,106360140212271767007437776182647864477179028816382099448224702984414722101675,0xa1a1e7f2e3feee41af7d71f058699c44990344450513207d2ead14c0d885e99b,True,highest-temperature-in-atlanta-on-april-21-2026-71forbelow,8500.944243,2026-04-19 04:04:06.443258+00:00,False,True,False,2026-04-21T12:00:00Z,"['0.0005', '0.9995']",394288,highest-temperature-in-atlanta-on-april-21-2026,Highest temperature in Atlanta on April 21?
2019210,Will the highest temperature in Atlanta be between 72-73°F on April 21?,Yes,No,87502072060165640412133540462659127575530289960499667558279067579477604265120,71416711713266750172875607823466792774885374204516617868786711535731843630871,0x2b09944bdbce1f309e17071b790e585d983c435d7acef86ad8225ca1e6cc0835,True,highest-temperature-in-atlanta-on-april-21-2026-72-73f,7948.822805,2026-04-19 04:04:06.590648+00:00,False,True,False,2026-04-21T12:00:00Z,"['0.0005', '0.9995']",394288,highest-temperature-in-atlanta-on-april-21-2026,Highest temperature in Atlanta on April 21?
2019211,Will the highest temperature in Atlanta be between 74-75°F on April 21?,Yes,No,2003449793784547465898826049166638785912398046385422007214674691025646608484,26668316053176831273782308222712763564089348903885517629160779732412587539393,0xd3daf1aba99dfd8d0dcc30af2d46b8fcf587234056bee962451a2d95ebc6db34,True,highest-temperature-in-atlanta-on-april-21-2026-74-75f,4419.874852999999,2026-04-19 04:04:06.749903+00:00,False,True,False,2026-04-21T12:00:00Z,"['0.008', '0.992']",394288,highest-temperature-in-atlanta-on-april-21-2026,Highest temperature in Atlanta on April 21?
2019212,Will the highest temperature in Atlanta be between 76-77°F on April 21?,Yes,No,65521741045508718319707927958786704043055616275696566225310905828293335214750,76217951223371982054527964731454428620193830566885283158514083284738007146476,0xfe9f7eeb28a1ff7f5815df638361b69b00a123d1c639dcd8c080c36a9c17f176,True,highest-temperature-in-atlanta-on-april-21-2026-76-77f,3856.220639999999,2026-04-19 04:04:06.904279+00:00,False,True,False,2026-04-21T12:00:00Z,"['0.055', '0.945']",394288,highest-temperature-in-atlanta-on-april-21-2026,Highest temperature in Atlanta on April 21?
2019213,Will the highest temperature in Atlanta be between 78-79°F on April 21?,Yes,No,8998491314688185824529766686859315483619502666482586950767251568799771320088,38228284129961649478436519370752106135810398890156520915801068918946263611170,0x562230c9e0135e9250cef88b8359318b773c1e1a36429d12eb667cfc4747abd9,True,highest-temperature-in-atlanta-on-april-21-2026-78-79f,4421.108592000002,2026-04-19 04:04:07.051477+00:00,False,True,False,2026-04-21T12:00:00Z,"['0.44', '0.56']",394288,highest-temperature-in-atlanta-on-april-21-2026,Highest temperature in Atlanta on April 21?
2019214,Will the highest temperature in Atlanta be between 80-81°F on April 21?,Yes,No,4065566968594876217056818989748744255531357650860098466218311626640664913256,43592834267241789477305334732787307148203911532289288097990687542911022751695,0x5f446ef19167168aeaac99457283b30f1cc6e10b28f93a597bf2cbac09acf4a3,True,highest-temperature-in-atlanta-on-april-21-2026-80-81f,4020.2670739999994,2026-04-19 04:04:07.195534+00:00,False,True,False,2026-04-21T12:00:00Z,"['0.485', '0.515']",394288,highest-temperature-in-atlanta-on-april-21-2026,Highest temperature in Atlanta on April 21?
2019215,Will the highest temperature in Atlanta be between 82-83°F on April 21?,Yes,No,60437319048872058243985081144530097702472583337714434760927795593811965494164,15687117363278345105687633764495944028693298443460997831496901020924646743085,0x454440f16210679a6c6c68da59d623788a2aac588a0a315dbfa773402d2859ec,True,highest-temperature-in-atlanta-on-april-21-2026-82-83f,5850.4350490000015,2026-04-19 04:04:07.342872+00:00,False,True,False,2026-04-21T12:00:00Z,"['0.0465', '0.9535']",394288,highest-temperature-in-atlanta-on-april-21-2026,Highest temperature in Atlanta on April 21?
2019216,Will the highest temperature in Atlanta be between 84-85°F on April 21?,Yes,No,112099207607435259742586860557712306038470018825176113937027678869434052644287,33197007773487548114221170146930750744800202020973896496586140961144564311363,0xe05da9bfb402684341bd78244202e48ce8c6b901978a3088a068a1b1debd4366,True,highest-temperature-in-atlanta-on-april-21-2026-84-85f,3354.9175529999998,2026-04-19 04:04:07.490018+00:00,False,True,False,2026-04-21T12:00:00Z,"['0.013', '0.987']",394288,highest-temperature-in-atlanta-on-april-21-2026,Highest temperature in Atlanta on April 21?
2019217,Will the highest temperature in Atlanta be between 86-87°F on April 21?,Yes,No,106117508335255530965100378560576699115567989351841640004368366627370008074263,112634548758453084007813796119046225399166529189034429336613595853623101946340,0x1eea568b5498e4e37b7dddf0702637106b66fcf810628a4e574349d5d77ac517,True,highest-temperature-in-atlanta-on-april-21-2026-86-87f,2411.512775,2026-04-19 04:04:07.637319+00:00,False,True,False,2026-04-21T12:00:00Z,"['0.003', '0.997']",394288,highest-temperature-in-atlanta-on-april-21-2026,Highest temperature in Atlanta on April 21?
2019218,Will the highest temperature in Atlanta be between 88-89°F on April 21?,Yes,No,36282944487687339685479207552519287097669279455985529134902970320817657650048,77022429448141406198601921049358213485439433065030683852624876493721630729131,0x485d7b954b323f30b032473e7541e9297f9d376895b40cc08591ad316951c73e,True,highest-temperature-in-atlanta-on-april-21-2026-88-89f,2669.4470420000002,2026-04-19 04:04:07.799225+00:00,False,True,False,2026-04-21T12:00:00Z,"['0.0005', '0.9995']",394288,highest-temperature-in-atlanta-on-april-21-2026,Highest temperature in Atlanta on April 21?
2019219,Will the highest temperature in Atlanta be 90°F or higher on April 21?,Yes,No,52689136168255344058097042629901079196450267886970876331512417628884471640905,67394221719041454238960496128596059152487914300355705936438867816044851296256,0x929afd1ecccaa7bf0e799d29cf6a63ad87f16dea718abed1c14179ba55e1a6ba,True,highest-temperature-in-atlanta-on-april-21-2026-90forhigher,5069.562029999999,2026-04-19 04:04:07.953743+00:00,False,True,False,2026-04-21T12:00:00Z,"['0.0005', '0.9995']",394288,highest-temperature-in-atlanta-on-april-21-2026,Highest temperature in Atlanta on April 21?
2019223,Will the highest temperature in Miami be between 74-75°F on April 21?,Yes,No,36124271471733264322536564673861675639300494296713637313761949811027302373718,14674179274622091593016826410550806440716444962240800064276581234480779273139,0xe6539b2fc56fb2f0c2012d2202430c5aeba888c7739e1034832fe8467f273f10,True,highest-temperature-in-miami-on-april-21-2026-74-75f,12649.027666000002,2026-04-19 04:04:12.182293+00:00,False,True,False,2026-04-21T12:00:00Z,"['0.0005', '0.9995']",394289,highest-temperature-in-miami-on-april-21-2026,Highest temperature in Miami on April 21?
2019224,Will the highest temperature in Miami be between 76-77°F on April 21?,Yes,No,86768479501412731102570131272121484305638368217359962481795242895302537591276,46657580486948752931510884267849144408616279952512703096356460330517913092660,0x49a6dbfb6f1b603fbf06d6fb6a6132fb4a2875981377e70177420eff00768aa1,True,highest-temperature-in-miami-on-april-21-2026-76-77f,8333.029038999997,2026-04-19 04:04:12.284561+00:00,False,True,False,2026-04-21T12:00:00Z,"['0.09', '0.91']",394289,highest-temperature-in-miami-on-april-21-2026,Highest temperature in Miami on April 21?
2019225,Will the highest temperature in Miami be between 78-79°F on April 21?,Yes,No,114552233225532380685439574905057464541965325523203432374073883643129862765,29153936200242884772373596518283931415602497739420941723638553634907184648003,0xc74c6b87a8e4c67cfe812973d51311312cd56372a9c149294776509e2b12eb26,True,highest-temperature-in-miami-on-april-21-2026-78-79f,5247.560494000001,2026-04-19 04:04:12.386569+00:00,False,True,False,2026-04-21T12:00:00Z,"['0.465', '0.535']",394289,highest-temperature-in-miami-on-april-21-2026,Highest temperature in Miami on April 21?
2019226,Will the highest temperature in Miami be between 80-81°F on April 21?,Yes,No,100836980158981730051157758799462166828544992690081391322448144062819648245608,44837063883016377949857131594396719006974263521191453502218000407505486418945,0xc9f9129da5c95792e512bd60380ecaca03354bccee44aac40c37e947967bbc3f,True,highest-temperature-in-miami-on-april-21-2026-80-81f,2989.768025999999,2026-04-19 04:04:12.490795+00:00,False,True,False,2026-04-21T12:00:00Z,"['0.43', '0.57']",394289,highest-temperature-in-miami-on-april-21-2026,Highest temperature in Miami on April 21?
2019227,Will the highest temperature in Miami be between 82-83°F on April 21?,Yes,No,12040552053964128294377170830978524290920501279717011875726888890468183599172,14627735344061514713444409533005942127896244279282100237088089736371906005067,0x004aa497cfe7434855f65aae1532ca2ebfdc88b3ec21f6923cbe785b5b66c0b4,True,highest-temperature-in-miami-on-april-21-2026-82-83f,3964.3210380000005,2026-04-19 04:04:12.593906+00:00,False,True,False,2026-04-21T12:00:00Z,"['0.05', '0.95']",394289,highest-temperature-in-miami-on-april-21-2026,Highest temperature in Miami on April 21?
2019228,Will the highest temperature in Miami be between 84-85°F on April 21?,Yes,No,35207089766042377761358686555185682222748870018977601874555863837309815265586,91076058488029306302967745977967923699862639624198861514866106584288861170538,0x48842c9ce37d9a2ab8f55fca8e48b7c24ed9c46a28e109aff3ff29c8c5a0bb21,True,highest-temperature-in-miami-on-april-21-2026-84-85f,4357.956953000002,2026-04-19 04:04:12.696697+00:00,False,True,False,2026-04-21T12:00:00Z,"['0.012', '0.988']",394289,highest-temperature-in-miami-on-april-21-2026,Highest temperature in Miami on April 21?
2019229,Will the highest temperature in Miami be between 86-87°F on April 21?,Yes,No,40591246310394480423269061880779286372041609091458083161917439045750507256570,34697651835745214520474139806571444239880000901568869169946736125606965245134,0x3e5b7f1d968852fea8ea88f2c90d8225d4a0b1a3fa74751a4a7dd6d111737e5a,True,highest-temperature-in-miami-on-april-21-2026-86-87f,3893.139646000002,2026-04-19 04:04:12.798739+00:00,False,True,False,2026-04-21T12:00:00Z,"['0.0035', '0.9965']",394289,highest-temperature-in-miami-on-april-21-2026,Highest temperature in Miami on April 21?
2019230,Will the highest temperature in Miami be 88°F or higher on April 21?,Yes,No,15731987662141901811755583624266626251248647375199531740332513380477879451236,61216974598740806124660774397114849837632643506002415325215029840437461081364,0x0d1650975b4988286baa8d004accfa9f307715f50c62d7568ba08c3659524b7e,True,highest-temperature-in-miami-on-april-21-2026-88forhigher,4782.845801,2026-04-19 04:04:12.901534+00:00,False,True,False,2026-04-21T12:00:00Z,"['0.0005', '0.9995']",394289,highest-temperature-in-miami-on-april-21-2026,Highest temperature in Miami on April 21?
2019239,Will the highest temperature in Chicago be between 50-51°F on April 21?,Yes,No,98334571713381818767212611124827915851124390216896221702656129540980279769459,89793714770478615267987204162339624256479293041040805605097402443719145013836,0xfb5f4efaaf727e0023485ddef74a70548a7aaa82847d99fb3733cc7133e6e178,True,highest-temperature-in-chicago-on-april-21-2026-50-51f,13852.417067000006,2026-04-19 04:04:17.337976+00:00,False,True,False,2026-04-21T12:00:00Z,"['0.0005', '0.9995']",394290,highest-temperature-in-chicago-on-april-21-2026,Highest temperature in Chicago on April 21?
2019240,Will the highest temperature in Chicago be between 52-53°F on April 21?,Yes,No,31245272250634076250242951842350808977636249799728773927243955771193096162085,25929193825413217611555444760413904432518590967955230008706154790384208460306,0x46d411d7a581cb9175ea0c64cbd8be771b37d4702736949812dd6d5af377a9f6,True,highest-temperature-in-chicago-on-april-21-2026-52-53f,18983.01201500001,2026-04-19 04:04:17.441372+00:00,False,True,False,2026-04-21T12:00:00Z,"['0.0005', '0.9995']",394290,highest-temperature-in-chicago-on-april-21-2026,Highest temperature in Chicago on April 21?
2019241,Will the highest temperature in Chicago be 54°F or higher on April 21?,Yes,No,72867927322133004823998078723085942817978818369233403552378659979016777192831,25370024457643363683638496581568295708847296959075005861468692557260038824219,0x559dc764d76e2dbbf5e0fb79345e384f2feabe15ce04c6d3cfca1878e2b5e988,True,highest-temperature-in-chicago-on-april-21-2026-54forhigher,41242.823040000025,2026-04-19 04:04:17.543142+00:00,False,True,False,2026-04-21T12:00:00Z,"['0.9995', '0.0005']",394290,highest-temperature-in-chicago-on-april-21-2026,Highest temperature in Chicago on April 21?
2019246,Will the highest temperature in Ankara be 15°C on April 21?,Yes,No,98313614120608931202982661022546772874170735292089802311720042139644720138486,69086770010023720439480950678866948008442838916638921865748702575364230496443,0x4e31b0b0b39b15de2cc099035d0af02c6cd70d3976693e14135be0d2efa07f07,True,highest-temperature-in-ankara-on-april-21-2026-15c,10491.432110999995,2026-04-19 04:04:21.317359+00:00,False,True,False,2026-04-21T12:00:00Z,"['0.0005', '0.9995']",394291,highest-temperature-in-ankara-on-april-21-2026,Highest temperature in Ankara on April 21?
2019247,Will the highest temperature in Ankara be 16°C on April 21?,Yes,No,86255206638554789878635466796845916010612567079776961706158019105029705678514,31358900598018329448930467540830286528426399937118920064606780398779871982677,0x2b66ff5eaa88c1b7f55df0d42bb42ad09342342a860d1646eb2acfec6e284567,True,highest-temperature-in-ankara-on-april-21-2026-16c,13982.471467999994,2026-04-19 04:04:21.422501+00:00,False,True,False,2026-04-21T12:00:00Z,"['0.0005', '0.9995']",394291,highest-temperature-in-ankara-on-april-21-2026,Highest temperature in Ankara on April 21?
2019248,Will the highest temperature in Ankara be 17°C on April 21?,Yes,No,67652522036333054034368914499367634812694042336700814093407351183627666059060,106489034203542718067479302433994537318861740650492692653245288255607182305205,0x17a5417448eb2c394d6cb599ceb78ca337d70f9bd53abd2840b0e5f22d51d9db,True,highest-temperature-in-ankara-on-april-21-2026-17c,6978.6570859999965,2026-04-19 04:04:21.523847+00:00,False,True,False,2026-04-21T12:00:00Z,"['0.765', '0.235']",394291,highest-temperature-in-ankara-on-april-21-2026,Highest temperature in Ankara on April 21?
2019249,Will the highest temperature in Ankara be 18°C on April 21?,Yes,No,71587519639735191198048012839537008230746372881436188280606360512425556071910,57934646602595787534469220688082274802269381434050274570262369427175013906573,0xd45518f52622c64c0eeccfe3e01a4fb6dda2422afd5a91d1d4ca6babf5e7e003,True,highest-temperature-in-ankara-on-april-21-2026-18c,9663.567082000007,2026-04-19 04:04:21.628447+00:00,False,True,False,2026-04-21T12:00:00Z,"['0.2345', '0.7655']",394291,highest-temperature-in-ankara-on-april-21-2026,Highest temperature in Ankara on April 21?
2019250,Will the highest temperature in Ankara be 19°C on April 21?,Yes,No,3582881999568543349582464778305046325792211424695701314093545619112907299,70470897278490565275132728596080246305285508568310630870105542174574184506490,0x289de22ea8622ecf6f47587de4051403a37b8bcfd45d5daaa172eb571af8df98,True,highest-temperature-in-ankara-on-april-21-2026-19c,6044.202335999999,2026-04-19 04:04:21.754246+00:00,False,True,False,2026-04-21T12:00:00Z,"['0.021', '0.979']",394291,highest-temperature-in-ankara-on-april-21-2026,Highest temperature in Ankara on April 21?
2019251,Will the highest temperature in Ankara be 20°C on April 21?,Yes,No,31111945286775434725760245101928327522861550371095293431877214723917937928090,59463387959966085447360851090145086905162245695127523205567517989419607373889,0x7692eef0c56b176927ae3c8a148a254ca3650a86e60343d82c496b10a4cd1059,True,highest-temperature-in-ankara-on-april-21-2026-20c,2114.561974,2026-04-19 04:04:21.860786+00:00,False,True,False,2026-04-21T12:00:00Z,"['0.002', '0.998']",394291,highest-temperature-in-ankara-on-april-21-2026,Highest temperature in Ankara on April 21?
2019252,Will the highest temperature in Ankara be 21°C or higher on April 21?,Yes,No,43930757776235885121854757609267410522476089286671245653753006027399082967678,50276826231940003548623993030747531757894313419772560469069574394399998753332,0x5198cf0d5ef8798b77cf6fb98a9cda1dedee4645da2ab8b3db58835863918276,True,highest-temperature-in-ankara-on-april-21-2026-21corhigher,3386.7165259999997,2026-04-19 04:04:21.961768+00:00,False,True,False,2026-04-21T12:00:00Z,"['0.0005', '0.9995']",394291,highest-temperature-in-ankara-on-april-21-2026,Highest temperature in Ankara on April 21?
2019260,Will the highest temperature in Wellington be 12°C on April 21?,Yes,No,62193974439038945124355867611098562214678701395355155146401929232380405844364,85129731825048528689786826342342110813393887113768588356813527555830460881589,0x799e1a923170a64cd1e18ebda90fc0af23c6e0b561aa8bd6b0de3037d52ab7ec,True,highest-temperature-in-wellington-on-april-21-2026-12c,27362.222684000004,2026-04-19 04:04:26.403632+00:00,False,True,False,2026-04-21T12:00:00Z,"['0.9995', '0.0005']",394292,highest-temperature-in-wellington-on-april-21-2026,Highest temperature in Wellington on April 21?
2019261,Will the highest temperature in Wellington be 13°C on April 21?,Yes,No,8048385543599835834622326817478589514215029401599939222325034827908635155620,100864604674072821430653347732244039843700388533886968776335195773108697203880,0x27314d5b4e6e7fb60bfae0ee33e1a01cb9897222b5ce4ad6a679263030d6ba79,True,highest-temperature-in-wellington-on-april-21-2026-13c,27920.617248000006,2026-04-19 04:04:26.508021+00:00,False,True,False,2026-04-21T12:00:00Z,"['0.0005', '0.9995']",394292,highest-temperature-in-wellington-on-april-21-2026,Highest temperature in Wellington on April 21?
2019262,Will the highest temperature in Wellington be 14°C on April 21?,Yes,No,34966887278841587010717619494709041993417206022296976907744258246853745864173,21194227273606352878409398926187666275317940344065743690039015520161024563761,0x9942d5b6238dc2df24747754f3431aaed97e50e667ac95be708d11b86488a129,True,highest-temperature-in-wellington-on-april-21-2026-14c,12836.832127000001,2026-04-19 04:04:26.610027+00:00,False,True,False,2026-04-21T12:00:00Z,"['0.0005', '0.9995']",394292,highest-temperature-in-wellington-on-april-21-2026,Highest temperature in Wellington on April 21?
2019263,Will the highest temperature in Wellington be 15°C or higher on April 21?,Yes,No,98726462009081355729244758869465301043730470863749112949851285875900742629613,13173260507676322398831635158529834711940217622964781143318789175806462360208,0x39f7e5490754f04e221629354dd15ed3a9e3a810599c7cd7903c843247cdd74d,True,highest-temperature-in-wellington-on-april-21-2026-15corhigher,19150.53148499999,2026-04-19 04:04:26.711447+00:00,False,True,False,2026-04-21T12:00:00Z,"['0.0005', '0.9995']",394292,highest-temperature-in-wellington-on-april-21-2026,Highest temperature in Wellington on April 21?
2019267,Will the highest temperature in Lucknow be 41°C on April 21?,Yes,No,52684320866895048064636934249512366384762798422817578953442519382161452834121,101503282722507017033713166656862191617157783522299728300762231790214202031818,0x91fb3bc8d466a7b8989c7a4147e35cea0a898de24abbcd09a0d37f5288ec4628,True,highest-temperature-in-lucknow-on-april-21-2026-41c,14629.829876,2026-04-19 04:04:30.091273+00:00,False,True,False,2026-04-21T12:00:00Z,"['0.9985', '0.0015']",394293,highest-temperature-in-lucknow-on-april-21-2026,Highest temperature in Lucknow on April 21?
2019268,Will the highest temperature in Lucknow be 42°C on April 21?,Yes,No,103182800993211767008838281815925018917907612478161528523936002274630263803827,115673258518091129158814225287083467788321044693180832109095619760086233047931,0xb87e17dc4a53675894c2d7e72ca2210bf07df83a6cb4eed657af4db42a4872ee,True,highest-temperature-in-lucknow-on-april-21-2026-42c,9269.812376999995,2026-04-19 04:04:30.196774+00:00,False,True,False,2026-04-21T12:00:00Z,"['0.0005', '0.9995']",394293,highest-temperature-in-lucknow-on-april-21-2026,Highest temperature in Lucknow on April 21?
2019269,Will the highest temperature in Lucknow be 43°C on April 21?,Yes,No,105248372634544631878408539536964960621847531668966053703404599525831591066594,105448945417028500808177044104606552810738097243108349220591455171496282577429,0xb7f367c4cfe3dcd2ca5114503f934d0dd02b29e1bd7a67aa962b3317d6e8a365,True,highest-temperature-in-lucknow-on-april-21-2026-43c,6610.482981000001,2026-04-19 04:04:30.299853+00:00,False,True,False,2026-04-21T12:00:00Z,"['0.0005', '0.9995']",394293,highest-temperature-in-lucknow-on-april-21-2026,Highest temperature in Lucknow on April 21?
2019270,Will the highest temperature in Lucknow be 44°C on April 21?,Yes,No,45449471400126062301913428304452257738283097212347588367314679892656320237503,6430949572641308288823932436832080332082509121959079695557032787580992956948,0x31a47d7abe6d5c51bda1512cd69fbd85a0ebea68a5187bfe94d1a92782361689,True,highest-temperature-in-lucknow-on-april-21-2026-44c,3534.928939000001,2026-04-19 04:04:32.122010+00:00,False,True,False,2026-04-21T12:00:00Z,"['0.0005', '0.9995']",394293,highest-temperature-in-lucknow-on-april-21-2026,Highest temperature in Lucknow on April 21?
2019271,Will the highest temperature in Lucknow be 45°C on April 21?,Yes,No,5766563154925539022763460356034232781185647823495688813665554348150199572291,67462612952999318336605965551600387796403140651635215364802511097419366280393,0xf1c270046e60b7ce097916ffbbd217f627af7ef4096fabb673d624092b6fd684,True,highest-temperature-in-lucknow-on-april-21-2026-45c,1894.5131999999999,2026-04-19 04:04:32.224562+00:00,False,True,False,2026-04-21T12:00:00Z,"['0.0005', '0.9995']",394293,highest-temperature-in-lucknow-on-april-21-2026,Highest temperature in Lucknow on April 21?
2019272,Will the highest temperature in Lucknow be 46°C on April 21?,Yes,No,32008892820059187480489936382382788322107206688465658037216061681004211568062,61250321732796836136430231347102196743873029179425702645463800556625911177290,0x5574236f49bb9f55dc040a908fd1c34e2655d624800c5cecbfff4989d9b18aa1,True,highest-temperature-in-lucknow-on-april-21-2026-46c,8923.971292999999,2026-04-19 04:04:32.327430+00:00,False,True,False,2026-04-21T12:00:00Z,"['0.0005', '0.9995']",394293,highest-temperature-in-lucknow-on-april-21-2026,Highest temperature in Lucknow on April 21?
2019273,Will the highest temperature in Lucknow be 47°C on April 21?,Yes,No,37516029711271327194733024184448401848207678941120102553330388571389883921329,46162783656855855056735433975663603447130808734061271651815717097842597536062,0xedf14fd0bfc09f96c94f6ba88b9e982f173c1e378e8b0ae1afdd54c2025e57fa,True,highest-temperature-in-lucknow-on-april-21-2026-47c,2019.4221739999998,2026-04-19 04:04:32.438313+00:00,False,True,False,2026-04-21T12:00:00Z,"['0.0005', '0.9995']",394293,highest-temperature-in-lucknow-on-april-21-2026,Highest temperature in Lucknow on April 21?
2019274,Will the highest temperature in Lucknow be 48°C or higher on April 21?,Yes,No,18241600554259738587966712348410298605631154727945744124419811468829401334819,112812464030980086911640691734532648158927611993159338176457561845926877031601,0xf6f2946535862337e391ef3c26e677c754c6836b0c2d3173d219ec0620cff571,True,highest-temperature-in-lucknow-on-april-21-2026-48corhigher,1606.0528409999997,2026-04-19 04:04:32.542692+00:00,False,True,False,2026-04-21T12:00:00Z,"['0.0005', '0.9995']",394293,highest-temperature-in-lucknow-on-april-21-2026,Highest temperature in Lucknow on April 21?
2019278,Will the highest temperature in Munich be 7°C on April 21?,Yes,No,6287709820198579372896525937157961947946983045853148673487743569179131371032,105191356007684662807448092864126193807881338384713573465632998968113540159250,0xe52b5ac07dbc81b93a6a633f2f8810bbc04dcd249c5172ef6b97c0021211165e,True,highest-temperature-in-munich-on-april-21-2026-7c,12229.883453999997,2026-04-19 04:04:36.771997+00:00,False,True,False,2026-04-21T12:00:00Z,"['0.0005', '0.9995']",394294,highest-temperature-in-munich-on-april-21-2026,Highest temperature in Munich on April 21?
2019279,Will the highest temperature in Munich be 8°C on April 21?,Yes,No,102574341865703970273136718753929680841282411686796135507906994680819820801374,51600634620209878152091542049511110081210311965228102735298385856752527030652,0x8ed38c0c2a5125486af744a11668a1a89a1db5d11fcfd2912e2f06948f99eaf4,True,highest-temperature-in-munich-on-april-21-2026-8c,17218.913360999988,2026-04-19 04:04:36.919383+00:00,False,True,False,2026-04-21T12:00:00Z,"['0.0005', '0.9995']",394294,highest-temperature-in-munich-on-april-21-2026,Highest temperature in Munich on April 21?
2019280,Will the highest temperature in Munich be 9°C on April 21?,Yes,No,99442219336011940931011486341830058244361389961025508194245465284157464677516,43805771145187283541045526900758450856614608243624939663546271407066848617415,0xc3b6c27a608af48110bcb9130f2ea1a8c67464fa8b678966796fcd39b886f3e9,True,highest-temperature-in-munich-on-april-21-2026-9c,8395.668074000005,2026-04-19 04:04:37.067636+00:00,False,True,False,2026-04-21T12:00:00Z,"['0.3885', '0.6115']",394294,highest-temperature-in-munich-on-april-21-2026,Highest temperature in Munich on April 21?
2019281,Will the highest temperature in Munich be 10°C on April 21?,Yes,No,25768028567210841792309468427279031286382686151937461142332383202228561608377,109102804926551065620344537863521295946464911741407002396650014507692932027966,0x95410cfcd90884bd0c232d16f66b47375909867836bfad1e126541ec24c4d944,True,highest-temperature-in-munich-on-april-21-2026-10c,4548.526820000001,2026-04-19 04:04:37.225339+00:00,False,True,False,2026-04-21T12:00:00Z,"['0.505', '0.495']",394294,highest-temperature-in-munich-on-april-21-2026,Highest temperature in Munich on April 21?
2019282,Will the highest temperature in Munich be 11°C on April 21?,Yes,No,19894038017146166701454734310119022394694104143542621195484485916463292106912,92697710920325957678090508773085695439805301039591558437425599195581885616480,0x52688cbceda8cb0b2e75d08daab6a360c03c4704d13d2c5b4974e552aef3c6c8,True,highest-temperature-in-munich-on-april-21-2026-11c,5653.499679999997,2026-04-19 04:04:37.388259+00:00,False,True,False,2026-04-21T12:00:00Z,"['0.085', '0.915']",394294,highest-temperature-in-munich-on-april-21-2026,Highest temperature in Munich on April 21?
2019283,Will the highest temperature in Munich be 12°C on April 21?,Yes,No,5664846837675777672989006805266039366836624441781429052595347907914310736291,73776677451199694519255674223063489378133462818117999805490871261987637663412,0xde6fa806df55f8e5ac2e75fe71d37d7b96481c5c56604d3ac9f0b277ec66906b,True,highest-temperature-in-munich-on-april-21-2026-12c,4756.547278999999,2026-04-19 04:04:37.526077+00:00,False,True,False,2026-04-21T12:00:00Z,"['0.0075', '0.9925']",394294,highest-temperature-in-munich-on-april-21-2026,Highest temperature in Munich on April 21?
2019284,Will the highest temperature in Munich be 13°C on April 21?,Yes,No,28786025461210701577137670007732643574071826056839206447241944898844533087590,2992659522645601781848446908838517510152500028586986100190218332033426603536,0xcde8e9d92ec4fbbdf66500acd060436096a2c09a80a14a08173e3f8f7c1aecb8,True,highest-temperature-in-munich-on-april-21-2026-13c,6132.612596000001,2026-04-19 04:04:37.667514+00:00,False,True,False,2026-04-21T12:00:00Z,"['0.004', '0.996']",394294,highest-temperature-in-munich-on-april-21-2026,Highest temperature in Munich on April 21?
2019285,Will the highest temperature in Munich be 14°C or higher on April 21?,Yes,No,114523171687158022926358628904299364350879489563677616470946295895143757434762,1371357841672153335851423289555671448254809239088717373247244544861438887314,0x494906ae49bf2e51a5f3de62e34a76310c7b2d4027977136f686fe85a42056e5,True,highest-temperature-in-munich-on-april-21-2026-14corhigher,6986.4379949999975,2026-04-19 04:04:37.809905+00:00,False,True,False,2026-04-21T12:00:00Z,"['0.003', '0.997']",394294,highest-temperature-in-munich-on-april-21-2026,Highest temperature in Munich on April 21?
2019292,Will the highest temperature in Tel Aviv be 22°C on April 21?,Yes,No,67727945282560821410773748198913337903623637712911252332204320367602353897745,90733442584967814320027674874345831046286450364213943294997057611307830173924,0xd56219c11c625d047593bbdf479b0309059bca2b63d378af96985e4a298b3661,True,highest-temperature-in-tel-aviv-on-april-21-2026-22c,4883.503533,2026-04-19 04:04:42.617087+00:00,False,True,False,2026-04-21T12:00:00Z,"['0.9935', '0.0065']",394295,highest-temperature-in-tel-aviv-on-april-21-2026,Highest temperature in Tel Aviv on April 21?
2019293,Will the highest temperature in Tel Aviv be 23°C on April 21?,Yes,No,112714047040498247914302074123758043370481372483429717107076446860338154788223,53412901519615635360232593356910925879350668805758489588762621581316531053424,0x8ca4f489ce4a1fe7587fc58c0267046ffa21f5f3e4636f7a3693082726363c60,True,highest-temperature-in-tel-aviv-on-april-21-2026-23c,2997.864883999999,2026-04-19 04:04:42.744917+00:00,False,True,False,2026-04-21T12:00:00Z,"['0.0035', '0.9965']",394295,highest-temperature-in-tel-aviv-on-april-21-2026,Highest temperature in Tel Aviv on April 21?
2019294,Will the highest temperature in Tel Aviv be 24°C on April 21?,Yes,No,90204637756184482089749326390874248976090423203044660678359829807110582430584,31505161040283488357502704346756925470609179187306479728984704081302909575286,0xfc26c34d85284646375882ab17463646ea0e90e562a858ee4f53945b22f3fbba,True,highest-temperature-in-tel-aviv-on-april-21-2026-24c,5527.930895000001,2026-04-19 04:04:42.894055+00:00,False,True,False,2026-04-21T12:00:00Z,"['0.0015', '0.9985']",394295,highest-temperature-in-tel-aviv-on-april-21-2026,Highest temperature in Tel Aviv on April 21?
2019295,Will the highest temperature in Tel Aviv be 25°C on April 21?,Yes,No,82430078902566372195839652661444706445966324997743890156607580223683126240368,77570974552214748541525858826509374892678490275322602225497228011919287107560,0x86338df9609e11dfd453898abbb1c1eeb3226c521b701b7d486ddf295c81ec7f,True,highest-temperature-in-tel-aviv-on-april-21-2026-25c,3333.221979000003,2026-04-19 04:04:43.044049+00:00,False,True,False,2026-04-21T12:00:00Z,"['0.0015', '0.9985']",394295,highest-temperature-in-tel-aviv-on-april-21-2026,Highest temperature in Tel Aviv on April 21?
2019296,Will the highest temperature in Tel Aviv be 26°C or higher on April 21?,Yes,No,67621412581068103830856617251203874317052916422033235004898453684193653793251,39746958168926504957218789868405224715615598174205456989948197007855825106438,0x2309bbc89126b38baf6d7cbbd5c11f9e05b5174b67effe17993c9ac080b11d93,True,highest-temperature-in-tel-aviv-on-april-21-2026-26corhigher,3712.654008,2026-04-19 04:04:43.190645+00:00,False,True,False,2026-04-21T12:00:00Z,"['0.0005', '0.9995']",394295,highest-temperature-in-tel-aviv-on-april-21-2026,Highest temperature in Tel Aviv on April 21?
2019304,Will the highest temperature in Tokyo be 23°C on April 21?,Yes,No,56391661797044566453552548895005332925363195800915305870496159149856515435167,67873236334183608530363967781475251916805123224078949967176210031193909134612,0x1a235c22981ae566d86c4ceb47ce87c0efdc8a3c7e94b885f4cdc7b131a4af64,True,highest-temperature-in-tokyo-on-april-21-2026-23c,33045.884831999974,2026-04-19 04:04:47.849805+00:00,False,True,False,2026-04-21T12:00:00Z,"['0.9995', '0.0005']",394296,highest-temperature-in-tokyo-on-april-21-2026,Highest temperature in Tokyo on April 21?
2019305,Will the highest temperature in Tokyo be 24°C on April 21?,Yes,No,73447845042439718507895720039267279464385276959357941008939510306505717748888,61805853566819927927522273165717985745152132785946343524128618925381819775116,0x31092e0d20677016959cdbfddc22416320c724545912dd7e99e3f88e445b67b2,True,highest-temperature-in-tokyo-on-april-21-2026-24c,17657.71552299999,2026-04-19 04:04:47.952271+00:00,False,True,False,2026-04-21T12:00:00Z,"['0.0005', '0.9995']",394296,highest-temperature-in-tokyo-on-april-21-2026,Highest temperature in Tokyo on April 21?
2019306,Will the highest temperature in Tokyo be 25°C on April 21?,Yes,No,29882618963013871396856207414076019020335674618481914926545602254264305230354,1448922883710995561178497620263338594800248207587773838014443687277517614948,0x93a9357570a6729df644c42f03653f6eddbe8ba756bf852c67588c3ce617915b,True,highest-temperature-in-tokyo-on-april-21-2026-25c,22244.318570000007,2026-04-19 04:04:48.055652+00:00,False,True,False,2026-04-21T12:00:00Z,"['0.0005', '0.9995']",394296,highest-temperature-in-tokyo-on-april-21-2026,Highest temperature in Tokyo on April 21?
2019307,Will the highest temperature in Tokyo be 26°C or higher on April 21?,Yes,No,73747517325857309520609742070672151830505222879563754396071348656969391332660,84320560964134804938024946404692456934874317417421156754877433306131084585593,0x9dc1ea56032e0f4f75baba8539da1c5ad6647f8f631ec24acae1c9c91018f6ed,True,highest-temperature-in-tokyo-on-april-21-2026-26corhigher,32452.579929,2026-04-19 04:04:48.159653+00:00,False,True,False,2026-04-21T12:00:00Z,"['0.0005', '0.9995']",394296,highest-temperature-in-tokyo-on-april-21-2026,Highest temperature in Tokyo on April 21?
2019308,Will the highest temperature in Hong Kong be 21°C or below on April 21?,Yes,No,76365446034304347182218922163461894596529331084251224954847284012177378697193,68581171712459961132284829718395211454394098644245587346514442627370560546285,0xfe8aec4c8eaff5584753cbc041821ac3ce65bc9afb3a2e457a26da4b6f54d11b,True,highest-temperature-in-hong-kong-on-april-21-2026-21corbelow,7333.623,2026-04-19 04:04:51.193773+00:00,False,True,False,2026-04-21T12:00:00Z,"['0.0005', '0.9995']",394297,highest-temperature-in-hong-kong-on-april-21-2026,Highest temperature in Hong Kong on April 21?
2019309,Will the highest temperature in Hong Kong be 22°C on April 21?,Yes,No,16504012867298104993124920289669993189896352173815864330895510332650637651210,89906573146976046661844330793107098292002062165647702555517261263879465673076,0x55573eb520d98d31bba3261965c9838b59466075eae90718b1717c00246e69b7,True,highest-temperature-in-hong-kong-on-april-21-2026-22c,3287.2279999999996,2026-04-19 04:04:52.002037+00:00,False,True,False,2026-04-21T12:00:00Z,"['0.0005', '0.9995']",394297,highest-temperature-in-hong-kong-on-april-21-2026,Highest temperature in Hong Kong on April 21?
2019310,Will the highest temperature in Hong Kong be 23°C on April 21?,Yes,No,37700172483977098993428412087241655789122851267027570845932483664527955642655,60179382815765906940069086272546520843434396039612173925353636041680299998357,0xb097459f9a12186fbe69307a884b31825f882088351269deca5075dcec5def44,True,highest-temperature-in-hong-kong-on-april-21-2026-23c,3222.3469999999998,2026-04-19 04:04:52.106080+00:00,False,True,False,2026-04-21T12:00:00Z,"['0.0005', '0.9995']",394297,highest-temperature-in-hong-kong-on-april-21-2026,Highest temperature in Hong Kong on April 21?
2019311,Will the highest temperature in Hong Kong be 24°C on April 21?,Yes,No,20885720968403058090698808164155977364105443295388431991568349047552653520686,33819121692923708982764947302738335537377941009953581788216425770494895441864,0xb7b727a44da4012193ced9f7c8d01ecbeae944fe85a83854164ee4921a9e39bd,True,highest-temperature-in-hong-kong-on-april-21-2026-24c,10862.201916000005,2026-04-19 04:04:52.208191+00:00,False,True,False,2026-04-21T12:00:00Z,"['0.0005', '0.9995']",394297,highest-temperature-in-hong-kong-on-april-21-2026,Highest temperature in Hong Kong on April 21?
2019312,Will the highest temperature in Hong Kong be 25°C on April 21?,Yes,No,11390427908744933903133049134402875779875387110463093139939885130837171802815,98430883719925445016199222214110603544689784197390769478128051206853285630244,0x781f57f6159504fe8c62635fef2567b7aae96e0924b0f0eec533497feecd9ea1,True,highest-temperature-in-hong-kong-on-april-21-2026-25c,18293.467980999994,2026-04-19 04:04:52.309251+00:00,False,True,False,2026-04-21T12:00:00Z,"['0.0005', '0.9995']",394297,highest-temperature-in-hong-kong-on-april-21-2026,Highest temperature in Hong Kong on April 21?
2019313,Will the highest temperature in Hong Kong be 26°C on April 21?,Yes,No,21350320709134651076880098366785135029373711428609526031345594997351455462797,73471068143820901110894611758948936433775312722615798600421420421831535843278,0x835b44ca9151b31f484f6c8d2540cdca74b878787b12762200f33df364ff3fd7,True,highest-temperature-in-hong-kong-on-april-21-2026-26c,27512.477482,2026-04-19 04:04:52.412626+00:00,False,True,False,2026-04-21T12:00:00Z,"['0.0005', '0.9995']",394297,highest-temperature-in-hong-kong-on-april-21-2026,Highest temperature in Hong Kong on April 21?
2019314,Will the highest temperature in Hong Kong be 27°C on April 21?,Yes,No,104751468212137122900468231265518334515957883839653791959001100529443059582587,39182305012411738727173294574047695102302406141058054125268533507307895218001,0xe5fca99a013529b63258793060a34eac1ce05a26c6e94e8999212a2d611742ed,True,highest-temperature-in-hong-kong-on-april-21-2026-27c,42040.904075,2026-04-19 04:04:52.515518+00:00,False,True,False,2026-04-21T12:00:00Z,"['0.0005', '0.9995']",394297,highest-temperature-in-hong-kong-on-april-21-2026,Highest temperature in Hong Kong on April 21?
2019315,Will the highest temperature in Hong Kong be 28°C on April 21?,Yes,No,31522716538515357649905900075493660037968125730386273446224093035580190531067,76480690539199283316419082869216039018791421422613844645559853193990114036842,0xe37f1d2d918090f8399eaa8eeb3789c0c78fe76e26a655e35a98dc3d3e6dc086,True,highest-temperature-in-hong-kong-on-april-21-2026-28c,42387.71933300001,2026-04-19 04:04:52.617767+00:00,False,True,False,2026-04-21T12:00:00Z,"['0.998', '0.002']",394297,highest-temperature-in-hong-kong-on-april-21-2026,Highest temperature in Hong Kong on April 21?
2019316,Will the highest temperature in Hong Kong be 29°C on April 21?,Yes,No,44270864132929653857027294798149165554277465296295404395901827686060474676947,81358119685021965555412698833179655763829710661469308286186803656351234426064,0xa56881e290e7b60a86c1eb1bcd1d55d7aba244dd39e04d1a689e3d5eb95d9f85,True,highest-temperature-in-hong-kong-on-april-21-2026-29c,52681.958953,2026-04-19 04:04:52.720042+00:00,False,True,False,2026-04-21T12:00:00Z,"['0.0015', '0.9985']",394297,highest-temperature-in-hong-kong-on-april-21-2026,Highest temperature in Hong Kong on April 21?
2019317,Will the highest temperature in Hong Kong be 30°C on April 21?,Yes,No,28918003172153971351922959547421203903072729201448656424548694992817320649214,17931831829794048295989225161031410914682646075276831189392736689852682855094,0xb2590b9606332da86166e708b947332ff7edaa4f4d844d078a97bbc9862745cf,True,highest-temperature-in-hong-kong-on-april-21-2026-30c,38505.02056000002,2026-04-19 04:04:52.822158+00:00,False,True,False,2026-04-21T12:00:00Z,"['0.0015', '0.9985']",394297,highest-temperature-in-hong-kong-on-april-21-2026,Highest temperature in Hong Kong on April 21?
2019318,Will the highest temperature in Hong Kong be 31°C or higher on April 21?,Yes,No,23720245850478349542973357219883474554644501297537754586082412863660298412376,47586272284707836153381715716209110810108803450339840981737971861407586808224,0x5abc33e884ee902a70df8c09d44fe918ce67b6b51a1e4367f32063e86d21897a,True,highest-temperature-in-hong-kong-on-april-21-2026-31corhigher,21671.493035000003,2026-04-19 04:04:52.923940+00:00,False,True,False,2026-04-21T12:00:00Z,"['0.0005', '0.9995']",394297,highest-temperature-in-hong-kong-on-april-21-2026,Highest temperature in Hong Kong on April 21?
2019323,Will the highest temperature in Shanghai be 16°C on April 21?,Yes,No,75956707834247355029822159300787166741000438010904298239485740945753230519203,72019520952128833682198847589714237096285656961636731286535082201416448197012,0xdd6ea03a0ccb71e182ab6d70c19ba4e0ea6579c52adc9e9df5137a26d41e9063,True,highest-temperature-in-shanghai-on-april-21-2026-16c,35311.05343000001,2026-04-19 04:04:58.165754+00:00,False,True,False,2026-04-21T12:00:00Z,"['0.99', '0.01']",394298,highest-temperature-in-shanghai-on-april-21-2026,Highest temperature in Shanghai on April 21?
2019324,Will the highest temperature in Shanghai be 17°C on April 21?,Yes,No,112034613303951407982049069196920382331218079936154878503099936197584968490536,8810888127884053473314340061168420531501742862141700946082645764959883477052,0xfa7c4988e9924eec6bcafde21ac302bc5f53b9e99362fb08aab42ab4a48183cc,True,highest-temperature-in-shanghai-on-april-21-2026-17c,29356.38345099998,2026-04-19 04:04:58.265713+00:00,False,True,False,2026-04-21T12:00:00Z,"['0.005', '0.995']",394298,highest-temperature-in-shanghai-on-april-21-2026,Highest temperature in Shanghai on April 21?
2019325,Will the highest temperature in Shanghai be 18°C on April 21?,Yes,No,12294931430552291878912226579316040380474513976849678412045482521485922395628,67228496119380106076488351340852672275874963395294933631399691527029937946186,0xed7fbc79161981f71532c33d21ceac3fd093e6f9a0bc5509166afc6a1bf5fe86,True,highest-temperature-in-shanghai-on-april-21-2026-18c,19122.774139000005,2026-04-19 04:04:58.368058+00:00,False,True,False,2026-04-21T12:00:00Z,"['0.0005', '0.9995']",394298,highest-temperature-in-shanghai-on-april-21-2026,Highest temperature in Shanghai on April 21?
2019326,Will the highest temperature in Shanghai be 19°C on April 21?,Yes,No,15638904375119591033253661376639817194158099749685410554475091159110617186889,16890324525028478257902292646784775774731322978568150727129592773542860180413,0x986f6febca50c480bfc957811ca588feaadc40855144115394c98bbda5ab7762,True,highest-temperature-in-shanghai-on-april-21-2026-19c,17257.404927,2026-04-19 04:04:58.468740+00:00,False,True,False,2026-04-21T12:00:00Z,"['0.0005', '0.9995']",394298,highest-temperature-in-shanghai-on-april-21-2026,Highest temperature in Shanghai on April 21?
2019327,Will the highest temperature in Shanghai be 20°C on April 21?,Yes,No,94276268500153533717116532078542608196482568273018495897945515206994127958022,96974273081438586585248367659019184627892427995152325247877920650568740781332,0x12d402a2abd4c688dea3242a5dffdbb6a10b5824d72ca20dcb432c2e2fff86a1,True,highest-temperature-in-shanghai-on-april-21-2026-20c,14673.268886000002,2026-04-19 04:04:58.571730+00:00,False,True,False,2026-04-21T12:00:00Z,"['0.0005', '0.9995']",394298,highest-temperature-in-shanghai-on-april-21-2026,Highest temperature in Shanghai on April 21?
2019328,Will the highest temperature in Shanghai be 21°C on April 21?,Yes,No,100575422833588551756285070383971105756452929713594879110103337695070224553487,16741090760843725863263083600795624545922282910097488746016575629891151130126,0x19073969e3b7e41065024184c76256813e7f101f1e3bd25fa537d7f8206c19e6,True,highest-temperature-in-shanghai-on-april-21-2026-21c,13694.776137000003,2026-04-19 04:04:58.675258+00:00,False,True,False,2026-04-21T12:00:00Z,"['0.0005', '0.9995']",394298,highest-temperature-in-shanghai-on-april-21-2026,Highest temperature in Shanghai on April 21?
2019329,Will the highest temperature in Shanghai be 22°C or higher on April 21?,Yes,No,323066659734643104666041553808634757155438697576875698299695288458788946251,113112039316205542577065966340819465061019765642879485190752999456578262820326,0x7c6e2de4b9fa841b88b52bea592a04ba9da8d87b3060754322099f3fb65fc549,True,highest-temperature-in-shanghai-on-april-21-2026-22corhigher,13368.741493000003,2026-04-19 04:04:58.776664+00:00,False,True,False,2026-04-21T12:00:00Z,"['0.0005', '0.9995']",394298,highest-temperature-in-shanghai-on-april-21-2026,Highest temperature in Shanghai on April 21?
2019337,Will the highest temperature in Singapore be 31°C on April 21?,Yes,No,65143894767220562804286226234671824080483588446780300754878625899430268226477,66305553392755030763397815485599106358186769709054877388503016012868716712854,0x5c280f3b62b0357496e5da0f11ecaa6381173e7027920f52e8592ca282c7af25,True,highest-temperature-in-singapore-on-april-21-2026-31c,22131.144426000003,2026-04-19 04:05:02.633312+00:00,False,True,False,2026-04-21T12:00:00Z,"['0.9975', '0.0025']",394299,highest-temperature-in-singapore-on-april-21-2026,Highest temperature in Singapore on April 21?
2019338,Will the highest temperature in Singapore be 32°C on April 21?,Yes,No,59958410929264944756130380558930428551535015116441061366969858082705651351339,99280037347445230315016647245238455338127284657507817435771033535184768699657,0xc2e4c83ac560465e5eebf0caab10fb1a95830f440fae58a30733e34fd9ee0112,True,highest-temperature-in-singapore-on-april-21-2026-32c,10542.062914000006,2026-04-19 04:05:02.738340+00:00,False,True,False,2026-04-21T12:00:00Z,"['0.0015', '0.9985']",394299,highest-temperature-in-singapore-on-april-21-2026,Highest temperature in Singapore on April 21?
2019339,Will the highest temperature in Singapore be 33°C on April 21?,Yes,No,93149542779966992343162900267868409343448713377263577181355273862786725361419,115131905515169310529126199375267258266134239670185993749037419976119861672036,0x6241c16f89b4119eb28aefcb8eb6ba1a9fb20c2dccd9d62223575ee510996c33,True,highest-temperature-in-singapore-on-april-21-2026-33c,14194.912866,2026-04-19 04:05:02.841282+00:00,False,True,False,2026-04-21T12:00:00Z,"['0.0005', '0.9995']",394299,highest-temperature-in-singapore-on-april-21-2026,Highest temperature in Singapore on April 21?
2019340,Will the highest temperature in Singapore be 34°C or higher on April 21?,Yes,No,73624089117585690696085587247371183675385421440584583100896345049111914588528,64324739887383139738482940211408781604357066057585687058569233803658536519966,0xbaa25890aeda8971bab67dc5df254a23808fb73202bf2a42e1d4ec8721724437,True,highest-temperature-in-singapore-on-april-21-2026-34corhigher,18229.594977000008,2026-04-19 04:05:02.953415+00:00,False,True,False,2026-04-21T12:00:00Z,"['0.0005', '0.9995']",394299,highest-temperature-in-singapore-on-april-21-2026,Highest temperature in Singapore on April 21?
2019346,Will the highest temperature in Milan be 16°C on April 21?,Yes,No,44731424173175406452764432732058817120364096576892112260399693541847404530863,83331935555331595311158837129934253138066826910676312983789200706979274538243,0xbae0a1557c461016cd8eeac02acacdbb477e479a86dd9b6e112e5ae467d46f34,True,highest-temperature-in-milan-on-april-21-2026-16c,3684.3491000000004,2026-04-19 04:05:07.505880+00:00,False,True,False,2026-04-21T12:00:00Z,"['0.0005', '0.9995']",394300,highest-temperature-in-milan-on-april-21-2026,Highest temperature in Milan on April 21?
2019347,Will the highest temperature in Milan be 17°C on April 21?,Yes,No,81879311284158395412787434495799295861208189210027501323769356434024788656900,59597099283534932705558682745289791748463341374861010046514744246074691206042,0xd909cd259abb24d301de62b8e69f9c6df5f65a6388ada2ea0bf9057f6a5945d7,True,highest-temperature-in-milan-on-april-21-2026-17c,4561.971037,2026-04-19 04:05:07.657756+00:00,False,True,False,2026-04-21T12:00:00Z,"['0.0005', '0.9995']",394300,highest-temperature-in-milan-on-april-21-2026,Highest temperature in Milan on April 21?
2019348,Will the highest temperature in Milan be 18°C on April 21?,Yes,No,38388016210667874473555772378555093058751206601011859361450974803384166353993,27183470487480034392471042936464323060655130598454544713901708753642906500039,0xb8b4d47556ab6e1324b9363ec018ff21e92f5173d43a0f1eecb7d3366c424cc4,True,highest-temperature-in-milan-on-april-21-2026-18c,11438.632393999998,2026-04-19 04:05:07.779648+00:00,False,True,False,2026-04-21T12:00:00Z,"['0.0005', '0.9995']",394300,highest-temperature-in-milan-on-april-21-2026,Highest temperature in Milan on April 21?
2019349,Will the highest temperature in Milan be 19°C on April 21?,Yes,No,32003812160057277963838471233146163497896414996699015447110139870951046574523,65745032975128425939275869898463532993839658340649675625677559784142029982454,0x85a3dcd7457fa215d6530cb8c9cd1efa333cbb03f57373b47bb7174aed2b7015,True,highest-temperature-in-milan-on-april-21-2026-19c,3058.683700000001,2026-04-19 04:05:07.919839+00:00,False,True,False,2026-04-21T12:00:00Z,"['0.545', '0.455']",394300,highest-temperature-in-milan-on-april-21-2026,Highest temperature in Milan on April 21?
2019350,Will the highest temperature in Milan be 20°C on April 21?,Yes,No,25983393402204410338032427020416460061404327521118613528653859802900638932638,48623948411265310337518997948479404182849892771206797031717122554701885619606,0x72ba6fa2d89e59a72ed74f3b17384017de00ea681ab4c037a9a13ca82deda9e4,True,highest-temperature-in-milan-on-april-21-2026-20c,4164.508470000002,2026-04-19 04:05:08.030724+00:00,False,True,False,2026-04-21T12:00:00Z,"['0.425', '0.575']",394300,highest-temperature-in-milan-on-april-21-2026,Highest temperature in Milan on April 21?
2019351,Will the highest temperature in Milan be 21°C on April 21?,Yes,No,9899530462626027573551501242978567000553047707048931335340270578248518268792,19656964811290619273231390564070631169324410927169585089484445816502381868863,0x502f34a39024b01ce140eb23d77a2aa06e2d54538a76b5d510d7a2246c102ec2,True,highest-temperature-in-milan-on-april-21-2026-21c,3876.368960999999,2026-04-19 04:05:08.896780+00:00,False,True,False,2026-04-21T12:00:00Z,"['0.0575', '0.9425']",394300,highest-temperature-in-milan-on-april-21-2026,Highest temperature in Milan on April 21?
2019352,Will the highest temperature in Milan be 22°C or higher on April 21?,Yes,No,7524449428450663794318862462655176416433779769043284540621629382394302892177,15679844610773834184342788415864069133506366241035704661271126464287310639630,0x6dd7ae13617df5f2d6c3c601494a4b3f377ecff8c43a56a0bda84954b47508ee,True,highest-temperature-in-milan-on-april-21-2026-22corhigher,5257.083274999998,2026-04-19 04:05:09.010065+00:00,False,True,False,2026-04-21T12:00:00Z,"['0.011', '0.989']",394300,highest-temperature-in-milan-on-april-21-2026,Highest temperature in Milan on April 21?
2019353,Will the highest temperature in Madrid be 22°C or below on April 21?,Yes,No,104765928544210819236853304325355359079171892348897283614304859056455969757372,15382311771019477771687384505474701606168940414947713454616028865091651420266,0x7ff682d9d35d088555ba1d478ada9d9165d6dc01243cb703f88c1a7db5055bec,True,highest-temperature-in-madrid-on-april-21-2026-22corbelow,1030.1489769999998,2026-04-19 04:05:12.417322+00:00,False,True,False,2026-04-21T12:00:00Z,"['0.0005', '0.9995']",394301,highest-temperature-in-madrid-on-april-21-2026,Highest temperature in Madrid on April 21?
2019354,Will the highest temperature in Madrid be 23°C on April 21?,Yes,No,56964017214670354331373538085615003187725836695681850659581439484119083649804,110131496439122883908932300706678141637908017879435721225883222824136426077822,0xf1fcd187a8525f6179535a4a892b955b32c7374cb34b640620a5a276abaae352,True,highest-temperature-in-madrid-on-april-21-2026-23c,4786.778394,2026-04-19 04:05:12.527519+00:00,False,True,False,2026-04-21T12:00:00Z,"['0.0005', '0.9995']",394301,highest-temperature-in-madrid-on-april-21-2026,Highest temperature in Madrid on April 21?
2019355,Will the highest temperature in Madrid be 24°C on April 21?,Yes,No,41415514713477966544052677302655965380963148185578337090038855541470792666067,2255739230527619609401357329384422520178750084292433405785925255242257487483,0xc7d918638e82c798793db8753e146f8a07d3770fcfdbb824bff92007e3ad7b6b,True,highest-temperature-in-madrid-on-april-21-2026-24c,7102.318974999999,2026-04-19 04:05:12.638695+00:00,False,True,False,2026-04-21T12:00:00Z,"['0.0005', '0.9995']",394301,highest-temperature-in-madrid-on-april-21-2026,Highest temperature in Madrid on April 21?
2019356,Will the highest temperature in Madrid be 25°C on April 21?,Yes,No,89852939559880851994286887681903710755702550595113804752998531826758077283960,40040728427124221220485090227719151402337532908083001927151685064377059471698,0xc4b1cd97f4391838ac69f790b5d15ac59cccd44d2b82910ec199dc7878a8a3b5,True,highest-temperature-in-madrid-on-april-21-2026-25c,8568.345227999998,2026-04-19 04:05:12.748080+00:00,False,True,False,2026-04-21T12:00:00Z,"['0.0005', '0.9995']",394301,highest-temperature-in-madrid-on-april-21-2026,Highest temperature in Madrid on April 21?
2019357,Will the highest temperature in Madrid be 26°C on April 21?,Yes,No,97157528649990491931550419291116088972596282489927452948039966140321594231253,52959143608948547832089567489558823077694081719389979828231847703424553413428,0xcedd1d409e562d047a28a454a5a4ebbe85a05d88fe262b2d3e80332f98cb3b09,True,highest-temperature-in-madrid-on-april-21-2026-26c,8887.335539000003,2026-04-19 04:05:12.857370+00:00,False,True,False,2026-04-21T12:00:00Z,"['0.0805', '0.9195']",394301,highest-temperature-in-madrid-on-april-21-2026,Highest temperature in Madrid on April 21?
2019358,Will the highest temperature in Madrid be 27°C on April 21?,Yes,No,111797016317966268314440129369903260260628533791879500267122530672038647280172,61941673567414165142407191522763362649738613981208739945424968687253910554928,0x3b41ce71aa094a4623b35546771ed94aacf145ebc7c8347a8d06c93626c440e8,True,highest-temperature-in-madrid-on-april-21-2026-27c,6514.334649000003,2026-04-19 04:05:12.968896+00:00,False,True,False,2026-04-21T12:00:00Z,"['0.47', '0.53']",394301,highest-temperature-in-madrid-on-april-21-2026,Highest temperature in Madrid on April 21?
2019359,Will the highest temperature in Madrid be 28°C on April 21?,Yes,No,73598044853597807066551134938836968727825936801304992981123592587270342556375,11327510272838283942786734560510359202334079366418222245847279616756729146206,0x43d2d52a2ab68ec9c8eebc31d5bd67c5b4e9217c04c87ec4a0a3545b8830d7bc,True,highest-temperature-in-madrid-on-april-21-2026-28c,3800.573810000001,2026-04-19 04:05:13.078187+00:00,False,True,False,2026-04-21T12:00:00Z,"['0.37', '0.63']",394301,highest-temperature-in-madrid-on-april-21-2026,Highest temperature in Madrid on April 21?
2019360,Will the highest temperature in Madrid be 29°C on April 21?,Yes,No,99088893601380072620417987737455384962078510284768703130839829523565542227693,106585979527742147804200092675271709796173016010066417263473459146237664284985,0x669c8caecfcfe86480a094174963adb4a0a8503380f7cfa9d090f1f50074e59e,True,highest-temperature-in-madrid-on-april-21-2026-29c,4520.980158,2026-04-19 04:05:13.187541+00:00,False,True,False,2026-04-21T12:00:00Z,"['0.0735', '0.9265']",394301,highest-temperature-in-madrid-on-april-21-2026,Highest temperature in Madrid on April 21?
2019361,Will the highest temperature in Madrid be 30°C on April 21?,Yes,No,8924306836007413797991359061578948532978367186677149892230136346630885215530,58921255273642106053325977654118574219687142050348069617895309083828474695005,0x23711bf9d9dd1d5ac6323b05f7c7ea5836d822b6dc90a771e416aba04f2d0176,True,highest-temperature-in-madrid-on-april-21-2026-30c,4993.758918000001,2026-04-19 04:05:13.296642+00:00,False,True,False,2026-04-21T12:00:00Z,"['0.0105', '0.9895']",394301,highest-temperature-in-madrid-on-april-21-2026,Highest temperature in Madrid on April 21?
2019362,Will the highest temperature in Madrid be 31°C on April 21?,Yes,No,72013753371395942787155713906737679636988550196055338764838352633112008989628,93067625721930980814953442170388135977618231458308367105012195377308081947397,0x0fc19e450af031108193fb8b074633d026719b265f6c59a6530f654e0dfbddf2,True,highest-temperature-in-madrid-on-april-21-2026-31c,3041.191261,2026-04-19 04:05:13.405687+00:00,False,True,False,2026-04-21T12:00:00Z,"['0.0015', '0.9985']",394301,highest-temperature-in-madrid-on-april-21-2026,Highest temperature in Madrid on April 21?
2019363,Will the highest temperature in Madrid be 32°C or higher on April 21?,Yes,No,36767741820906577005523551694481334640914733946843675612437358038105559348527,66562619007130734612380105832419383548828461212677022498670909372699370273579,0x55772347015a07955301a599f12a39bac147d0199eb99519876ea413a650ea6e,True,highest-temperature-in-madrid-on-april-21-2026-32corhigher,2504.6401990000004,2026-04-19 04:05:13.517457+00:00,False,True,False,2026-04-21T12:00:00Z,"['0.0005', '0.9995']",394301,highest-temperature-in-madrid-on-april-21-2026,Highest temperature in Madrid on April 21?
2019368,Will the highest temperature in Warsaw be 12°C on April 21?,Yes,No,24811482794349154563586491251541035859243895630266744400699383431252238230608,100668932146151952326190828259005575998399775491559832052180261544221211060351,0x3dd14a4aaa3083ce375c7f5c15349dfb9ff384282bdbe9dfc6f2d92986c41769,True,highest-temperature-in-warsaw-on-april-21-2026-12c,6263.065991000002,2026-04-19 04:05:17.345924+00:00,False,True,False,2026-04-21T12:00:00Z,"['0.0005', '0.9995']",394302,highest-temperature-in-warsaw-on-april-21-2026,Highest temperature in Warsaw on April 21?
2019369,Will the highest temperature in Warsaw be 13°C on April 21?,Yes,No,83161453903717707401179420280343040127882910002963451676797827117351118180545,16370337000849400033140341970696692969628776892159053601891355466611685799591,0x7ada8b7529fb9d2ade58ef92944cf04bea65850b9a607996ac38a0945ef07ff6,True,highest-temperature-in-warsaw-on-april-21-2026-13c,11664.416268,2026-04-19 04:05:17.480193+00:00,False,True,False,2026-04-21T12:00:00Z,"['0.0005', '0.9995']",394302,highest-temperature-in-warsaw-on-april-21-2026,Highest temperature in Warsaw on April 21?
2019370,Will the highest temperature in Warsaw be 14°C on April 21?,Yes,No,110862035703729019442472315538438574066554371837865317012401913721448333203219,104135776054979649936409962598297827122323251473165882851862409756525436058869,0x238e4427bdd10f8f1469f76f01734a4fe0ed78d0a7d41bcf6128a0316fb12b6f,True,highest-temperature-in-warsaw-on-april-21-2026-14c,4429.742018000002,2026-04-19 04:05:17.641638+00:00,False,True,False,2026-04-21T12:00:00Z,"['0.685', '0.315']",394302,highest-temperature-in-warsaw-on-april-21-2026,Highest temperature in Warsaw on April 21?
2019371,Will the highest temperature in Warsaw be 15°C on April 21?,Yes,No,91697420802092552460950554560271225703891920096481419724116408922512945102472,94019706879744364349814885941136459329818487116926247978832121918867710584753,0xd3ec0ce6e0bc0ff0b527a5f736da23e06d65e89633b4cea0ff327a7afb7964f3,True,highest-temperature-in-warsaw-on-april-21-2026-15c,4333.4895400000005,2026-04-19 04:05:17.799337+00:00,False,True,False,2026-04-21T12:00:00Z,"['0.295', '0.705']",394302,highest-temperature-in-warsaw-on-april-21-2026,Highest temperature in Warsaw on April 21?
2019372,Will the highest temperature in Warsaw be 16°C on April 21?,Yes,No,86036864291575824744357390337967801650113535878367022498263155388533276933928,113418273602654716935673598441372913946856335261341670592068193257972708666141,0x23512e3c1ade71ba4b8f7e983f3dbf4c5dec723939988d2a0add0d79fd5ee658,True,highest-temperature-in-warsaw-on-april-21-2026-16c,5179.614925000002,2026-04-19 04:05:17.958160+00:00,False,True,False,2026-04-21T12:00:00Z,"['0.0195', '0.9805']",394302,highest-temperature-in-warsaw-on-april-21-2026,Highest temperature in Warsaw on April 21?
2019373,Will the highest temperature in Warsaw be 17°C on April 21?,Yes,No,78272050246445212735453464766639016046990737210117537778348984001303678885373,31572924277625945304105952495376636859633559768281284701704767390869639458492,0xab334d14bd205a3b67b7bcfe5cb96866c33856c2704a09e574cf1d51216158fc,True,highest-temperature-in-warsaw-on-april-21-2026-17c,3852.3818659999997,2026-04-19 04:05:18.110734+00:00,False,True,False,2026-04-21T12:00:00Z,"['0.0055', '0.9945']",394302,highest-temperature-in-warsaw-on-april-21-2026,Highest temperature in Warsaw on April 21?
2019374,Will the highest temperature in Warsaw be 18°C or higher on April 21?,Yes,No,100035868100091587484704577329983550112253648737680211687462097313601831504717,97756006606626850775905300045273749945431862476597584393186286644137808338900,0x5a4b6d378bd25380d172d6ab2c7b6e35fde1bea7d073f5a911214ef200f5493b,True,highest-temperature-in-warsaw-on-april-21-2026-18corhigher,1114.5449629999998,2026-04-19 04:05:18.243870+00:00,False,True,False,2026-04-21T12:00:00Z,"['0.0025', '0.9975']",394302,highest-temperature-in-warsaw-on-april-21-2026,Highest temperature in Warsaw on April 21?
2019384,Will the highest temperature in Taipei be 30°C on April 21?,Yes,No,111684121873626393629500600786701284013588302814502214995430960027745189676417,97106037461921290307886171406350154153577538194351908648391913938896472730991,0x08b17fd42db306643fe8bb4831388906e3d675158d0d6b11706cc0d1f295efe0,True,highest-temperature-in-taipei-on-april-21-2026-30c,17214.641221999995,2026-04-19 04:05:23.910426+00:00,False,True,False,2026-04-21T12:00:00Z,"['0.999', '0.001']",394303,highest-temperature-in-taipei-on-april-21-2026,Highest temperature in Taipei on April 21?
2019385,Will the highest temperature in Taipei be 31°C or higher on April 21?,Yes,No,69860876080215286401496074437176639755505587039926882667369887005472704030725,29861166915547091917566840837095986610168692333039532139799776817809190558756,0x0e03af28a8b043ea085d16910f9640aeff2d4ea854b251f7591b4754601cd925,True,highest-temperature-in-taipei-on-april-21-2026-31corhigher,9431.405447,2026-04-19 04:05:24.020691+00:00,False,True,False,2026-04-21T12:00:00Z,"['0.004', '0.996']",394303,highest-temperature-in-taipei-on-april-21-2026,Highest temperature in Taipei on April 21?
2019392,Will the highest temperature in Chongqing be 17°C on April 21?,Yes,No,80986264759067742324493187826795211214008826875402628279318168883724252609869,94340576745778977843750788306444192832574637724241862129715923514630047199242,0x2fcd6af68b3c30eefcf6c474cac552162447c5f32470b4feb2a5d8438628142f,True,highest-temperature-in-chongqing-on-april-21-2026-17c,16363.401752999998,2026-04-19 04:05:28.164444+00:00,False,True,False,2026-04-21T12:00:00Z,"['0.9975', '0.0025']",394304,highest-temperature-in-chongqing-on-april-21-2026,Highest temperature in Chongqing on April 21?
2019393,Will the highest temperature in Chongqing be 18°C on April 21?,Yes,No,8588737832535029501020998947833793314408158085124558695995361155686311660194,97034335200469059414198132884324997139478336840725066811480341252361009929317,0x5d2fce1eb4cf8e188c9623a18f78788d6297911588409d3373de0322d0975bb5,True,highest-temperature-in-chongqing-on-april-21-2026-18c,7918.8678660000005,2026-04-19 04:05:28.274487+00:00,False,True,False,2026-04-21T12:00:00Z,"['0.0025', '0.9975']",394304,highest-temperature-in-chongqing-on-april-21-2026,Highest temperature in Chongqing on April 21?
2019394,Will the highest temperature in Chongqing be 19°C on April 21?,Yes,No,74966259082739893170871532346778867171392390698536981043964085648370642709184,100669557273585707786215640010358124728902564337602095755437340047088634044204,0x165a83ed437964fb9376f3d2a2267b1c0f4296f726bd78f3f9b0e615a24b56c1,True,highest-temperature-in-chongqing-on-april-21-2026-19c,4571.414465000002,2026-04-19 04:05:28.382937+00:00,False,True,False,2026-04-21T12:00:00Z,"['0.0005', '0.9995']",394304,highest-temperature-in-chongqing-on-april-21-2026,Highest temperature in Chongqing on April 21?
2019395,Will the highest temperature in Chongqing be 20°C on April 21?,Yes,No,110600239737734538783837251699443039783911999001463539795767293379016705187088,98672608720178653680715176505494581551667423429676237100090154699310916552340,0x7b39bf253511c92185eb27d499f4ecbc6e55f9da1b8e99a6a0943bf9743556c6,True,highest-temperature-in-chongqing-on-april-21-2026-20c,5256.927759,2026-04-19 04:05:28.492687+00:00,False,True,False,2026-04-21T12:00:00Z,"['0.0005', '0.9995']",394304,highest-temperature-in-chongqing-on-april-21-2026,Highest temperature in Chongqing on April 21?
2019396,Will the highest temperature in Chongqing be 21°C or higher on April 21?,Yes,No,36805543872525761225562685359261722529704813287134152092216014414822842308538,24670448912514536654028990385514614710265842057953732005360938267693807752047,0x229bcebe48d8b6fb7d9c1dd748f013bed505b8edb23896bb8b8af06ca1aec97f,True,highest-temperature-in-chongqing-on-april-21-2026-21corhigher,7400.224945999995,2026-04-19 04:05:28.604855+00:00,False,True,False,2026-04-21T12:00:00Z,"['0.0005', '0.9995']",394304,highest-temperature-in-chongqing-on-april-21-2026,Highest temperature in Chongqing on April 21?
2019402,Will the highest temperature in Beijing be 27°C on April 21?,Yes,No,95067398069699704008434406997352581009487726982948057396479073906259679891914,61942463578785938165584411902562262802137248094994259323450722584105166885565,0x548eab5ef95fa3f71fa491a1ab91c86b40b0b087b1e311373d04fc4a0c7e83b6,True,highest-temperature-in-beijing-on-april-21-2026-27c,20100.055201,2026-04-19 04:05:32.766755+00:00,False,True,False,2026-04-21T12:00:00Z,"['0.998', '0.002']",394305,highest-temperature-in-beijing-on-april-21-2026,Highest temperature in Beijing on April 21?
2019403,Will the highest temperature in Beijing be 28°C on April 21?,Yes,No,3466676341452009345709169760860552925754852649998307241581284014369800361990,103987053054412599796088586622387392497209034182131176658733131670683975567127,0xeb63516428d79a4af083a54b51f2bdfb567f7ebc241d833f6fd5dcbfc04f327f,True,highest-temperature-in-beijing-on-april-21-2026-28c,14444.562467000003,2026-04-19 04:05:32.874467+00:00,False,True,False,2026-04-21T12:00:00Z,"['0.001', '0.999']",394305,highest-temperature-in-beijing-on-april-21-2026,Highest temperature in Beijing on April 21?
2019404,Will the highest temperature in Beijing be 29°C on April 21?,Yes,No,48599005472234812537169820253110299996048421258875669427583446717391820841890,39393508742348759528599397749469279466137383258679937703864207971467174840600,0xf32fddb776f1209621884673e155088075a8f7b87658fbea9664c7e9fee3f74f,True,highest-temperature-in-beijing-on-april-21-2026-29c,14717.312912999994,2026-04-19 04:05:32.982044+00:00,False,True,False,2026-04-21T12:00:00Z,"['0.0005', '0.9995']",394305,highest-temperature-in-beijing-on-april-21-2026,Highest temperature in Beijing on April 21?
2019405,Will the highest temperature in Beijing be 30°C on April 21?,Yes,No,42815945099194583267424632318224261505631697391228353962159197324994395961303,7044877040608222537319136229320015443793545532407010898814311972575908509589,0x88f2e3239a2e4fc61be33e294802790d7ebed9ed6cc6fcd7895fd2c21deb4f54,True,highest-temperature-in-beijing-on-april-21-2026-30c,9005.537447000006,2026-04-19 04:05:33.091408+00:00,False,True,False,2026-04-21T12:00:00Z,"['0.0005', '0.9995']",394305,highest-temperature-in-beijing-on-april-21-2026,Highest temperature in Beijing on April 21?
2019406,Will the highest temperature in Beijing be 31°C on April 21?,Yes,No,84213518658847277438701545538878107416273466590003809602781763221736733826626,15565294288702486120513082236471609795006843319383628734784704417122920751721,0xd4844d638b3d212e1ec58a3b1d32bc10599db785bd75b30d01e404964c6bc6e2,True,highest-temperature-in-beijing-on-april-21-2026-31c,4500.941974000002,2026-04-19 04:05:33.202571+00:00,False,True,False,2026-04-21T12:00:00Z,"['0.0005', '0.9995']",394305,highest-temperature-in-beijing-on-april-21-2026,Highest temperature in Beijing on April 21?
2019407,Will the highest temperature in Beijing be 32°C or higher on April 21?,Yes,No,51443994763513719609269581788283997422745972559171956899352465784243258898523,42568697030925159464004557459053116064938824348186672121099413112215106170984,0x743ef579443219f5f35e44545714432564c388f99845f5bd10b44de6c4d54b63,True,highest-temperature-in-beijing-on-april-21-2026-32corhigher,2701.514748000001,2026-04-19 04:05:33.312973+00:00,False,True,False,2026-04-21T12:00:00Z,"['0.0005', '0.9995']",394305,highest-temperature-in-beijing-on-april-21-2026,Highest temperature in Beijing on April 21?
2019417,Will the highest temperature in Wuhan be 17°C on April 21?,Yes,No,85634836927420894563160404023884017798353584943531215179280558950380522465488,98621165085152669713585239050764412356711890884281344958362253366790470909024,0xed6ba208500270863ca488adca85ceb3f91a7faaa0f7d894220ccf79eaa6c84d,True,highest-temperature-in-wuhan-on-april-21-2026-17c,17945.538282,2026-04-19 04:05:37.905834+00:00,False,True,False,2026-04-21T12:00:00Z,"['0.997', '0.003']",394306,highest-temperature-in-wuhan-on-april-21-2026,Highest temperature in Wuhan on April 21?
2019418,Will the highest temperature in Wuhan be 18°C or higher on April 21?,Yes,No,86756745581107249584416750455336142381141668440767346645133953779114259037533,50384620702851909667154866596357449642752010417799642968499620350254539068672,0x429647359616a6b516be0814fc4be635f24ed9c460c37d195f2f29319fe2bdd3,True,highest-temperature-in-wuhan-on-april-21-2026-18corhigher,16088.367535999998,2026-04-19 04:05:38.017558+00:00,False,True,False,2026-04-21T12:00:00Z,"['0.0025', '0.9975']",394306,highest-temperature-in-wuhan-on-april-21-2026,Highest temperature in Wuhan on April 21?
2019427,Will the highest temperature in Chengdu be 21°C on April 21?,Yes,No,28733310576116821952555272085252509138715545892903247965092566268045368794160,28552027996624081489620493321094060455081286592493641762087056980560627813331,0x627a7639fa955e8e92bbb0c394db6ee1a6f40aefd8b7f7033dde72f4afc4c024,True,highest-temperature-in-chengdu-on-april-21-2026-21c,19760.879197,2026-04-19 04:05:42.610483+00:00,False,True,False,2026-04-21T12:00:00Z,"['0.9995', '0.0005']",394307,highest-temperature-in-chengdu-on-april-21-2026,Highest temperature in Chengdu on April 21?
2019428,Will the highest temperature in Chengdu be 22°C on April 21?,Yes,No,15858326933893008546868527235695930732616916983830726828093548428295341922540,109178003348587735340265912199912360805864125481643641094423478713123679488955,0x027ddcf668066571246963e1a665b5326c89a3b59d85ae0b5e5919385a4a559b,True,highest-temperature-in-chengdu-on-april-21-2026-22c,10536.119106999997,2026-04-19 04:05:42.720766+00:00,False,True,False,2026-04-21T12:00:00Z,"['0.0005', '0.9995']",394307,highest-temperature-in-chengdu-on-april-21-2026,Highest temperature in Chengdu on April 21?
2019429,Will the highest temperature in Chengdu be 23°C or higher on April 21?,Yes,No,25971565244939050547525450198049271728519069992809694100768163679392994249144,74620486801989707423832783548586663388520581236682582510328353382237282252952,0x6b9428a5f4e8e40009d1a480e127cd1b9b4bdebc78015e6d4f8116339cdc6b9a,True,highest-temperature-in-chengdu-on-april-21-2026-23corhigher,12587.575594000004,2026-04-19 04:05:42.832187+00:00,False,True,False,2026-04-21T12:00:00Z,"['0.001', '0.999']",394307,highest-temperature-in-chengdu-on-april-21-2026,Highest temperature in Chengdu on April 21?
2019437,Will the highest temperature in Shenzhen be 29°C on April 21?,Yes,No,29149326231629879541176898316971770075698414260734050184658612530153426436943,110906130189811197289514203003477460216665346625408415783313406594227639998413,0xc0e87862b03266dc7c98f177eb71f2109f47ea20e8a279cf0f30682a56989ba8,True,highest-temperature-in-shenzhen-on-april-21-2026-29c,17351.441896000004,2026-04-19 04:05:47.504432+00:00,False,True,False,2026-04-21T12:00:00Z,"['0.9985', '0.0015']",394308,highest-temperature-in-shenzhen-on-april-21-2026,Highest temperature in Shenzhen on April 21?
2019438,Will the highest temperature in Shenzhen be 30°C on April 21?,Yes,No,10373146691277230223971269027555396497104757343456246804621791858525363963290,56991979359067859576213648870306665339641073967464732450708374661204678371446,0xbdce3f2db4f343b7f4d010e88c0b5ccaa6f4c78a35a3db4231c963dead346495,True,highest-temperature-in-shenzhen-on-april-21-2026-30c,13871.814225999999,2026-04-19 04:05:47.612191+00:00,False,True,False,2026-04-21T12:00:00Z,"['0.0005', '0.9995']",394308,highest-temperature-in-shenzhen-on-april-21-2026,Highest temperature in Shenzhen on April 21?
2019439,Will the highest temperature in Shenzhen be 31°C on April 21?,Yes,No,46623957378196544429031029585213906323363426884501803390478065784419972903876,23124510317411387999934480516121075903176545107216388470450298843175948315276,0x62c791ea128e62a1af34ea52caf2c81faa440f1f94b8b0517d019b044c374673,True,highest-temperature-in-shenzhen-on-april-21-2026-31c,5392.359302999999,2026-04-19 04:05:47.721299+00:00,False,True,False,2026-04-21T12:00:00Z,"['0.0005', '0.9995']",394308,highest-temperature-in-shenzhen-on-april-21-2026,Highest temperature in Shenzhen on April 21?
2019440,Will the highest temperature in Shenzhen be 32°C or higher on April 21?,Yes,No,114472979865483888863353253183192470351731104269066825906757281262491302184053,85417133929577055752743097417508596620842018347107594848361345023246224658345,0x20917ae920995185ae9d99f5bd13bc3393645709c04e74f59451eb7829a3e6e3,True,highest-temperature-in-shenzhen-on-april-21-2026-32corhigher,4841.975498000001,2026-04-19 04:05:47.831205+00:00,False,True,False,2026-04-21T12:00:00Z,"['0.0005', '0.9995']",394308,highest-temperature-in-shenzhen-on-april-21-2026,Highest temperature in Shenzhen on April 21?
2019449,Will the highest temperature in Austin be between 58-59°F on April 21?,Yes,No,51174301504477342867854371777724681160082518639365778862958188194976673016947,96654356906071604939210545870928077095265611661363507795986284522091227954436,0x40f76e75a96bcb8b91f19bd0a42c2e6fe5d65234ea6a6b22420cacdabb8aa772,True,highest-temperature-in-austin-on-april-21-2026-58-59f,3118.996891999997,2026-04-19 04:05:52.848170+00:00,False,True,False,2026-04-21T12:00:00Z,"['0.0005', '0.9995']",394309,highest-temperature-in-austin-on-april-21-2026,Highest temperature in Austin on April 21?
2019450,Will the highest temperature in Austin be between 60-61°F on April 21?,Yes,No,34336482638212901305176569333112775441491516212246626194689029759113901062454,67456885311709923862786731021229392095099272749398977379694895665306335027752,0x93923329f03da416fc489da4ac55073d032611b56d5b05cc07962610f8705bd9,True,highest-temperature-in-austin-on-april-21-2026-60-61f,4109.184875999999,2026-04-19 04:05:52.957907+00:00,False,True,False,2026-04-21T12:00:00Z,"['0.0025', '0.9975']",394309,highest-temperature-in-austin-on-april-21-2026,Highest temperature in Austin on April 21?
2019451,Will the highest temperature in Austin be 62°F or higher on April 21?,Yes,No,48280873233835386377516330137286459078690840346114037194814433929530762145391,35142193645906806732354007768528683815433533588233036698064311317342861742950,0xd921d9532a574f32c7289f5d6e168f838bb04684c5c4eb9e48b6df538fa5f83b,True,highest-temperature-in-austin-on-april-21-2026-62forhigher,3554.900244000001,2026-04-19 04:05:53.067558+00:00,False,True,False,2026-04-21T12:00:00Z,"['0.996', '0.004']",394309,highest-temperature-in-austin-on-april-21-2026,Highest temperature in Austin on April 21?
2019460,Will the highest temperature in Denver be between 52-53°F on April 21?,Yes,No,47236424314140038914278309710682209726361394411450887763713096266930926768812,87975067146157834063746222557841995120678895990452521845006308811439091896654,0x9730f83669267fe48e06c8082cfebed03c5025767ae340844d914ff1cfd10224,True,highest-temperature-in-denver-on-april-21-2026-52-53f,1149.246044,2026-04-19 04:05:57.839922+00:00,False,True,False,2026-04-21T12:00:00Z,"['0.0005', '0.9995']",394310,highest-temperature-in-denver-on-april-21-2026,Highest temperature in Denver on April 21?
2019461,Will the highest temperature in Denver be between 54-55°F on April 21?,Yes,No,17031111004211106964355072815986700661869977830377023643249805591134241534022,27073794455437071655968977843960994707338093988929032825266199945205916843295,0x35276ccb14e2cdba39966287a402e4793eb2dddbaea9d1bc7ad5de0332f4c549,True,highest-temperature-in-denver-on-april-21-2026-54-55f,1537.2565410000002,2026-04-19 04:05:57.949940+00:00,False,True,False,2026-04-21T12:00:00Z,"['0.0005', '0.9995']",394310,highest-temperature-in-denver-on-april-21-2026,Highest temperature in Denver on April 21?
2019462,Will the highest temperature in Denver be 56°F or higher on April 21?,Yes,No,7562713013602494661361180788853274324811245745587618856520496204590097352999,30155899048158919727929545339252417896106672015336286645636265925231917755497,0x7b3b8419f317638c89998ab4e1f6f5cd19845f4a0d3a1f9259d878779c9f7413,True,highest-temperature-in-denver-on-april-21-2026-56forhigher,15440.770166000022,2026-04-19 04:05:58.057546+00:00,False,True,False,2026-04-21T12:00:00Z,"['0.9995', '0.0005']",394310,highest-temperature-in-denver-on-april-21-2026,Highest temperature in Denver on April 21?
2019471,Will the highest temperature in Houston be between 68-69°F on April 21?,Yes,No,15688693993316221947580149193665825820509030042612917383892288399134255630026,103347559075875440904911414099713128718666233250664872077038014614069236132967,0xb32177d87724866a7ae56756f0af0379ee01bffa2e93d533f0a429bb5d320810,True,highest-temperature-in-houston-on-april-21-2026-68-69f,5834.876514999994,2026-04-19 04:06:01.970226+00:00,False,True,False,2026-04-21T12:00:00Z,"['0.305', '0.695']",394311,highest-temperature-in-houston-on-april-21-2026,Highest temperature in Houston on April 21?
2019472,Will the highest temperature in Houston be between 70-71°F on April 21?,Yes,No,75666079456192464575312182716816162780983932446809538190567166338799122108587,79364239556044575637199864490043538168415337009333155282009286727805471385003,0xf217e2c9ca74dd89b62b8178d6b6b1c21d237f7cdfd1db930c8e42a24e1c0adf,True,highest-temperature-in-houston-on-april-21-2026-70-71f,4087.5860970000017,2026-04-19 04:06:02.081734+00:00,False,True,False,2026-04-21T12:00:00Z,"['0.265', '0.735']",394311,highest-temperature-in-houston-on-april-21-2026,Highest temperature in Houston on April 21?
2019473,Will the highest temperature in Houston be 72°F or higher on April 21?,Yes,No,14380232949776362894384116612120368435666828352816888401785056885120735301406,77585257056969857067239434307618349517701850177046613562463819069619256931959,0xdfe0bf80b6d462a0e90a16dbeaac437f2d66c5c68d9e7d5c86d572271a8b0d6a,True,highest-temperature-in-houston-on-april-21-2026-72forhigher,5556.9829469999995,2026-04-19 04:06:02.192930+00:00,False,True,False,2026-04-21T12:00:00Z,"['0.47', '0.53']",394311,highest-temperature-in-houston-on-april-21-2026,Highest temperature in Houston on April 21?
2019476,Will the highest temperature in Los Angeles be between 58-59°F on April 21?,Yes,No,90282065295701700859538761069661842401642257896436184232008659956631840289385,60950152350605350382931411791108595380224231512675988546198227319451430819696,0xa44001262d84b13f1d79da998824c18e574f7331b1fa82e2e9fa1b676368ac23,True,highest-temperature-in-los-angeles-on-april-21-2026-58-59f,2773.5684439999995,2026-04-19 04:06:05.533784+00:00,False,True,False,2026-04-21T12:00:00Z,"['0.0015', '0.9985']",394312,highest-temperature-in-los-angeles-on-april-21-2026,Highest temperature in Los Angeles on April 21?
2019477,Will the highest temperature in Los Angeles be between 60-61°F on April 21?,Yes,No,94100547619024273470378575522566545801927939187824094289217327350478222522043,25138566655162799908025319526218121082730410790288257711277427055035590253546,0xba0f83534c500dbed033b8c46ad340f7f5a9eeec995ad817c5e0637bee01e9c8,True,highest-temperature-in-los-angeles-on-april-21-2026-60-61f,2239.219465,2026-04-19 04:06:05.640418+00:00,False,True,False,2026-04-21T12:00:00Z,"['0.0025', '0.9975']",394312,highest-temperature-in-los-angeles-on-april-21-2026,Highest temperature in Los Angeles on April 21?
2019478,Will the highest temperature in Los Angeles be between 62-63°F on April 21?,Yes,No,17607462617481134277366043432753520082911799776896478450143320744104363667898,6738363983159090067896286664362369358957594026803513278390422063075001091203,0x60e3feedb3283564af614402752c4998145c3533f4dcbac33ce5bcc2bba0db9d,True,highest-temperature-in-los-angeles-on-april-21-2026-62-63f,2764.627965,2026-04-19 04:06:06.683329+00:00,False,True,False,2026-04-21T12:00:00Z,"['0.0075', '0.9925']",394312,highest-temperature-in-los-angeles-on-april-21-2026,Highest temperature in Los Angeles on April 21?
2019479,Will the highest temperature in Los Angeles be between 64-65°F on April 21?,Yes,No,12301612061511597266129235146095696534620206384597296117167460426589092254900,22005140975942501521790126513333524067243869915356517852643192115639861210755,0xa8b7eb984d62d003b58c273ee69e03a5d5c617d72334bf82ef33aac5c7697aa4,True,highest-temperature-in-los-angeles-on-april-21-2026-64-65f,3647.171699999998,2026-04-19 04:06:06.797116+00:00,False,True,False,2026-04-21T12:00:00Z,"['0.071', '0.929']",394312,highest-temperature-in-los-angeles-on-april-21-2026,Highest temperature in Los Angeles on April 21?
2019480,Will the highest temperature in Los Angeles be between 66-67°F on April 21?,Yes,No,64598387645663624209198935545018061385673833073493446483426638110935735634267,82293630010910940414572243249747501835201370518393857662262206129277434443542,0x5e75c027da08abde98949fb004efcd3aa3aae6a141fdbcecdfd18d257b27c2d7,True,highest-temperature-in-los-angeles-on-april-21-2026-66-67f,2628.159203,2026-04-19 04:06:06.907296+00:00,False,True,False,2026-04-21T12:00:00Z,"['0.365', '0.635']",394312,highest-temperature-in-los-angeles-on-april-21-2026,Highest temperature in Los Angeles on April 21?
2019481,Will the highest temperature in Los Angeles be between 68-69°F on April 21?,Yes,No,42743047032787176032337148200163039944790974218951351092799775649054502851081,92025851279698570995227088248875664874725239104709097751216036692718739438123,0xf2cef43706744b1e589950473dd8b7646a3e70c9406cd0bf607204c18b9d41b9,True,highest-temperature-in-los-angeles-on-april-21-2026-68-69f,3589.8102550000017,2026-04-19 04:06:07.016418+00:00,False,True,False,2026-04-21T12:00:00Z,"['0.405', '0.595']",394312,highest-temperature-in-los-angeles-on-april-21-2026,Highest temperature in Los Angeles on April 21?
2019482,Will the highest temperature in Los Angeles be between 70-71°F on April 21?,Yes,No,43473275196625067998931639133487455550837251265645216816897229182610624919442,107169969841059765733630959573857988382463354715944044814553329736116298187391,0x63d6794c95861afb7ef675c7638f8cfe7ab095922981cd81dc6fe913faa81db1,True,highest-temperature-in-los-angeles-on-april-21-2026-70-71f,3291.6898279999996,2026-04-19 04:06:07.135480+00:00,False,True,False,2026-04-21T12:00:00Z,"['0.055', '0.945']",394312,highest-temperature-in-los-angeles-on-april-21-2026,Highest temperature in Los Angeles on April 21?
2019483,Will the highest temperature in Los Angeles be between 72-73°F on April 21?,Yes,No,45604977878484376898542615554737524985063472119612586046184375339931436511198,32266801392832174462520127817768325206929346971452451959408730331489138324997,0xb1490f99c301f612af98030920b77c749d7a1054d719f1779c491a23df66cf89,True,highest-temperature-in-los-angeles-on-april-21-2026-72-73f,3649.2276559999996,2026-04-19 04:06:07.268148+00:00,False,True,False,2026-04-21T12:00:00Z,"['0.021', '0.979']",394312,highest-temperature-in-los-angeles-on-april-21-2026,Highest temperature in Los Angeles on April 21?
2019484,Will the highest temperature in Los Angeles be 74°F or higher on April 21?,Yes,No,76705469891311283917201805280765032593199277118206434162654276752137314421137,113547305501048624095176451422633598482228631298788125729679908858210329105322,0x7206ca911dc050b38ddf347a2d983a583593c5acc71c057e949b04ef5cb40777,True,highest-temperature-in-los-angeles-on-april-21-2026-74forhigher,5134.365965000003,2026-04-19 04:06:07.379980+00:00,False,True,False,2026-04-21T12:00:00Z,"['0.0055', '0.9945']",394312,highest-temperature-in-los-angeles-on-april-21-2026,Highest temperature in Los Angeles on April 21?
2019487,Will the highest temperature in San Francisco be between 54-55°F on April 21?,Yes,No,92316328162719980507595200091733965712051704639742515542070468946173992493500,96853131789525112043973763215271274369279266731364443636851008151492719627358,0x706257d11e9becf218a8336cc9d1563cfcc1423679c7d0521c197cce0360c3d1,True,highest-temperature-in-san-francisco-on-april-21-2026-54-55f,5287.915671999999,2026-04-19 04:06:11.043155+00:00,False,True,False,2026-04-21T12:00:00Z,"['0.005', '0.995']",394313,highest-temperature-in-san-francisco-on-april-21-2026,Highest temperature in San Francisco on April 21?
2019488,Will the highest temperature in San Francisco be between 56-57°F on April 21?,Yes,No,52051828353148617782542097379055166398671711730308591387817752706178172887475,44828444633473784658897021527128989649647347801245252738069077277380380383583,0x22fe663a89a0da24777e0a9757db3aa3150dee7aaba0ea1ab1a4e2e5aef8d38c,True,highest-temperature-in-san-francisco-on-april-21-2026-56-57f,4270.096233000002,2026-04-19 04:06:11.203367+00:00,False,True,False,2026-04-21T12:00:00Z,"['0.0835', '0.9165']",394313,highest-temperature-in-san-francisco-on-april-21-2026,Highest temperature in San Francisco on April 21?
2019489,Will the highest temperature in San Francisco be between 58-59°F on April 21?,Yes,No,79865950998054925329598209090371374292560762242269549681355890970543769060115,103488794647716687776329771663572495825185402091900916055720330691423623632699,0xc89ed547d56fd90efe6a0bdd0ebba563ed5999dcfeb8c2ea54d2dd18ba415f1c,True,highest-temperature-in-san-francisco-on-april-21-2026-58-59f,3073.210915,2026-04-19 04:06:12.167232+00:00,False,True,False,2026-04-21T12:00:00Z,"['0.295', '0.705']",394313,highest-temperature-in-san-francisco-on-april-21-2026,Highest temperature in San Francisco on April 21?
2019490,Will the highest temperature in San Francisco be between 60-61°F on April 21?,Yes,No,88037556060819917535840045804081553597524817374548176626907695487419687835930,47357081265673300580169728944510978072398683369776819019473680093664941354541,0xeccc2c5e18ccb3a83548985df6873e076e7d062d590cf0ea7af39d9c640d5ad0,True,highest-temperature-in-san-francisco-on-april-21-2026-60-61f,3424.5035549999993,2026-04-19 04:06:12.276633+00:00,False,True,False,2026-04-21T12:00:00Z,"['0.475', '0.525']",394313,highest-temperature-in-san-francisco-on-april-21-2026,Highest temperature in San Francisco on April 21?
2019491,Will the highest temperature in San Francisco be between 62-63°F on April 21?,Yes,No,79147293171866968239136500964275624809891859538251855047984338957377092688222,46895986998548363568603285776674801861655834057498572959561126704692715162282,0x688f8221591686670d54d6fc1796bc16b5a2078b4938c9325d89c33c507bce5d,True,highest-temperature-in-san-francisco-on-april-21-2026-62-63f,4536.58015,2026-04-19 04:06:12.392462+00:00,False,True,False,2026-04-21T12:00:00Z,"['0.16', '0.84']",394313,highest-temperature-in-san-francisco-on-april-21-2026,Highest temperature in San Francisco on April 21?
2019492,Will the highest temperature in San Francisco be between 64-65°F on April 21?,Yes,No,112998365270543674891841536970731626576972633694553037055696450177621144434092,49983677349236305888718879731543361615884004387683368792029896666990751269543,0x52b51463920c9fd235d27ba2508d115110c9d9c9860842679ed78536bb70d455,True,highest-temperature-in-san-francisco-on-april-21-2026-64-65f,4872.978229000002,2026-04-19 04:06:12.511496+00:00,False,True,False,2026-04-21T12:00:00Z,"['0.0335', '0.9665']",394313,highest-temperature-in-san-francisco-on-april-21-2026,Highest temperature in San Francisco on April 21?
2019493,Will the highest temperature in San Francisco be between 66-67°F on April 21?,Yes,No,33434971340622847695214208164402105436035939911908674419548952689221214530470,98832612220128617755401841293038287231852790617556542568823229269766277416751,0xf2d8d55847bc0bb6cd30868315a9ea3371c270ee470473e50b89eeff2bdcfcf4,True,highest-temperature-in-san-francisco-on-april-21-2026-66-67f,4148.071254,2026-04-19 04:06:12.619545+00:00,False,True,False,2026-04-21T12:00:00Z,"['0.0035', '0.9965']",394313,highest-temperature-in-san-francisco-on-april-21-2026,Highest temperature in San Francisco on April 21?
2019494,Will the highest temperature in San Francisco be between 68-69°F on April 21?,Yes,No,107595604983908587792644228966153289022948978632591077180103216065273115258037,61257466039698031663483870708848710468540371622865092926717263986959787989262,0xdb16ab8cdf9791ce99e0d46333d8c4adda8e062eca000b06cd88fa81148bd90b,True,highest-temperature-in-san-francisco-on-april-21-2026-68-69f,4901.204052000006,2026-04-19 04:06:12.730828+00:00,False,True,False,2026-04-21T12:00:00Z,"['0.0025', '0.9975']",394313,highest-temperature-in-san-francisco-on-april-21-2026,Highest temperature in San Francisco on April 21?
2019495,Will the highest temperature in San Francisco be 70°F or higher on April 21?,Yes,No,91867050158722761585891165612273178709935420379765746458852794594502466691437,17998927977582352742943772222371270257632513419530589480952908123700275421907,0xbebb02f52d5a75a0ee199c568fe6262cc165fd4264b8063096125d7b80632948,True,highest-temperature-in-san-francisco-on-april-21-2026-70forhigher,6613.4059629999965,2026-04-19 04:06:12.837021+00:00,False,True,False,2026-04-21T12:00:00Z,"['0.003', '0.997']",394313,highest-temperature-in-san-francisco-on-april-21-2026,Highest temperature in San Francisco on April 21?
2019500,Will the highest temperature in Moscow be 6°C on April 21?,Yes,No,113379869380536283134686936295491293055572817688334066019646972237128191258344,62731561408431467236554770375270765628430741474616110212930846089938641165462,0xa0354c8d5511c0b292384d95e925e7a1d9e3c0b28fe2855702aec2a33fdcbf45,True,highest-temperature-in-moscow-on-april-21-2026-6c,6704.577678,2026-04-19 04:06:17.211804+00:00,False,True,False,2026-04-21T12:00:00Z,"['0.0005', '0.9995']",394314,highest-temperature-in-moscow-on-april-21-2026,Highest temperature in Moscow on April 21?
2019501,Will the highest temperature in Moscow be 7°C on April 21?,Yes,No,104545761900958912064702185896780984696281449032487112543102168896766163540344,55195310073685921512375315105298111064691878656819071575821755757039472762547,0x077388268b635c6dd8cf4ccd47a63d29b54b40bb8eb58f91ccfaee11b72cc7b6,True,highest-temperature-in-moscow-on-april-21-2026-7c,16682.784615000004,2026-04-19 04:06:17.319797+00:00,False,True,False,2026-04-21T12:00:00Z,"['0.0005', '0.9995']",394314,highest-temperature-in-moscow-on-april-21-2026,Highest temperature in Moscow on April 21?
2019502,Will the highest temperature in Moscow be 8°C on April 21?,Yes,No,67367381816003001199117555264832486344955044075631311186235819383689090751465,65400420034584266467134075988246013842457275965860957717068937653581129364001,0x8eec0a38c390b5dd6b65764fae837abf99dd03a1055ea372097495632882613e,True,highest-temperature-in-moscow-on-april-21-2026-8c,2861.3780760000004,2026-04-19 04:06:17.427629+00:00,False,True,False,2026-04-21T12:00:00Z,"['0.865', '0.135']",394314,highest-temperature-in-moscow-on-april-21-2026,Highest temperature in Moscow on April 21?
2019503,Will the highest temperature in Moscow be 9°C on April 21?,Yes,No,44813614399394654586646698542762618159477812770852068437740898078455680877798,90594291984333310452449140274604486366261917664936087826628119391582643930944,0xba0b4072c11dd6bf14b5fd4bded98ac35ff8ababd5e182f2cc271bcedc0c565d,True,highest-temperature-in-moscow-on-april-21-2026-9c,2403.1786610000004,2026-04-19 04:06:17.534616+00:00,False,True,False,2026-04-21T12:00:00Z,"['0.115', '0.885']",394314,highest-temperature-in-moscow-on-april-21-2026,Highest temperature in Moscow on April 21?
2019504,Will the highest temperature in Moscow be 10°C on April 21?,Yes,No,80862969355196246268641636269926305743503807794618443066858332893545760305946,101075639514891832652101700613572207785025917242787137028099770553809318614052,0xd5471c7e897e3c2bddd8afefff0f6d09a00fe0d0c1e372e1817b6b6d7fe95451,True,highest-temperature-in-moscow-on-april-21-2026-10c,2401.8488980000006,2026-04-19 04:06:17.642061+00:00,False,True,False,2026-04-21T12:00:00Z,"['0.008', '0.992']",394314,highest-temperature-in-moscow-on-april-21-2026,Highest temperature in Moscow on April 21?
2019505,Will the highest temperature in Moscow be 11°C on April 21?,Yes,No,13766552233249817713728623337784707535176256368172907035783943876622808039602,113477694962788161371290951211528237242287875662231873390982497094121232501959,0x57d75d2f23b7b86056f08ace3861d09a44c9740d45176fc3c8b5609d83e09018,True,highest-temperature-in-moscow-on-april-21-2026-11c,2110.130064000001,2026-04-19 04:06:17.751257+00:00,False,True,False,2026-04-21T12:00:00Z,"['0.0045', '0.9955']",394314,highest-temperature-in-moscow-on-april-21-2026,Highest temperature in Moscow on April 21?
2019506,Will the highest temperature in Moscow be 12°C or higher on April 21?,Yes,No,50261319361662945319189603547595740781041185610614634813978516260942047512004,19658693711705222917751651546312299708148294158213603487498612965592366129421,0x7f414df53baad6623321160df836343a71732afe3790572ea5ee35c3797d9035,True,highest-temperature-in-moscow-on-april-21-2026-12corhigher,5661.838406999999,2026-04-19 04:06:17.858464+00:00,False,True,False,2026-04-21T12:00:00Z,"['0.0025', '0.9975']",394314,highest-temperature-in-moscow-on-april-21-2026,Highest temperature in Moscow on April 21?
2019515,Will the highest temperature in Istanbul be 18°C on April 21?,Yes,No,87046654851817771282412330375094581879017901524192230882308660120438570105707,42930796069043344785522075482834866073073416734957203485047057734038106484996,0xd151446c85d1c132c926defd21d13658a70dc0a82a5de4fe11664231ae2e8f42,True,highest-temperature-in-istanbul-on-april-21-2026-18c,38949.10865500001,2026-04-19 04:06:21.883833+00:00,False,True,False,2026-04-21T12:00:00Z,"['0.9955', '0.0045']",394315,highest-temperature-in-istanbul-on-april-21-2026,Highest temperature in Istanbul on April 21?
2019516,Will the highest temperature in Istanbul be 19°C on April 21?,Yes,No,80753351813716969955670041952030217738709651048277500090695456026056654591584,112101816388207165863910340093316978001056412622507994429255705301691227087237,0x137d0535b71b234c05cc81f5aeeeff8018c168352722510a991b3dff91fb7448,True,highest-temperature-in-istanbul-on-april-21-2026-19c,5149.800684,2026-04-19 04:06:21.997707+00:00,False,True,False,2026-04-21T12:00:00Z,"['0.0045', '0.9955']",394315,highest-temperature-in-istanbul-on-april-21-2026,Highest temperature in Istanbul on April 21?
2019517,Will the highest temperature in Istanbul be 20°C or higher on April 21?,Yes,No,86647181993900852016817523978672886880959456725974701259676466391136748799719,95911504728944475566197363698106930374800684589484231325638794076225925497632,0x37ca8212c04a47b58144003d5d9864b23c7691e0c12657e4e626f7533a693c6d,True,highest-temperature-in-istanbul-on-april-21-2026-20corhigher,6562.1576239999995,2026-04-19 04:06:22.104925+00:00,False,True,False,2026-04-21T12:00:00Z,"['0.0015', '0.9985']",394315,highest-temperature-in-istanbul-on-april-21-2026,Highest temperature in Istanbul on April 21?
2019518,Will the highest temperature in Mexico City be 17°C or below on April 21?,Yes,No,109144927710562640895005886234093104683510409637384580386854946853011787052180,47992905072551005694730610033810067545580052288233308799282284170939870244874,0xce445b5847c81152826b74a0f71753f5458ad617aa6e3e171e1e6a8c89d547a1,True,highest-temperature-in-mexico-city-on-april-21-2026-17corbelow,2502.2107510000005,2026-04-19 04:06:26.628163+00:00,False,True,False,2026-04-21T12:00:00Z,"['0.0015', '0.9985']",394316,highest-temperature-in-mexico-city-on-april-21-2026,Highest temperature in Mexico City on April 21?
2019519,Will the highest temperature in Mexico City be 18°C on April 21?,Yes,No,9515194778353670726860168387011393528085412738817200976633637203558465761117,107791868442806746484890439849470651913995859500119240205136203964272392838359,0x087985858a4fd5664a621ef43f72fe937b950e1873c9d8b366b7bca550b808f7,True,highest-temperature-in-mexico-city-on-april-21-2026-18c,2951.511025,2026-04-19 04:06:26.738828+00:00,False,True,False,2026-04-21T12:00:00Z,"['0.0025', '0.9975']",394316,highest-temperature-in-mexico-city-on-april-21-2026,Highest temperature in Mexico City on April 21?
2019520,Will the highest temperature in Mexico City be 19°C on April 21?,Yes,No,87014932125777399789425129278294255759244113713652997562786847184517639096991,93759133881923765699927455739141888600229442857434198374521983064772214865815,0x79b70a5f819238e50411395ab65237ff7cf3c369f45f140f962cec6434745ed9,True,highest-temperature-in-mexico-city-on-april-21-2026-19c,2562.296605,2026-04-19 04:06:26.846127+00:00,False,True,False,2026-04-21T12:00:00Z,"['0.0025', '0.9975']",394316,highest-temperature-in-mexico-city-on-april-21-2026,Highest temperature in Mexico City on April 21?
2019521,Will the highest temperature in Mexico City be 20°C on April 21?,Yes,No,107751465597576772040010887272637704174774517688244178060358348583034549930813,41094401760618308953446251692086865371472559200171878999818962332251466652769,0x5f2b04dbab8d4e2ec8208116e2476131c52cd7292c44f17c900cc03f9ead66c1,True,highest-temperature-in-mexico-city-on-april-21-2026-20c,2418.3400210000004,2026-04-19 04:06:26.955788+00:00,False,True,False,2026-04-21T12:00:00Z,"['0.0025', '0.9975']",394316,highest-temperature-in-mexico-city-on-april-21-2026,Highest temperature in Mexico City on April 21?
2019522,Will the highest temperature in Mexico City be 21°C on April 21?,Yes,No,81526147482477754595972095021440702368771937475233817523455366925174324707922,17434346010706080854274642942487772509553677886853282547465992389086814600658,0xf52e5d70e2494b32e2b93eba2f3811980d5da2cb281b1c6744472f40935c9afc,True,highest-temperature-in-mexico-city-on-april-21-2026-21c,3395.676284,2026-04-19 04:06:27.062876+00:00,False,True,False,2026-04-21T12:00:00Z,"['0.003', '0.997']",394316,highest-temperature-in-mexico-city-on-april-21-2026,Highest temperature in Mexico City on April 21?
2019523,Will the highest temperature in Mexico City be 22°C on April 21?,Yes,No,67366889416245814126540573473842507014887387022678505447795723945436346368426,111044370375764373797267756918335335951224972178859491849267790485292948062610,0xa3cd6424c6a9b956314cf271e72153a7b92a57fd012913471a25c24e7a1cc243,True,highest-temperature-in-mexico-city-on-april-21-2026-22c,3812.4382440000013,2026-04-19 04:06:27.173969+00:00,False,True,False,2026-04-21T12:00:00Z,"['0.0025', '0.9975']",394316,highest-temperature-in-mexico-city-on-april-21-2026,Highest temperature in Mexico City on April 21?
2019524,Will the highest temperature in Mexico City be 23°C on April 21?,Yes,No,81410152644470936508240894640977845209119750802878607189007613219043860491099,60731355565786398603314184789979791689150230746594896849835867099430477608859,0xea52c49a9eb7c996de6e3019bcf5944a4f2e749b4daf9cb87a175aef59f342c5,True,highest-temperature-in-mexico-city-on-april-21-2026-23c,6893.764159999996,2026-04-19 04:06:27.280477+00:00,False,True,False,2026-04-21T12:00:00Z,"['0.0275', '0.9725']",394316,highest-temperature-in-mexico-city-on-april-21-2026,Highest temperature in Mexico City on April 21?
2019525,Will the highest temperature in Mexico City be 24°C on April 21?,Yes,No,14883743366356358345667196850259007961497348218738345529099853252961798786940,47807893171505150040311510091993438018799362838126508498948064239261726754498,0xcf64f41d66864b746ab1349fcf5612e8f7578a45077f1818edb579edbf890f74,True,highest-temperature-in-mexico-city-on-april-21-2026-24c,2610.372491000002,2026-04-19 04:06:27.570021+00:00,False,True,False,2026-04-21T12:00:00Z,"['0.055', '0.945']",394316,highest-temperature-in-mexico-city-on-april-21-2026,Highest temperature in Mexico City on April 21?
2019526,Will the highest temperature in Mexico City be 25°C on April 21?,Yes,No,73715722795292423800058846913464520888064351799403600651650733907546520517304,85807407365826322550892130957141971810041408852918473260693011773622668261942,0xbbd89daeb97ed1bdbcd48aa316d43a3157ec25b24b890b6afa639d01d58b3d44,True,highest-temperature-in-mexico-city-on-april-21-2026-25c,1049.2387669999994,2026-04-19 04:06:27.680805+00:00,False,True,False,2026-04-21T12:00:00Z,"['0.4', '0.6']",394316,highest-temperature-in-mexico-city-on-april-21-2026,Highest temperature in Mexico City on April 21?
2019527,Will the highest temperature in Mexico City be 26°C on April 21?,Yes,No,93722056576087209171881855404225359978161217867750986562996723441205768029658,67143820846384883142612382672625654217781188473218138977052709467990837554845,0x05af6cb11d3ce53ba999bb7c64ca44d004f0d1062813f6df098482bb595e4c0f,True,highest-temperature-in-mexico-city-on-april-21-2026-26c,1145.591779,2026-04-19 04:06:27.789962+00:00,False,True,False,2026-04-21T12:00:00Z,"['0.315', '0.685']",394316,highest-temperature-in-mexico-city-on-april-21-2026,Highest temperature in Mexico City on April 21?
2019528,Will the highest temperature in Mexico City be 27°C or higher on April 21?,Yes,No,12894507570436003520477521757894295891673700211897078376667961944814576990611,44199081548097571885794792473012979076878270635868190464596357852755359921857,0xf38e07ea49af41525ccb103537b23099794ac8165a0309875209fc68d2df9fa6,True,highest-temperature-in-mexico-city-on-april-21-2026-27corhigher,2001.6694049999996,2026-04-19 04:06:27.897201+00:00,False,True,False,2026-04-21T12:00:00Z,"['0.11', '0.89']",394316,highest-temperature-in-mexico-city-on-april-21-2026,Highest temperature in Mexico City on April 21?
2019535,Will the highest temperature in Busan be 21°C on April 21?,Yes,No,40183451445681249426663716992554015230949944631719798332636647946813611199082,112869913497251336701588350262741646778798289535699546380347286163526324315354,0xacdc9c5f9eb739875773f9bc41d6632a5b6bc77553541eca12f4f9cbad393161,True,highest-temperature-in-busan-on-april-21-2026-21c,13729.252973999995,2026-04-19 04:06:32.537327+00:00,False,True,False,2026-04-21T12:00:00Z,"['0.9995', '0.0005']",394317,highest-temperature-in-busan-on-april-21-2026,Highest temperature in Busan on April 21?
2019536,Will the highest temperature in Busan be 22°C on April 21?,Yes,No,54569373342120791128172404870407436264769429857605547596127244135015577841209,57327180265548065749289917252739578990920646319773286640105235369017935976916,0xd8e62719f6d1b52d0d2ccb6d2aa69c82370148aabfe025abd4bf5e24eb687a6a,True,highest-temperature-in-busan-on-april-21-2026-22c,3969.7955940000006,2026-04-19 04:06:32.645180+00:00,False,True,False,2026-04-21T12:00:00Z,"['0.0005', '0.9995']",394317,highest-temperature-in-busan-on-april-21-2026,Highest temperature in Busan on April 21?
2019537,Will the highest temperature in Busan be 23°C on April 21?,Yes,No,88939995563219669382224524302485933412671294754894036232702200471975978267500,16491687171146946301565172244935647404632210819334203135960287880060161150617,0xfbc761ba81b9f79078feee46539103879c4599127fc72586b4b103c41d6aa671,True,highest-temperature-in-busan-on-april-21-2026-23c,5507.146114,2026-04-19 04:06:32.755522+00:00,False,True,False,2026-04-21T12:00:00Z,"['0.0005', '0.9995']",394317,highest-temperature-in-busan-on-april-21-2026,Highest temperature in Busan on April 21?
2019538,Will the highest temperature in Busan be 24°C on April 21?,Yes,No,63148975435367370481492457000384912365172256228611196502482720285771243351307,22718572874263446853600033413475137467689301398591838095979654045022987716305,0xc9b993ccec42ddc16ba74b7e17e98bca7a30e4c7ce774fa87eb7959fd805186b,True,highest-temperature-in-busan-on-april-21-2026-24c,6330.132436,2026-04-19 04:06:32.862724+00:00,False,True,False,2026-04-21T12:00:00Z,"['0.0005', '0.9995']",394317,highest-temperature-in-busan-on-april-21-2026,Highest temperature in Busan on April 21?
2019539,Will the highest temperature in Busan be 25°C or higher on April 21?,Yes,No,40147324490758961698200257635056718456539245877287915785497083334056231168445,114449909992027646650732525608731987487185411022823055011271401432205159956253,0x2df33938d93da7ea443ddb24d7c7b131e94c1b5b995661ef2d9b6de841012730,True,highest-temperature-in-busan-on-april-21-2026-25corhigher,5188.839563000003,2026-04-19 04:06:32.972653+00:00,False,True,False,2026-04-21T12:00:00Z,"['0.0005', '0.9995']",394317,highest-temperature-in-busan-on-april-21-2026,Highest temperature in Busan on April 21?
2019541,Will the highest temperature in Amsterdam be 10°C on April 21?,Yes,No,66258639609877956630995276958245868164718557474468208062792586795793300262765,76123357346276966055347942652359366598790910541699860215940730839932227206298,0x26d491a4a2f8588cb86760bfc2b376635e5b39f95ec596a26e89b6f3e2b436ad,True,highest-temperature-in-amsterdam-on-april-21-2026-10c,3130.3094329999994,2026-04-19 04:06:37.076334+00:00,False,True,False,2026-04-21T12:00:00Z,"['0.0005', '0.9995']",394318,highest-temperature-in-amsterdam-on-april-21-2026,Highest temperature in Amsterdam on April 21?
2019542,Will the highest temperature in Amsterdam be 11°C on April 21?,Yes,No,22948180230195222598763897931856405566468299171115571170301450588202754703207,6769402220248560798563279867400423821836076978175437452741625391856425466169,0x497b9f920c044b9246a0764276dc5c839e90d8d542ef9d164cabaad608bcf4d2,True,highest-temperature-in-amsterdam-on-april-21-2026-11c,1714.2742409999992,2026-04-19 04:06:37.184059+00:00,False,True,False,2026-04-21T12:00:00Z,"['0.0005', '0.9995']",394318,highest-temperature-in-amsterdam-on-april-21-2026,Highest temperature in Amsterdam on April 21?
2019543,Will the highest temperature in Amsterdam be 12°C on April 21?,Yes,No,104759323292264829530193004073077365872582814780934087197325765189413730193742,105422514385375446702659344879776797649624682520175820990672344560091057076683,0xf7fb6fdd3c9dffd5b55e6d71009d66ae187493cc99353de590f220fe207617f2,True,highest-temperature-in-amsterdam-on-april-21-2026-12c,11511.724298,2026-04-19 04:06:37.290313+00:00,False,True,False,2026-04-21T12:00:00Z,"['0.0005', '0.9995']",394318,highest-temperature-in-amsterdam-on-april-21-2026,Highest temperature in Amsterdam on April 21?
2019544,Will the highest temperature in Amsterdam be 13°C on April 21?,Yes,No,111492197402097596334074205701260972107073857529592639281133372872236550738465,1662770709181239393790437308542333434710718537811905305134072748086837646072,0x699fb38e392be725d6a97d4e5ab4253c16e2e761a782ffb4fb5bd8619b525e41,True,highest-temperature-in-amsterdam-on-april-21-2026-13c,4984.292130000001,2026-04-19 04:06:37.395984+00:00,False,True,False,2026-04-21T12:00:00Z,"['0.089', '0.911']",394318,highest-temperature-in-amsterdam-on-april-21-2026,Highest temperature in Amsterdam on April 21?
2019545,Will the highest temperature in Amsterdam be 14°C on April 21?,Yes,No,71025421670311812839578939909817706383816681112227516997009980323457357661661,85723995952824818489404883843785304157098950627101995316521301078775010569497,0x7a2402fd68b289834159edb2ca36722f5c32f8953a30912452209cebf6133941,True,highest-temperature-in-amsterdam-on-april-21-2026-14c,1941.748334,2026-04-19 04:06:37.504172+00:00,False,True,False,2026-04-21T12:00:00Z,"['0.67', '0.33']",394318,highest-temperature-in-amsterdam-on-april-21-2026,Highest temperature in Amsterdam on April 21?
2019546,Will the highest temperature in Amsterdam be 15°C on April 21?,Yes,No,72938281964014693533789508319302866796100477105314167309260592501410154679220,34251159531865272198182041800639406643265038207519854786771891103230276777572,0x305dcdd6eb2a7820384f95267a19e22b78fed25d2a323071d23d6923f7f05219,True,highest-temperature-in-amsterdam-on-april-21-2026-15c,1408.2799639999994,2026-04-19 04:06:37.611767+00:00,False,True,False,2026-04-21T12:00:00Z,"['0.255', '0.745']",394318,highest-temperature-in-amsterdam-on-april-21-2026,Highest temperature in Amsterdam on April 21?
2019547,Will the highest temperature in Amsterdam be 16°C on April 21?,Yes,No,60395924393972540173051183858938351641174278475344316062964069981354243701977,26618945921203316881913527307063610850669446023539061256188056057086224256930,0x79cf1cfa0039a0429f971d31f8a42a1389e1da6f0b13b36a5039d316f6b91fac,True,highest-temperature-in-amsterdam-on-april-21-2026-16c,2867.856870999999,2026-04-19 04:06:37.719221+00:00,False,True,False,2026-04-21T12:00:00Z,"['0.0225', '0.9775']",394318,highest-temperature-in-amsterdam-on-april-21-2026,Highest temperature in Amsterdam on April 21?
2019548,Will the highest temperature in Amsterdam be 17°C on April 21?,Yes,No,93299522565003238949652295196547529616007423883848870196747901574048452963200,112119392791546277075443504287090938603078899686285745089908347238115327241924,0xe5d77d94d16ebe791596c08732fb9f48a995fb178c4b3e72c1a67880077cfee6,True,highest-temperature-in-amsterdam-on-april-21-2026-17c,2157.013570000001,2026-04-19 04:06:37.829139+00:00,False,True,False,2026-04-21T12:00:00Z,"['0.005', '0.995']",394318,highest-temperature-in-amsterdam-on-april-21-2026,Highest temperature in Amsterdam on April 21?
2019549,Will the highest temperature in Amsterdam be 18°C on April 21?,Yes,No,51716726987335948635853789269944250402619498667944010451144601084773939677047,82489377685893633639664075482898939523574112172033102454098833326328454693100,0xe254060d2ca9932dbe4a8622a6b1707f78f38b8d0287a6d2dcb9926e5b0cf998,True,highest-temperature-in-amsterdam-on-april-21-2026-18c,945.728432,2026-04-19 04:06:37.936920+00:00,False,True,False,2026-04-21T12:00:00Z,"['0.002', '0.998']",394318,highest-temperature-in-amsterdam-on-april-21-2026,Highest temperature in Amsterdam on April 21?
2019550,Will the highest temperature in Amsterdam be 19°C or higher on April 21?,Yes,No,59536606532097532260586571377032614185366532558629639684244934713913489361918,100217175529283558075175679630330497249914454681398329389525553350874245609418,0x7b6b60fc0da0816d37438172dc7e37e4f3bbc2ac789240b9c3cf23950696c605,True,highest-temperature-in-amsterdam-on-april-21-2026-19corhigher,953.473428,2026-04-19 04:06:38.043935+00:00,False,True,False,2026-04-21T12:00:00Z,"['0.0015', '0.9985']",394318,highest-temperature-in-amsterdam-on-april-21-2026,Highest temperature in Amsterdam on April 21?
2019555,Will the highest temperature in Helsinki be 13°C on April 21?,Yes,No,91176642205216448000342479689463560460868141698598679164038051172787427612548,4365916661222882868771746848231202786573146060489632558522955807705563786485,0xd9c329f084c89eb149eed2b0e5aa70299573000207fec70632e533c75b89120c,True,highest-temperature-in-helsinki-on-april-21-2026-13c,15836.188176,2026-04-19 04:06:41.726368+00:00,False,True,False,2026-04-21T12:00:00Z,"['0.0005', '0.9995']",394319,highest-temperature-in-helsinki-on-april-21-2026,Highest temperature in Helsinki on April 21?
2019556,Will the highest temperature in Helsinki be 14°C on April 21?,Yes,No,9254112017805651052231576200284975732288290622485081585862857176473650381443,20102054835127865543209841362435848734022628428676716257464449457887604353416,0x79ca8e94fb97d2112ead01183c0da9769fd4f34b6dd563d4f184d1a5f0d2183c,True,highest-temperature-in-helsinki-on-april-21-2026-14c,5012.835612,2026-04-19 04:06:41.834414+00:00,False,True,False,2026-04-21T12:00:00Z,"['0.0005', '0.9995']",394319,highest-temperature-in-helsinki-on-april-21-2026,Highest temperature in Helsinki on April 21?
2019557,Will the highest temperature in Helsinki be 15°C on April 21?,Yes,No,16176029679469736343545305015725030944891840702022944367124996560121132596662,19858105714548966128437039218732687357255939336504487925236304928724462887739,0xb2a4ea20284db6ccc46807daccf7340dae7eaf74827ea0b9ad4a16156a31ddac,True,highest-temperature-in-helsinki-on-april-21-2026-15c,2664.984676999998,2026-04-19 04:06:41.941569+00:00,False,True,False,2026-04-21T12:00:00Z,"['0.875', '0.125']",394319,highest-temperature-in-helsinki-on-april-21-2026,Highest temperature in Helsinki on April 21?
2019558,Will the highest temperature in Helsinki be 16°C on April 21?,Yes,No,29089919279149597751869304296621158426365495783439061947337848576868674469558,35436965955171302692757762963980501195083860154217405344797332362477432205478,0x00cd4c32807269608f032e3e09970262b97afc12bf9512809d28f58746b43289,True,highest-temperature-in-helsinki-on-april-21-2026-16c,2555.8572970000014,2026-04-19 04:06:42.048757+00:00,False,True,False,2026-04-21T12:00:00Z,"['0.13', '0.87']",394319,highest-temperature-in-helsinki-on-april-21-2026,Highest temperature in Helsinki on April 21?
2019559,Will the highest temperature in Helsinki be 17°C on April 21?,Yes,No,81948134196754797522563952998231246991127447706204374318541763042612120413194,87789336392465654101883052681238040578094462195829085388217949779935628844800,0x5eb56689937340ff5f989026476497449eac780af9f6a6b71cb0b5389ebca2d4,True,highest-temperature-in-helsinki-on-april-21-2026-17c,3079.8434590000015,2026-04-19 04:06:42.156711+00:00,False,True,False,2026-04-21T12:00:00Z,"['0.0055', '0.9945']",394319,highest-temperature-in-helsinki-on-april-21-2026,Highest temperature in Helsinki on April 21?
2019560,Will the highest temperature in Helsinki be 18°C on April 21?,Yes,No,83391528986131148824766552026286078247365427736019122299503110503483017714394,103263932404330075648152377987793452641419400381890132389918729526113386410743,0x87118a395194bf643267da06f506f9498c2b78ca6a19059a40cdb4f13c5fe2e8,True,highest-temperature-in-helsinki-on-april-21-2026-18c,1978.7859619999997,2026-04-19 04:06:42.265848+00:00,False,True,False,2026-04-21T12:00:00Z,"['0.004', '0.996']",394319,highest-temperature-in-helsinki-on-april-21-2026,Highest temperature in Helsinki on April 21?
2019561,Will the highest temperature in Helsinki be 19°C or higher on April 21?,Yes,No,63084230131696455729381931373409665498769083181874067367693064532247573901653,62463300394607869239068640211103898430757343693007679703109722610846061076813,0x2317483586a35a22d30692893589dbdfe76bbbd85a5005ac8786abf1c83695f9,True,highest-temperature-in-helsinki-on-april-21-2026-19corhigher,898.616709,2026-04-19 04:06:42.376652+00:00,False,True,False,2026-04-21T12:00:00Z,"['0.0005', '0.9995']",394319,highest-temperature-in-helsinki-on-april-21-2026,Highest temperature in Helsinki on April 21?
2019566,Will the highest temperature in Panama City be 25°C on April 21?,Yes,No,74661549057237021473686712604530598498834918295630102271177743152459570494554,19793547464202031950570828903179992133427124202203523881612072946002245930384,0xd2d34e0cc6a7a7b7450eb97b87559a128b192ff0e716ee2861dc2862d043011f,True,highest-temperature-in-panama-city-on-april-21-2026-25c,972.2339999999999,2026-04-19 04:06:46.672387+00:00,False,True,False,2026-04-21T12:00:00Z,"['0.0005', '0.9995']",394320,highest-temperature-in-panama-city-on-april-21-2026,Highest temperature in Panama City on April 21?
2019567,Will the highest temperature in Panama City be 26°C on April 21?,Yes,No,97363825786005837749915928803003863267022719729349120554685911956673844091988,73114684751819781414338249652439272801165440410776853894416449059760798127883,0x22a3ca244ffbadfaf04e5c9f861c81d87bf36d23f2b593fe263006b94c6abdba,True,highest-temperature-in-panama-city-on-april-21-2026-26c,1037.54,2026-04-19 04:06:46.781029+00:00,False,True,False,2026-04-21T12:00:00Z,"['0.0005', '0.9995']",394320,highest-temperature-in-panama-city-on-april-21-2026,Highest temperature in Panama City on April 21?
2019568,Will the highest temperature in Panama City be 27°C on April 21?,Yes,No,106554269767112048646287831552310166166855081083070792941873214815036463176250,15816352455793427293608396339310746312279709434722947565744899602291018038245,0xb07599a8b3fe5123d41c77101339fa28712adb56a0f5a13c8ff432271d2a1f54,True,highest-temperature-in-panama-city-on-april-21-2026-27c,854.8684999999997,2026-04-19 04:06:46.887732+00:00,False,True,False,2026-04-21T12:00:00Z,"['0.0005', '0.9995']",394320,highest-temperature-in-panama-city-on-april-21-2026,Highest temperature in Panama City on April 21?
2019569,Will the highest temperature in Panama City be 28°C on April 21?,Yes,No,77185852888228851075459048098256615784547770945387392312021742406481071329201,111148431178463792241440646592547752078095523263318190949887098613962656542945,0xd8231ffe499f0303a5a6fe94e067a2ed52a218ba0042b9c7b13afdb18c10aeb3,True,highest-temperature-in-panama-city-on-april-21-2026-28c,996.0213949999998,2026-04-19 04:06:46.997918+00:00,False,True,False,2026-04-21T12:00:00Z,"['0.001', '0.999']",394320,highest-temperature-in-panama-city-on-april-21-2026,Highest temperature in Panama City on April 21?
2019570,Will the highest temperature in Panama City be 29°C on April 21?,Yes,No,102575209273746270957035778568507410378619540293910206982285002370536199150461,7791759066527897345029226657427742937979793235899469928990826131087881242660,0xe86a00b5cd57ff7dbfe737567c3ebff17a65729cacb6e4320710cd34864d6f93,True,highest-temperature-in-panama-city-on-april-21-2026-29c,1317.049359,2026-04-19 04:06:47.105638+00:00,False,True,False,2026-04-21T12:00:00Z,"['0.0015', '0.9985']",394320,highest-temperature-in-panama-city-on-april-21-2026,Highest temperature in Panama City on April 21?
2019571,Will the highest temperature in Panama City be 30°C on April 21?,Yes,No,50772532623479923842644554748040545274755507734073801512341098292230896958068,9759515414011034007284269538380027632287039475483209259919525610025996755102,0x8662073f6cc29b1e1f5794f9552d0e1120a6906c50639d146baaf33ac77425de,True,highest-temperature-in-panama-city-on-april-21-2026-30c,1288.975273,2026-04-19 04:06:47.216008+00:00,False,True,False,2026-04-21T12:00:00Z,"['0.0035', '0.9965']",394320,highest-temperature-in-panama-city-on-april-21-2026,Highest temperature in Panama City on April 21?
2019572,Will the highest temperature in Panama City be 31°C or higher on April 21?,Yes,No,31605968819089104896011580531360326632935958682073619146640498406683144671613,94860039686746103013927376205902901305792618977821826802273662162633767578954,0x8d83d1923a1604f6c406948ef81ef2f78dcaab20b092647a01179879ab6f986d,True,highest-temperature-in-panama-city-on-april-21-2026-31corhigher,2266.370458999999,2026-04-19 04:06:47.325276+00:00,False,True,False,2026-04-21T12:00:00Z,"['0.9915', '0.0085']",394320,highest-temperature-in-panama-city-on-april-21-2026,Highest temperature in Panama City on April 21?
2019576,Will the highest temperature in Kuala Lumpur be 29°C on April 21?,Yes,No,75676898475745138323436115351113974155556506979158071535774458825442210789767,34174097644223180244732871734772653730231137095364106424394477556763454519726,0x1df79f1ebdfaa78378835626f9db4be0e2295bafddd1b55bc6c66b4620b7dbee,True,highest-temperature-in-kuala-lumpur-on-april-21-2026-29c,10623.508885000001,2026-04-19 04:06:50.865069+00:00,False,True,False,2026-04-21T12:00:00Z,"['0.998', '0.002']",394321,highest-temperature-in-kuala-lumpur-on-april-21-2026,Highest temperature in Kuala Lumpur on April 21?
2019577,Will the highest temperature in Kuala Lumpur be 30°C on April 21?,Yes,No,109579416577568887740137910750861196769203284995508476913015084149801461439424,9318947526366198408695491025727730866013077767481041076908762720691602970480,0xf36a4aa37d3d20e671da64ef420796b516d84c18c2327c72ee3df632fc0ba446,True,highest-temperature-in-kuala-lumpur-on-april-21-2026-30c,6065.061459,2026-04-19 04:06:50.971731+00:00,False,True,False,2026-04-21T12:00:00Z,"['0.002', '0.998']",394321,highest-temperature-in-kuala-lumpur-on-april-21-2026,Highest temperature in Kuala Lumpur on April 21?
2019578,Will the highest temperature in Kuala Lumpur be 31°C on April 21?,Yes,No,115220218612251495894873449145196921357427890067657272167547178948599676074389,16634857455697257867719300730849959935595823077330309711517528128729777945870,0xaabbcad9161a2e8097a59a79669a5ebe1fae966c450262bdea021fd517e0d550,True,highest-temperature-in-kuala-lumpur-on-april-21-2026-31c,6502.874297999999,2026-04-19 04:06:51.079343+00:00,False,True,False,2026-04-21T12:00:00Z,"['0.0005', '0.9995']",394321,highest-temperature-in-kuala-lumpur-on-april-21-2026,Highest temperature in Kuala Lumpur on April 21?
2019579,Will the highest temperature in Kuala Lumpur be 32°C on April 21?,Yes,No,70997967450454846211007976030325963567134982813288204972549630129940651226980,80195978060699886434953620743644256412799112454329898405171204959485384983549,0xd0c4aae92ddd36fb0a92d41cf05de1e0fe11a74d23e0b09710151b6fe45464cc,True,highest-temperature-in-kuala-lumpur-on-april-21-2026-32c,4767.691849999999,2026-04-19 04:06:51.188134+00:00,False,True,False,2026-04-21T12:00:00Z,"['0.0005', '0.9995']",394321,highest-temperature-in-kuala-lumpur-on-april-21-2026,Highest temperature in Kuala Lumpur on April 21?
2019580,Will the highest temperature in Kuala Lumpur be 33°C on April 21?,Yes,No,88172132867182490621253811163989153175174650110069657025782662260244001848951,33291153475111909536532212835205855665304311666668034309053767633881939191347,0xeb550441f6ea22dfe18c95a30bde0d68442b3cf08b955bb41031d9ab33bb744f,True,highest-temperature-in-kuala-lumpur-on-april-21-2026-33c,2920.2176610000006,2026-04-19 04:06:52.121125+00:00,False,True,False,2026-04-21T12:00:00Z,"['0.0005', '0.9995']",394321,highest-temperature-in-kuala-lumpur-on-april-21-2026,Highest temperature in Kuala Lumpur on April 21?
2019581,Will the highest temperature in Kuala Lumpur be 34°C on April 21?,Yes,No,73110780518931708830015175950944522980584778862421404010024201765042474956612,88163458558453901557102203273815131370359824788097389581261946720824782300890,0xc40c6c4b2228e3686582d7e9d266574f8fc3bba08e1329c7436ec966962b989a,True,highest-temperature-in-kuala-lumpur-on-april-21-2026-34c,4270.452576000001,2026-04-19 04:06:52.230484+00:00,False,True,False,2026-04-21T12:00:00Z,"['0.0005', '0.9995']",394321,highest-temperature-in-kuala-lumpur-on-april-21-2026,Highest temperature in Kuala Lumpur on April 21?
2019582,Will the highest temperature in Kuala Lumpur be 35°C on April 21?,Yes,No,57134082466721622015343870666841842549931771237557122642749569309860436388895,7988156871592640063239334904567650002403888822833510831220983727334724246774,0xd275f3dde01bea3f48f4e8f652d231927551c2a39272e20d2da893bf6088b64e,True,highest-temperature-in-kuala-lumpur-on-april-21-2026-35c,3174.987912,2026-04-19 04:06:52.340225+00:00,False,True,False,2026-04-21T12:00:00Z,"['0.0005', '0.9995']",394321,highest-temperature-in-kuala-lumpur-on-april-21-2026,Highest temperature in Kuala Lumpur on April 21?
2019583,Will the highest temperature in Kuala Lumpur be 36°C or higher on April 21?,Yes,No,2815970095671357533186799271460304743304808679593175202945123541047411318007,75145984981868998692729875082158387675395874749197452360051891242550075745146,0xabc10bd5bdc8f2b00a1a81d8661f1b446d9a0b5693a47fc2616ab82a89cf40f1,True,highest-temperature-in-kuala-lumpur-on-april-21-2026-36corhigher,2142.83425,2026-04-19 04:06:52.449740+00:00,False,True,False,2026-04-21T12:00:00Z,"['0.0005', '0.9995']",394321,highest-temperature-in-kuala-lumpur-on-april-21-2026,Highest temperature in Kuala Lumpur on April 21?
2019612,Will the highest temperature in Jakarta be 34°C on April 21?,Yes,No,46224589297013621320256282560951899956361167779938943878314631044595389938057,65362758196169792601267929567286848848338621500196411322980731693281576694461,0xb84092d54c9626898df1bdc16a6361ae70a92f61a6be36fb04716b45b71f87db,True,highest-temperature-in-jakarta-on-april-21-2026-34c,12269.678648,2026-04-19 04:06:58.412917+00:00,False,True,False,2026-04-21T12:00:00Z,"['0.998', '0.002']",394343,highest-temperature-in-jakarta-on-april-21-2026,Highest temperature in Jakarta on April 21?
2019613,Will the highest temperature in Jakarta be 35°C on April 21?,Yes,No,104702372087017519757042945633911961015276114748202719704955053640387789136106,110755534861637177557988536386137772684863914324066525856714005226856493601227,0x2db2133447308a0aff3330dc2488cea419e76b65a83fe2f42412319a3404a33f,True,highest-temperature-in-jakarta-on-april-21-2026-35c,4756.41358,2026-04-19 04:06:58.520807+00:00,False,True,False,2026-04-21T12:00:00Z,"['0.001', '0.999']",394343,highest-temperature-in-jakarta-on-april-21-2026,Highest temperature in Jakarta on April 21?
2019614,Will the highest temperature in Jakarta be 36°C on April 21?,Yes,No,89585392757206900499231764017326267756970185270687738114691283659628293685396,13701295719163111713171899258719629550361050749347923752102802323748653589842,0x26c1f0b63275aae88bff8de2c7f47f394cce117d84b1bae0b1d2da5fafa4cdef,True,highest-temperature-in-jakarta-on-april-21-2026-36c,3412.9134909999993,2026-04-19 04:06:58.626210+00:00,False,True,False,2026-04-21T12:00:00Z,"['0.0005', '0.9995']",394343,highest-temperature-in-jakarta-on-april-21-2026,Highest temperature in Jakarta on April 21?
2019615,Will the highest temperature in Jakarta be 37°C or higher on April 21?,Yes,No,29844430970181042962360634065306311424882424922100640579041124229222504845919,20220468636886004082728631145891616445917674570630076982632315128664805578663,0x63234fe45ad36facf16319cbeb449722035bd62fd0cba4e2bdde17282ec5f454,True,highest-temperature-in-jakarta-on-april-21-2026-37corhigher,4223.134805999999,2026-04-19 04:06:58.732399+00:00,False,True,False,2026-04-21T12:00:00Z,"['0.0005', '0.9995']",394343,highest-temperature-in-jakarta-on-april-21-2026,Highest temperature in Jakarta on April 21?
2019625,Will the highest temperature in Jeddah be 35°C on April 21?,Yes,No,20293955714404528288444520086674223784924106371823091030264812274099945763577,73258970900251531214836144457445639146933803923029532909420388107749667174101,0x253d8b8efb76e235c8255c4c509f30c81558f0ee53eb776f97f6f191484cb44e,True,highest-temperature-in-jeddah-on-april-21-2026-35c,2596.510644,2026-04-19 04:07:02.743283+00:00,False,True,False,2026-04-21T12:00:00Z,"['0.9975', '0.0025']",394344,highest-temperature-in-jeddah-on-april-21-2026,Highest temperature in Jeddah on April 21?
2019626,Will the highest temperature in Jeddah be 36°C or higher on April 21?,Yes,No,76367794100426574981342316462960054917296441235556396627746992227213524726949,11848019539094970608998499110500870357372085953472156890035466615386583320553,0x78f4943b7dc779af2bc46613ef190028a1d33bd9e349a00e1df0281487e5ca62,True,highest-temperature-in-jeddah-on-april-21-2026-36corhigher,3427.901791000001,2026-04-19 04:07:02.851283+00:00,False,True,False,2026-04-21T12:00:00Z,"['0.004', '0.996']",394344,highest-temperature-in-jeddah-on-april-21-2026,Highest temperature in Jeddah on April 21?
2019627,Will the highest temperature in Lagos be 28°C or below on April 21?,Yes,No,8414757340036165982051476667058293658583097681510639679799919451676874244182,10929588830141431895419522607277391185834097255543832538859264545927567122538,0xcbee4e70a91fa2f806cea9f7cc59a59863e1ab0f3e3a350bc6346fad41890517,True,highest-temperature-in-lagos-on-april-21-2026-28corbelow,18165.382326999996,2026-04-19 04:07:06.537714+00:00,False,True,False,2026-04-21T12:00:00Z,"['0.0005', '0.9995']",394345,highest-temperature-in-lagos-on-april-21-2026,Highest temperature in Lagos on April 21?
2019628,Will the highest temperature in Lagos be 29°C on April 21?,Yes,No,66813531303840077793803013485455614657927570500513967857072741475924500750639,99729716237144218059787107354076643519894723898241924189501032007400391436491,0x3fdc4b535c0f58e1cb49ead9c5eb77aeb1945ee5e26ec68acfca1e7b04f097da,True,highest-temperature-in-lagos-on-april-21-2026-29c,7788.832755,2026-04-19 04:07:06.689669+00:00,False,True,False,2026-04-21T12:00:00Z,"['0.0005', '0.9995']",394345,highest-temperature-in-lagos-on-april-21-2026,Highest temperature in Lagos on April 21?
2019629,Will the highest temperature in Lagos be 30°C on April 21?,Yes,No,106399288541427705869282425731661983194649715779631903359867756193868236776827,85637198016695884855921637158588273184130654707098116853570311643153300341650,0x751d1914391c401addcd39da872be534ea51f2f14d761927ff0e6cc5ee09e33d,True,highest-temperature-in-lagos-on-april-21-2026-30c,3809.196901,2026-04-19 04:07:06.831861+00:00,False,True,False,2026-04-21T12:00:00Z,"['0.0005', '0.9995']",394345,highest-temperature-in-lagos-on-april-21-2026,Highest temperature in Lagos on April 21?
2019630,Will the highest temperature in Lagos be 31°C on April 21?,Yes,No,70049546823197522152442135772252691315902340733195609827013608822345482020018,6532073903330288115568670842920976760722970817069305129970704107160805726284,0xe892083bf99521546ae8a24ef78d3b660c86da8c78047ac24349d6942eeabd35,True,highest-temperature-in-lagos-on-april-21-2026-31c,1444.391286,2026-04-19 04:07:06.985437+00:00,False,True,False,2026-04-21T12:00:00Z,"['0.0005', '0.9995']",394345,highest-temperature-in-lagos-on-april-21-2026,Highest temperature in Lagos on April 21?
2019631,Will the highest temperature in Lagos be 32°C on April 21?,Yes,No,32516133764451970010633327560623707554014982188044600646762212523766173540080,51292103208628958889889637541263141683158553992596492489506616502340721966360,0xc307f4fed80ffd9bcdc62758dc92dc55d79393f0d71103376568a9bd1fbf38f7,True,highest-temperature-in-lagos-on-april-21-2026-32c,2109.357369,2026-04-19 04:07:07.127774+00:00,False,True,False,2026-04-21T12:00:00Z,"['0.0005', '0.9995']",394345,highest-temperature-in-lagos-on-april-21-2026,Highest temperature in Lagos on April 21?
2019632,Will the highest temperature in Lagos be 33°C on April 21?,Yes,No,74942807555583384337310590963561952939152670837048430267841638551781803691329,37632222384125685324526045453196706800697555627719147061793577917916011712817,0x6d8338bd7f35f65a546fa15b59a0ff0388f243a0021845c6cb53e1803ae97138,True,highest-temperature-in-lagos-on-april-21-2026-33c,2334.0214439999995,2026-04-19 04:07:07.271227+00:00,False,True,False,2026-04-21T12:00:00Z,"['0.745', '0.255']",394345,highest-temperature-in-lagos-on-april-21-2026,Highest temperature in Lagos on April 21?
2019633,Will the highest temperature in Lagos be 34°C on April 21?,Yes,No,89273224177180300478575914438846442506022888385559974978222437837830919603484,97219924500801954710385670723438606571054939918048665813673149361329829157826,0x341120a4ab7d8bcc537692fae8e3589f1a91313df1153ccd77c98c71a79b099a,True,highest-temperature-in-lagos-on-april-21-2026-34c,1374.6461449999995,2026-04-19 04:07:07.415419+00:00,False,True,False,2026-04-21T12:00:00Z,"['0.195', '0.805']",394345,highest-temperature-in-lagos-on-april-21-2026,Highest temperature in Lagos on April 21?
2019634,Will the highest temperature in Lagos be 35°C on April 21?,Yes,No,61956764290209071826819279770306362230486127073809701655701020131717963903670,82266053017445666932622535914818553599940190940454536825361182566024128437856,0x9bafa6702b72c28b3b3b84b261a9e2ac262c715f016ea86e4fc6b1af588a2c4b,True,highest-temperature-in-lagos-on-april-21-2026-35c,2467.1882299999997,2026-04-19 04:07:07.567035+00:00,False,True,False,2026-04-21T12:00:00Z,"['0.0755', '0.9245']",394345,highest-temperature-in-lagos-on-april-21-2026,Highest temperature in Lagos on April 21?
2019635,Will the highest temperature in Lagos be 36°C on April 21?,Yes,No,22958336429800274500510947822881074056300819039318880212319186120293026728754,104940758463559988923373390804300834809302672912822904546644802927258165402562,0x7158c84463deb4f663416fd09575376b06eb8aad1683da8d0986ee10970000c1,True,highest-temperature-in-lagos-on-april-21-2026-36c,1916.4487750000008,2026-04-19 04:07:07.718486+00:00,False,True,False,2026-04-21T12:00:00Z,"['0.0205', '0.9795']",394345,highest-temperature-in-lagos-on-april-21-2026,Highest temperature in Lagos on April 21?
2019636,Will the highest temperature in Lagos be 37°C on April 21?,Yes,No,111691223928156383750961854056703215865992027960096238130576620511770933608227,2985839331258426001363985358917950565833758752691511333063646965635302816084,0x6529dcef3f21ff580d7999211842aa4ecd6f45fd257a26584d639d6311337a4a,True,highest-temperature-in-lagos-on-april-21-2026-37c,1282.073781,2026-04-19 04:07:07.864052+00:00,False,True,False,2026-04-21T12:00:00Z,"['0.0015', '0.9985']",394345,highest-temperature-in-lagos-on-april-21-2026,Highest temperature in Lagos on April 21?
2019637,Will the highest temperature in Lagos be 38°C or higher on April 21?,Yes,No,71568468823325606787302232961501606128649985845096042959808181480330316175207,107466858168507604321335967457251146337382687172171155926919513863559060067827,0x6e796d5ef79ac4104f6cf8619eb1daa31667e74f01692af496f8109be2888a8b,True,highest-temperature-in-lagos-on-april-21-2026-38corhigher,1903.109743,2026-04-19 04:07:08.010050+00:00,False,True,False,2026-04-21T12:00:00Z,"['0.0005', '0.9995']",394345,highest-temperature-in-lagos-on-april-21-2026,Highest temperature in Lagos on April 21?
2019642,Will the highest temperature in Cape Town be 16°C on April 21?,Yes,No,31209575649731418072281466140888804742092385264108305100834641056591887717556,5786723033383827200812192293559480934916420884874210070857688406455099308207,0xd4dea050fb5ef01e359eff3bb934d430a7a6fbb18b9fbe367e0b921b76ab2763,True,highest-temperature-in-cape-town-on-april-21-2026-16c,5555.910903000004,2026-04-19 04:07:12.779708+00:00,False,True,False,2026-04-21T12:00:00Z,"['0.955', '0.045']",394346,highest-temperature-in-cape-town-on-april-21-2026,Highest temperature in Cape Town on April 21?
2019643,Will the highest temperature in Cape Town be 17°C on April 21?,Yes,No,72732703884506143237418837967387839491480716488092981035487083872188770614391,36839132756149932938106434834901643953645373768645544748341484124318090223315,0x806eacdf6966622b3bb143fa2128263753a41dcbf36fa7e20cacaaeaedbc1bc5,True,highest-temperature-in-cape-town-on-april-21-2026-17c,5177.826922000004,2026-04-19 04:07:12.884446+00:00,False,True,False,2026-04-21T12:00:00Z,"['0.05', '0.95']",394346,highest-temperature-in-cape-town-on-april-21-2026,Highest temperature in Cape Town on April 21?
2019644,Will the highest temperature in Cape Town be 18°C on April 21?,Yes,No,105522671420662317970567555549400148721401858682532977041784053356417085246754,113534150636509713105627544363177162430174812769531878373836178631701737279620,0xe2653e68e60c6fd9465d91342aaeefb82b46880dc60f6ffed151b6fdcb1c0707,True,highest-temperature-in-cape-town-on-april-21-2026-18c,5544.674955000004,2026-04-19 04:07:12.992114+00:00,False,True,False,2026-04-21T12:00:00Z,"['0.0155', '0.9845']",394346,highest-temperature-in-cape-town-on-april-21-2026,Highest temperature in Cape Town on April 21?
2019645,Will the highest temperature in Cape Town be 19°C on April 21?,Yes,No,72481256101120314709662244509676985253974085427977230909347825378795867712038,104589262718957012115508296426354537939791479011146611151343984375315282144631,0xb8eefd0a905f5eaeb7e83e30f66159d43b7c45cd01145f15326c068d4097228e,True,highest-temperature-in-cape-town-on-april-21-2026-19c,2588.224294999999,2026-04-19 04:07:13.099519+00:00,False,True,False,2026-04-21T12:00:00Z,"['0.009', '0.991']",394346,highest-temperature-in-cape-town-on-april-21-2026,Highest temperature in Cape Town on April 21?
2019646,Will the highest temperature in Cape Town be 20°C on April 21?,Yes,No,115779423215019993718934736955557981808817474194950986877912608618114045143440,30492438549330072342747812450047622794025253916626000578661379338567679497439,0x1acf64a6a23e4f93c2089861c9a782a51633a606264f4df93ba9c7980860a0da,True,highest-temperature-in-cape-town-on-april-21-2026-20c,2449.673925000001,2026-04-19 04:07:13.206635+00:00,False,True,False,2026-04-21T12:00:00Z,"['0.0025', '0.9975']",394346,highest-temperature-in-cape-town-on-april-21-2026,Highest temperature in Cape Town on April 21?
2019647,Will the highest temperature in Cape Town be 21°C on April 21?,Yes,No,52645066181644191907551190918715970199404762620688761121842439218928069869422,40796629714466865793927393493950517343735672160196255790283541593946337793867,0x44db6a5b34bfdc0c7d98eff446fe757af7be883c83da8189cd75c4173bbe8c71,True,highest-temperature-in-cape-town-on-april-21-2026-21c,2467.003833,2026-04-19 04:07:13.313589+00:00,False,True,False,2026-04-21T12:00:00Z,"['0.0025', '0.9975']",394346,highest-temperature-in-cape-town-on-april-21-2026,Highest temperature in Cape Town on April 21?
2019648,Will the highest temperature in Cape Town be 22°C or higher on April 21?,Yes,No,97887058410915485293209244967552648534950537302528431525923922913964677267029,18369778454261228436999128952188252162028882866747944488504445097055026035137,0x7971edb1dfb5ee7cc271d23859588ee34d872732ce3ef4718b190adb894a2c90,True,highest-temperature-in-cape-town-on-april-21-2026-22corhigher,1912.8407240000001,2026-04-19 04:07:13.419710+00:00,False,True,False,2026-04-21T12:00:00Z,"['0.001', '0.999']",394346,highest-temperature-in-cape-town-on-april-21-2026,Highest temperature in Cape Town on April 21?
2019655,Will the highest temperature in Guangzhou be 32°C on April 21?,Yes,No,113140679127241025644888933363685830168623927766837952755788158394368654455312,112922809870078227484824584921642110757463865630499477184104312079953686960488,0x7b6844b4b3e0653619cf86564c6815c42447f4ef168ae2c7be48d294f2a4c6e6,True,highest-temperature-in-guangzhou-on-april-21-2026-32c,5149.106523,2026-04-19 04:07:17.555501+00:00,False,True,False,2026-04-21T12:00:00Z,"['0.9985', '0.0015']",394347,highest-temperature-in-guangzhou-on-april-21-2026,Highest temperature in Guangzhou on April 21?
2019656,Will the highest temperature in Guangzhou be 33°C on April 21?,Yes,No,4683307277972961227810202496047621154058193549006022923238642324732131811862,96883466673223715139665635139206728940954319921621111400284606439050381563000,0x39596a8e61872b5c793839860f1c7322a632fcd8575ba7bd1799219f08ba0bec,True,highest-temperature-in-guangzhou-on-april-21-2026-33c,5890.357069000001,2026-04-19 04:07:17.664583+00:00,False,True,False,2026-04-21T12:00:00Z,"['0.0025', '0.9975']",394347,highest-temperature-in-guangzhou-on-april-21-2026,Highest temperature in Guangzhou on April 21?
2019657,Will the highest temperature in Guangzhou be 34°C on April 21?,Yes,No,15095778909412186606179108879540177555553604110411117272348677742578769320782,108041561806516377128001639624547778278791950680743156403562059977385429483240,0x7cf213cea79c2f3a3d90bcf260f45fa2801da01639cdc64949c79fe2b188c123,True,highest-temperature-in-guangzhou-on-april-21-2026-34c,4821.037851000003,2026-04-19 04:07:17.774035+00:00,False,True,False,2026-04-21T12:00:00Z,"['0.0005', '0.9995']",394347,highest-temperature-in-guangzhou-on-april-21-2026,Highest temperature in Guangzhou on April 21?
2019658,Will the highest temperature in Guangzhou be 35°C on April 21?,Yes,No,39584544621312834613541095640153184638353210039810869880024682213958216777106,103540620516781207838636280219718309607892952128597714523791159632982577774335,0x459e87b15b801945b7da37e1a2f8550fab0f646a2c4038b3e3c3f2c415209d79,True,highest-temperature-in-guangzhou-on-april-21-2026-35c,1415.994998,2026-04-19 04:07:17.879060+00:00,False,True,False,2026-04-21T12:00:00Z,"['0.0005', '0.9995']",394347,highest-temperature-in-guangzhou-on-april-21-2026,Highest temperature in Guangzhou on April 21?
2019659,Will the highest temperature in Guangzhou be 36°C or higher on April 21?,Yes,No,70202248689834331406602091103771939687202461990202636491082035844533378593205,83433591026169058193176250500564698150092167083732888734940211508782604200019,0xf8451c942358459c86efbd8d5f1daf65937bbdd809d6f60b30c7065324b64f0d,True,highest-temperature-in-guangzhou-on-april-21-2026-36corhigher,1936.4018319999993,2026-04-19 04:07:17.985524+00:00,False,True,False,2026-04-21T12:00:00Z,"['0.0005', '0.9995']",394347,highest-temperature-in-guangzhou-on-april-21-2026,Highest temperature in Guangzhou on April 21?
2019668,Will the highest temperature in Karachi be 33°C on April 21?,Yes,No,25129995335450356732895502416124927494363748799733572371822562233471264006942,75916211524307972058910424615589508912913429458360102364732863166289751576708,0x1425aed89c7026f2610ea93e0ede85c36638bd26f8da7e2185c5cde0cb470e16,True,highest-temperature-in-karachi-on-april-21-2026-33c,3288.2843129999997,2026-04-19 04:07:22.078423+00:00,False,True,False,2026-04-21T12:00:00Z,"['0.9965', '0.0035']",394348,highest-temperature-in-karachi-on-april-21-2026,Highest temperature in Karachi on April 21?
2019669,Will the highest temperature in Karachi be 34°C on April 21?,Yes,No,56834026391829508241198017126496159655924037171125906557485765009489474935123,81234754685590410511768801997602178341185746056796142498977509822133305030555,0xdb303f625ea3892b553f9bef77f6c4e1434543d113f06013698e7531dde29aeb,True,highest-temperature-in-karachi-on-april-21-2026-34c,2807.985941,2026-04-19 04:07:22.187984+00:00,False,True,False,2026-04-21T12:00:00Z,"['0.003', '0.997']",394348,highest-temperature-in-karachi-on-april-21-2026,Highest temperature in Karachi on April 21?
2019670,Will the highest temperature in Karachi be 35°C or higher on April 21?,Yes,No,5994485994341584161049683373917822980140031097570752362214189507891600983453,113589646885010188134840172341376972453233016009629267601363404668925368209791,0xd9a007df2d72fa8fcd6e06951c31878d632c7c8ff13b5d3db094f0b7b137797e,True,highest-temperature-in-karachi-on-april-21-2026-35corhigher,6165.095004000001,2026-04-19 04:07:22.294456+00:00,False,True,False,2026-04-21T12:00:00Z,"['0.0025', '0.9975']",394348,highest-temperature-in-karachi-on-april-21-2026,Highest temperature in Karachi on April 21?
2019677,Will the highest temperature in Manila be 34°C on April 21?,Yes,No,71538924534680131747674208224685305356365516791938197860924630221985926573820,2118484440848783043939899958287552790790074368375388745318537451161382319652,0xcdd136d6193135fd442f912cfe13d2f97b0d1febf33736b6e15fbe845d29fc78,True,highest-temperature-in-manila-on-april-21-2026-34c,4395.863410000001,2026-04-19 04:07:26.795231+00:00,False,True,False,2026-04-21T12:00:00Z,"['0.997', '0.003']",394349,highest-temperature-in-manila-on-april-21-2026,Highest temperature in Manila on April 21?
2019678,Will the highest temperature in Manila be 35°C on April 21?,Yes,No,114451702119811653082659001867051348570461528883680301851386439088308732926710,112161350062541146492146959553191347355699583514844243836015401360736169283252,0x328e6a3cbb4338ea7165eae981240b9d768660f7cd0c96f22d8b5cc47fc75173,True,highest-temperature-in-manila-on-april-21-2026-35c,4183.798885,2026-04-19 04:07:26.902804+00:00,False,True,False,2026-04-21T12:00:00Z,"['0.0035', '0.9965']",394349,highest-temperature-in-manila-on-april-21-2026,Highest temperature in Manila on April 21?
2019679,Will the highest temperature in Manila be 36°C on April 21?,Yes,No,63639558233031707225612339475934953049235611169330431768212506477466625370372,16275274512836153931487349367302531281803735861810011301864450120418559030059,0xe7e3be5bc5757a06b96f9cd44c1333b36463ab8d786d0ced928bf92b611bd9f4,True,highest-temperature-in-manila-on-april-21-2026-36c,2392.5882290000004,2026-04-19 04:07:27.010935+00:00,False,True,False,2026-04-21T12:00:00Z,"['0.002', '0.998']",394349,highest-temperature-in-manila-on-april-21-2026,Highest temperature in Manila on April 21?
2019680,Will the highest temperature in Manila be 37°C on April 21?,Yes,No,57847721306639815304578896256966743755926878266058155110201963967585473888210,69628227108473004952419393177099837190038084714192079805444066550484423747982,0x72e0a46236258493c8e8adfc37620e5709b7e76d8bae676f62e6d35ba0963dd3,True,highest-temperature-in-manila-on-april-21-2026-37c,2048.5639170000004,2026-04-19 04:07:27.118762+00:00,False,True,False,2026-04-21T12:00:00Z,"['0.0005', '0.9995']",394349,highest-temperature-in-manila-on-april-21-2026,Highest temperature in Manila on April 21?
2019681,Will the highest temperature in Manila be 38°C or higher on April 21?,Yes,No,60830157628347835621051582886677124999280964124159004102738964991701732261870,50090018071113475166895489591202744732850033495800428474230844804737649303737,0x35b78df4f6520e3a7f2d7f9aca2447df04ed27236fe070dbac4dd08e8b28625b,True,highest-temperature-in-manila-on-april-21-2026-38corhigher,1863.5454039999997,2026-04-19 04:07:27.225254+00:00,False,True,False,2026-04-21T12:00:00Z,"['0.0005', '0.9995']",394349,highest-temperature-in-manila-on-april-21-2026,Highest temperature in Manila on April 21?
2029492,Will the highest temperature in London be 9°C or below on April 22?,Yes,No,72673540522002162128123265499554400150892956326129236931358556218151150633812,76646759128596121874119985316092725310678358305320590540747205449064069539903,0x43f32a6d73d77dba51db3fa0bb94aca127dab8f11e3601a59461fb4da5e254d4,True,highest-temperature-in-london-on-april-22-2026-9corbelow,10050.98,2026-04-20 04:03:29.643998+00:00,False,True,False,2026-04-22T12:00:00Z,"['0.0005', '0.9995']",397972,highest-temperature-in-london-on-april-22-2026,Highest temperature in London on April 22?
2029493,Will the highest temperature in London be 10°C on April 22?,Yes,No,75318976054715975379660989252170953231781401917630582645328872675525041794077,42954295424243090919967692208200453166076595570732811274374938907215208347231,0x437529e2d7f091445152a157fb7b931f052de4b7a97f3a62c77dafc587144147,True,highest-temperature-in-london-on-april-22-2026-10c,7543.009997,2026-04-20 04:03:29.753946+00:00,False,True,False,2026-04-22T12:00:00Z,"['0.0005', '0.9995']",397972,highest-temperature-in-london-on-april-22-2026,Highest temperature in London on April 22?
2029494,Will the highest temperature in London be 11°C on April 22?,Yes,No,106536109919591844596934104171411688734006690595037671497874196845731924137353,98926940248446130005711128488736496918046438707619935576917256718692685933758,0xa66f4aaf7c0c199059c97a3b7e602d9dcac55d88b93545a8a6911b0d5f1549d0,True,highest-temperature-in-london-on-april-22-2026-11c,4680.569770000001,2026-04-20 04:03:29.856757+00:00,False,True,False,2026-04-22T12:00:00Z,"['0.0015', '0.9985']",397972,highest-temperature-in-london-on-april-22-2026,Highest temperature in London on April 22?
2029495,Will the highest temperature in London be 12°C on April 22?,Yes,No,26930129767307248359018060759262844256825255072130110522880975314002210536827,102543573735796927060347893348118366276702701091319535874078123123851603956726,0xbad2e68cd9d2a787f4ed93a33f21b25772bb45d41d9e6248ec2bdee55aa190b2,True,highest-temperature-in-london-on-april-22-2026-12c,3563.9030660000008,2026-04-20 04:03:29.962586+00:00,False,True,False,2026-04-22T12:00:00Z,"['0.0015', '0.9985']",397972,highest-temperature-in-london-on-april-22-2026,Highest temperature in London on April 22?
2029496,Will the highest temperature in London be 13°C on April 22?,Yes,No,106605018451344101283812303251534091827548037087320324051840494565763276750947,2752272211295034124801732232368631936395869398985069730894540631279224435960,0xad74d8202fdc65d32b39cfcc28cfdc8b5f6f594b1eccc7963e3b8a484409c393,True,highest-temperature-in-london-on-april-22-2026-13c,6214.822190999999,2026-04-20 04:03:30.074349+00:00,False,True,False,2026-04-22T12:00:00Z,"['0.0045', '0.9955']",397972,highest-temperature-in-london-on-april-22-2026,Highest temperature in London on April 22?
2029497,Will the highest temperature in London be 14°C on April 22?,Yes,No,114517839477464389011449671190093481817918191305506578110387297615682999532513,4699598431616744878778661462531392805198409412176418846212247691581292786139,0x6dd4f59b066007f4c51cc52a7146d342e4f8709fe831f948c2fe61388ff663dd,True,highest-temperature-in-london-on-april-22-2026-14c,4716.184590999997,2026-04-20 04:03:30.182280+00:00,False,True,False,2026-04-22T12:00:00Z,"['0.045', '0.955']",397972,highest-temperature-in-london-on-april-22-2026,Highest temperature in London on April 22?
2029498,Will the highest temperature in London be 15°C on April 22?,Yes,No,61684148798875216267438894656509027260219077132989740675728541047532603850146,78584362095056765283936973631514470197498776666743898923240593702303387920836,0x37f5ccbbe61d62c4cb40989b386a8634d9485360a4760cf4a4abd06161538279,True,highest-temperature-in-london-on-april-22-2026-15c,3481.1994910000003,2026-04-20 04:03:30.288729+00:00,False,True,False,2026-04-22T12:00:00Z,"['0.295', '0.705']",397972,highest-temperature-in-london-on-april-22-2026,Highest temperature in London on April 22?
2029499,Will the highest temperature in London be 16°C on April 22?,Yes,No,103299086587894387146067331932162982130569115742726798727941195220386914474644,52010632304793194040847592629654039972972557060324588927117557798449646960534,0xb8e67158e14bc692b021415a9000580af6ad8902c97ff537bc927bad6f546de6,True,highest-temperature-in-london-on-april-22-2026-16c,3695.8668220000013,2026-04-20 04:03:30.397316+00:00,False,True,False,2026-04-22T12:00:00Z,"['0.45', '0.55']",397972,highest-temperature-in-london-on-april-22-2026,Highest temperature in London on April 22?
2029500,Will the highest temperature in London be 17°C on April 22?,Yes,No,115362021893692802124834160702318039133670777121888272962613285436971364969583,28571144875547410722673222179049905006457001158283847429201620935617893800622,0xc559da054a7ea0f6c6ff589772d1c8a8953c4586d6aad1a9cc0be8866dd12de0,True,highest-temperature-in-london-on-april-22-2026-17c,3562.648445,2026-04-20 04:03:30.592445+00:00,False,True,False,2026-04-22T12:00:00Z,"['0.215', '0.785']",397972,highest-temperature-in-london-on-april-22-2026,Highest temperature in London on April 22?
2029501,Will the highest temperature in London be 18°C on April 22?,Yes,No,94006322712133601509804722567570961449624173688613978550605436118861677281930,34936228052714422586391827466864585351551287484532670102882000979488012170661,0x0fea9a3f94258c5c57a2c1f68b6ac26af2e0a41395787e6fb59a7d6d5e32515c,True,highest-temperature-in-london-on-april-22-2026-18c,2864.2676899999997,2026-04-20 04:03:30.709688+00:00,False,True,False,2026-04-22T12:00:00Z,"['0.012', '0.988']",397972,highest-temperature-in-london-on-april-22-2026,Highest temperature in London on April 22?
2029502,Will the highest temperature in London be 19°C or higher on April 22?,Yes,No,112959482926300971872003796513938913068222116973085323868824748035548386946589,34315310406487500921042345467139887226328379630863176891903362116726144993528,0x0e08487fa190a5d1400349128a0b18ff5d7620b70add5c8558c0ddbd77519f1c,True,highest-temperature-in-london-on-april-22-2026-19corhigher,2967.800591999998,2026-04-20 04:03:30.813176+00:00,False,True,False,2026-04-22T12:00:00Z,"['0.0025', '0.9975']",397972,highest-temperature-in-london-on-april-22-2026,Highest temperature in London on April 22?
2029503,Will the highest temperature in Paris be 11°C or below on April 22?,Yes,No,9049086579867002801632072557374013502315818277063515135408323282856450971919,63087329082219121585618836030394919105531456297189128894968132261104154371779,0xc10468d8124025b690711455dcc15ecee0d44c3c4b858f4d3e2ffab217198a29,True,highest-temperature-in-paris-on-april-22-2026-11corbelow,2533.8262160000004,2026-04-20 04:03:35.310724+00:00,False,True,False,2026-04-22T12:00:00Z,"['0.0005', '0.9995']",397973,highest-temperature-in-paris-on-april-22-2026,Highest temperature in Paris on April 22?
2029504,Will the highest temperature in Paris be 12°C on April 22?,Yes,No,53912704747403667114262171493152307555656239533060179903946252149645379431871,56400605721745931110138216965497787213975352106665317377946507248644720869303,0x7f299b0290cb2ffaed87d0694360bba613b33d6178b0402af1546a63230b9e9e,True,highest-temperature-in-paris-on-april-22-2026-12c,1023.6259999999997,2026-04-20 04:03:35.413403+00:00,False,True,False,2026-04-22T12:00:00Z,"['0.0005', '0.9995']",397973,highest-temperature-in-paris-on-april-22-2026,Highest temperature in Paris on April 22?
2029505,Will the highest temperature in Paris be 13°C on April 22?,Yes,No,27456938692171700748009156870732824904366913785327110949482516074477184558727,88575334392092815781789349663160347566924397902624100001621053843784353267370,0x0d1cfedf7aea89e295bc4eeb3408c89a4f20d493f2a0a7f6fab521613cca1d51,True,highest-temperature-in-paris-on-april-22-2026-13c,2298.717513,2026-04-20 04:03:35.537424+00:00,False,True,False,2026-04-22T12:00:00Z,"['0.0015', '0.9985']",397973,highest-temperature-in-paris-on-april-22-2026,Highest temperature in Paris on April 22?
2029506,Will the highest temperature in Paris be 14°C on April 22?,Yes,No,42243294410598208178732291502555208452968866097007745926384235310014735886872,45608787686501110411307999277943938427195366922353803810229148798007776407947,0xe28b80ec4b70511d06d1709fd9cfd9863a2e0340fd0cd0dfe5e1abfbf2029d44,True,highest-temperature-in-paris-on-april-22-2026-14c,1805.3374219999998,2026-04-20 04:03:35.642148+00:00,False,True,False,2026-04-22T12:00:00Z,"['0.0015', '0.9985']",397973,highest-temperature-in-paris-on-april-22-2026,Highest temperature in Paris on April 22?
2029507,Will the highest temperature in Paris be 15°C on April 22?,Yes,No,39807431976708383870014869237319009489572033833977440775798366056473432887828,62735568033000839237594226116789943282721769921908013555791807953321792202111,0xd63f269c819d44e8e7589c6510ba5f2ca714b41969fc4ac6e360fe4029173182,True,highest-temperature-in-paris-on-april-22-2026-15c,2792.1708460000004,2026-04-20 04:03:36.905370+00:00,False,True,False,2026-04-22T12:00:00Z,"['0.0025', '0.9975']",397973,highest-temperature-in-paris-on-april-22-2026,Highest temperature in Paris on April 22?
2029508,Will the highest temperature in Paris be 16°C on April 22?,Yes,No,16535489919212953520553841300392663180819486441984346713561450947307554218146,101020911544225005008728775295048526083933278575137939572183100635283154001824,0xc4f2b1b6191b8294c15d5898462c3596dd496f35a3ec3e67ed0992124ebb301f,True,highest-temperature-in-paris-on-april-22-2026-16c,3893.317246,2026-04-20 04:03:37.015698+00:00,False,True,False,2026-04-22T12:00:00Z,"['0.0145', '0.9855']",397973,highest-temperature-in-paris-on-april-22-2026,Highest temperature in Paris on April 22?
2029509,Will the highest temperature in Paris be 17°C on April 22?,Yes,No,36727592110675460908237963777841338905001222858741031487976675018476518701332,31456810533531003814403589730489362074427616095869391731238339877005296287025,0x4ed3e8cdb6b3d37aecd2c8abe5db0424475399683285cdfdc81b6376aa363bad,True,highest-temperature-in-paris-on-april-22-2026-17c,3176.6511980000014,2026-04-20 04:03:37.120611+00:00,False,True,False,2026-04-22T12:00:00Z,"['0.0795', '0.9205']",397973,highest-temperature-in-paris-on-april-22-2026,Highest temperature in Paris on April 22?
2029510,Will the highest temperature in Paris be 18°C on April 22?,Yes,No,9976109654553724922102072349518304749870895565809660991949015235197782756437,75377502370046882341845096047125177259407666761557904830938468501157053266366,0x97dd89a38059ff61c91b35ed5c03f54cc98fb37dc8472cbb03795816025af008,True,highest-temperature-in-paris-on-april-22-2026-18c,2429.6107159999974,2026-04-20 04:03:37.226215+00:00,False,True,False,2026-04-22T12:00:00Z,"['0.265', '0.735']",397973,highest-temperature-in-paris-on-april-22-2026,Highest temperature in Paris on April 22?
2029511,Will the highest temperature in Paris be 19°C on April 22?,Yes,No,29153118285729820147041358847680774844088654948003999010769092632947037684416,35345755099349455361848766880027047284097193823112763743806343678159999776297,0xc760287e0265aafe92b344b1776f7075608acc741f011dcd38aa7679b77fba66,True,highest-temperature-in-paris-on-april-22-2026-19c,1651.7717840000005,2026-04-20 04:03:37.334645+00:00,False,True,False,2026-04-22T12:00:00Z,"['0.415', '0.585']",397973,highest-temperature-in-paris-on-april-22-2026,Highest temperature in Paris on April 22?
2029512,Will the highest temperature in Paris be 20°C on April 22?,Yes,No,19340267205306321328021378568727154760855004609854960196722028170168494464604,103025748999252251313063856213861134411324195645410259412650708435181144267338,0x2dfde2b64681ffe72d91e30022ee9b0f5919db4d69102cde9d413b10d3f568fa,True,highest-temperature-in-paris-on-april-22-2026-20c,1256.2571429999998,2026-04-20 04:03:37.443789+00:00,False,True,False,2026-04-22T12:00:00Z,"['0.215', '0.785']",397973,highest-temperature-in-paris-on-april-22-2026,Highest temperature in Paris on April 22?
2029513,Will the highest temperature in Paris be 21°C or higher on April 22?,Yes,No,66296756035988115901614593352854952534867756555841127756719832999355736043257,38878997607458812794134105580343513821204464441479941454928937507633589322559,0x94c1941288613c057f5988e7a6eff8f0fa4f49e7f8117022ced3486a92be7ca9,True,highest-temperature-in-paris-on-april-22-2026-21corhigher,3451.6737390000003,2026-04-20 04:03:37.550828+00:00,False,True,False,2026-04-22T12:00:00Z,"['0.0245', '0.9755']",397973,highest-temperature-in-paris-on-april-22-2026,Highest temperature in Paris on April 22?
2029514,Will the highest temperature in Sao Paulo be 23°C or below on April 22?,Yes,No,45906073739609761237041578919691890597676503743706478169705735362156643651822,107238702760601016539702944272325428497968757337909552331806304935978123117693,0xf2e07e5c87d0edd2e5da208079f0cf1179643ebd53a57d90c5f4a2eb0a93381d,True,highest-temperature-in-sao-paulo-on-april-22-2026-23corbelow,837.6886159999999,2026-04-20 04:03:40.614135+00:00,False,True,False,2026-04-22T12:00:00Z,"['0.0025', '0.9975']",397974,highest-temperature-in-sao-paulo-on-april-22-2026,Highest temperature in Sao Paulo on April 22?
2029515,Will the highest temperature in Sao Paulo be 24°C on April 22?,Yes,No,75065512027624570702550676650993574491470763459167256743216826252213297042352,96253826820062187649530658046572469304653132344391501383185586527435390920431,0xab2aca30af517a30d72ce24304ba532c851e3aca434b839f7ad6027121038ea8,True,highest-temperature-in-sao-paulo-on-april-22-2026-24c,1183.9956379999996,2026-04-20 04:03:40.720084+00:00,False,True,False,2026-04-22T12:00:00Z,"['0.006', '0.994']",397974,highest-temperature-in-sao-paulo-on-april-22-2026,Highest temperature in Sao Paulo on April 22?
2029516,Will the highest temperature in Sao Paulo be 25°C on April 22?,Yes,No,78469910708620782907208498142236441023223629190258084243882444584942920718131,84706760325429629874535956064889467778072172764678114266425636980168352863547,0x1dcfcb0ded50bb98069e5fea0cdf1d012a044ac7053e9fcb312d628825437b15,True,highest-temperature-in-sao-paulo-on-april-22-2026-25c,603.477897,2026-04-20 04:03:40.823894+00:00,False,True,False,2026-04-22T12:00:00Z,"['0.014', '0.986']",397974,highest-temperature-in-sao-paulo-on-april-22-2026,Highest temperature in Sao Paulo on April 22?
2029517,Will the highest temperature in Sao Paulo be 26°C on April 22?,Yes,No,71537145216957550219045702848922722242077036988461186760740471214799938522639,99368059197055851040990426272387614431155278542171105879029860955215354165891,0x5fafd1d27f125b9faf75c6266885a123217ab93b99b38dbfa28ff92eea1fa533,True,highest-temperature-in-sao-paulo-on-april-22-2026-26c,600.6982569999999,2026-04-20 04:03:40.930550+00:00,False,True,False,2026-04-22T12:00:00Z,"['0.07', '0.93']",397974,highest-temperature-in-sao-paulo-on-april-22-2026,Highest temperature in Sao Paulo on April 22?
2029518,Will the highest temperature in Sao Paulo be 27°C on April 22?,Yes,No,11476033907885464909679908228441343585274648268654460049206022217448721754832,85713098705607966091355993552085788027787598762404505754363260549827673152499,0x4971a1bd5a42dffe04b4d1f31456e62e8b583c9cfdce1fc3a96635132ebb542e,True,highest-temperature-in-sao-paulo-on-april-22-2026-27c,922.2813160000001,2026-04-20 04:03:41.041057+00:00,False,True,False,2026-04-22T12:00:00Z,"['0.33', '0.67']",397974,highest-temperature-in-sao-paulo-on-april-22-2026,Highest temperature in Sao Paulo on April 22?
2029519,Will the highest temperature in Sao Paulo be 28°C on April 22?,Yes,No,102355149422371863913511261211845721844594071794737276715944183852475324164290,68306078330500452514171195771017769299213684951063801633235028236161897929513,0xf6678ebb250807e32108ea8068cc5c97e2a444573f2660afe3e8c70667b6ac55,True,highest-temperature-in-sao-paulo-on-april-22-2026-28c,770.01325,2026-04-20 04:03:41.151381+00:00,False,True,False,2026-04-22T12:00:00Z,"['0.41', '0.59']",397974,highest-temperature-in-sao-paulo-on-april-22-2026,Highest temperature in Sao Paulo on April 22?
2029520,Will the highest temperature in Sao Paulo be 29°C on April 22?,Yes,No,92006286187645653791587672888910942701857836920520257390071039675965137159152,88733277523341228857143891221990928393599002570905396978712845654426804460506,0xf40fc820e9558179a2dfe5ff77b0dfd85fbea0c8b6bc7f3b913489ef2c3734aa,True,highest-temperature-in-sao-paulo-on-april-22-2026-29c,1206.0958469999998,2026-04-20 04:03:41.252159+00:00,False,True,False,2026-04-22T12:00:00Z,"['0.19', '0.81']",397974,highest-temperature-in-sao-paulo-on-april-22-2026,Highest temperature in Sao Paulo on April 22?
2029521,Will the highest temperature in Sao Paulo be 30°C on April 22?,Yes,No,60264924391748729585979275702106820287883426228234880799971969072008737459835,34067000494981526989734196295002401549067926920941348797976172955244614121469,0x711b10bca15a4b7bfc93cc1d2c7c8c3481cf9458ea3ca01b9ae93d40fd45086b,True,highest-temperature-in-sao-paulo-on-april-22-2026-30c,817.8274160000001,2026-04-20 04:03:41.360036+00:00,False,True,False,2026-04-22T12:00:00Z,"['0.0325', '0.9675']",397974,highest-temperature-in-sao-paulo-on-april-22-2026,Highest temperature in Sao Paulo on April 22?
2029522,Will the highest temperature in Sao Paulo be 31°C on April 22?,Yes,No,13581557050027816798311061579032276180175803779880486142081605628025621100880,98704314807930115052805691514807694127922052538290828284081034330312573290875,0x75ef40a390d3052fea67a44f6b52f07d1bf9653288de88ea3fc5659ce4d742e5,True,highest-temperature-in-sao-paulo-on-april-22-2026-31c,496.302132,2026-04-20 04:03:41.463572+00:00,False,True,False,2026-04-22T12:00:00Z,"['0.007', '0.993']",397974,highest-temperature-in-sao-paulo-on-april-22-2026,Highest temperature in Sao Paulo on April 22?
2029523,Will the highest temperature in Sao Paulo be 32°C on April 22?,Yes,No,38760093346904440515924525223155106069050452779382543279103651807298607942004,109894636326308459520554688011903007209401517125357738697368181901574843059302,0x435f6a15b03bed372e8f8127b61995167654b9c4e204821327203e0e1f01bf48,True,highest-temperature-in-sao-paulo-on-april-22-2026-32c,284.8552,2026-04-20 04:03:41.565592+00:00,False,True,False,2026-04-22T12:00:00Z,"['0.007', '0.993']",397974,highest-temperature-in-sao-paulo-on-april-22-2026,Highest temperature in Sao Paulo on April 22?
2029524,Will the highest temperature in Sao Paulo be 33°C or higher on April 22?,Yes,No,113211422273665800646571856247202726419213215779765098187795117516830840598719,52927112960399679671296839506642824368534381875610341550101973689122931587607,0x4813c2830ba34c989785e2f13a2b5cda65af87e235b81b4fc3f1442c1c1eea9c,True,highest-temperature-in-sao-paulo-on-april-22-2026-33corhigher,439.72626500000007,2026-04-20 04:03:41.669850+00:00,False,True,False,2026-04-22T12:00:00Z,"['0.005', '0.995']",397974,highest-temperature-in-sao-paulo-on-april-22-2026,Highest temperature in Sao Paulo on April 22?
2029525,Will the highest temperature in Buenos Aires be 14°C or below on April 22?,Yes,No,95024330958549645685347226386103578802977420090642086142410100811016485755522,5738229439802910442769230073490173060631829689286355180152048591489547138083,0xa98de935b13b46178098f558f7f5f55e69395ebf7002218a119fbace75b855bc,True,highest-temperature-in-buenos-aires-on-april-22-2026-14corbelow,1250.3774000000003,2026-04-20 04:03:44.712024+00:00,False,True,False,2026-04-22T12:00:00Z,"['0.0015', '0.9985']",397975,highest-temperature-in-buenos-aires-on-april-22-2026,Highest temperature in Buenos Aires on April 22?
2029526,Will the highest temperature in Buenos Aires be 15°C on April 22?,Yes,No,26776994163119639343620256136418942678517423560628973647980615152480521232473,46016517285903743338071118381775550706323253948819976618591289399349016769660,0xc088060bff542084c5a34faf99ae4a5f76cc02ddec6b9b280fc4d6ce6d2bc96a,True,highest-temperature-in-buenos-aires-on-april-22-2026-15c,1978.8891340000005,2026-04-20 04:03:44.818827+00:00,False,True,False,2026-04-22T12:00:00Z,"['0.005', '0.995']",397975,highest-temperature-in-buenos-aires-on-april-22-2026,Highest temperature in Buenos Aires on April 22?
2029527,Will the highest temperature in Buenos Aires be 16°C on April 22?,Yes,No,27522862465186112188958063939856944335567541914607740584765289858104592827152,81400778664702309050429829072042815196687822464040841710805175443821324255968,0xc10f792dbdc47594b0df122a2ffd8c2d1c01024d26893a1d63434895d2a0d099,True,highest-temperature-in-buenos-aires-on-april-22-2026-16c,985.1006499999999,2026-04-20 04:03:44.919778+00:00,False,True,False,2026-04-22T12:00:00Z,"['0.0055', '0.9945']",397975,highest-temperature-in-buenos-aires-on-april-22-2026,Highest temperature in Buenos Aires on April 22?
2029528,Will the highest temperature in Buenos Aires be 17°C on April 22?,Yes,No,75709015962697894705687251611789243522974304615892209665032252653355313818243,78194740751447522998374162004418427593576711447951247054252882719379330750437,0x255a5c3ab5a91cfe497d7e234d482e68d05e22b2d3f518662087cc96d69788e2,True,highest-temperature-in-buenos-aires-on-april-22-2026-17c,1706.6043700000002,2026-04-20 04:03:45.019757+00:00,False,True,False,2026-04-22T12:00:00Z,"['0.0105', '0.9895']",397975,highest-temperature-in-buenos-aires-on-april-22-2026,Highest temperature in Buenos Aires on April 22?
2029529,Will the highest temperature in Buenos Aires be 18°C on April 22?,Yes,No,61478844576888969359190113115749690166377512085705035436629822188538318118839,61810895604543246587968932336576796952116144300533995432568323220808934885913,0xf8ad1fa570b390f309404040972eabc1122994303a78a54d8ce32e10b43dd3ba,True,highest-temperature-in-buenos-aires-on-april-22-2026-18c,991.214978,2026-04-20 04:03:45.122267+00:00,False,True,False,2026-04-22T12:00:00Z,"['0.065', '0.935']",397975,highest-temperature-in-buenos-aires-on-april-22-2026,Highest temperature in Buenos Aires on April 22?
2029530,Will the highest temperature in Buenos Aires be 19°C on April 22?,Yes,No,585656530838001449085330029141169717515239086427925908742204761227520452318,100897110922749811986134748028466276215323898873586979644604115122101990211738,0xefcb5ff6dc6a4cda8e36e95d969a0eb632b8ccc8cfde7c1454356a37f0c27c8b,True,highest-temperature-in-buenos-aires-on-april-22-2026-19c,844.0362330000002,2026-04-20 04:03:45.225875+00:00,False,True,False,2026-04-22T12:00:00Z,"['0.26', '0.74']",397975,highest-temperature-in-buenos-aires-on-april-22-2026,Highest temperature in Buenos Aires on April 22?
2029531,Will the highest temperature in Buenos Aires be 20°C on April 22?,Yes,No,55045566204049829950717172330885912037929179558959040578307191938637053272750,66029288778144718647314427381132288055642031614863926539258335724347260674002,0xc481fdeb7f52ef568e472960af1d0fd1c78275bb53d4698a1641439423d4c07b,True,highest-temperature-in-buenos-aires-on-april-22-2026-20c,1514.4962220000002,2026-04-20 04:03:45.326101+00:00,False,True,False,2026-04-22T12:00:00Z,"['0.295', '0.705']",397975,highest-temperature-in-buenos-aires-on-april-22-2026,Highest temperature in Buenos Aires on April 22?
2029532,Will the highest temperature in Buenos Aires be 21°C on April 22?,Yes,No,4175034793602485834540153626498522483331780825672557068954624327576326840903,60457392671024447339438272268535617827112431314788474880270404968787465136156,0xf8551a29d3332c94d85d2e58add33ae36391afe1b47876001692ee8ea213c39d,True,highest-temperature-in-buenos-aires-on-april-22-2026-21c,1007.1226140000002,2026-04-20 04:03:45.427276+00:00,False,True,False,2026-04-22T12:00:00Z,"['0.32', '0.68']",397975,highest-temperature-in-buenos-aires-on-april-22-2026,Highest temperature in Buenos Aires on April 22?
2029533,Will the highest temperature in Buenos Aires be 22°C on April 22?,Yes,No,103541516167962482398483195717194746353923324967147880407558620457202631585142,86883477727090031610212850996937878861845799518189059777126075991415203716163,0x8a66f9be5f563d51d66a4cf6ac805cf13646d436ea09e52a8d136e52ea13a521,True,highest-temperature-in-buenos-aires-on-april-22-2026-22c,835.5579299999999,2026-04-20 04:03:45.528519+00:00,False,True,False,2026-04-22T12:00:00Z,"['0.085', '0.915']",397975,highest-temperature-in-buenos-aires-on-april-22-2026,Highest temperature in Buenos Aires on April 22?
2029534,Will the highest temperature in Buenos Aires be 23°C on April 22?,Yes,No,40537603288692131673759158889007162249444490244122675095923328979139955947977,1978264421201467651988482867294443465157533906937977587752487601722759371893,0x41e5349a72a54bd452e77401cc50726de8060dcfe7de401c88126322a7c24929,True,highest-temperature-in-buenos-aires-on-april-22-2026-23c,912.6312939999999,2026-04-20 04:03:46.901662+00:00,False,True,False,2026-04-22T12:00:00Z,"['0.0305', '0.9695']",397975,highest-temperature-in-buenos-aires-on-april-22-2026,Highest temperature in Buenos Aires on April 22?
2029535,Will the highest temperature in Buenos Aires be 24°C or higher on April 22?,Yes,No,10900064687226542811753015397026685616450706705748177293611266759149737898821,21753469916367999973311792982079539353141989138466649998628979121449972499421,0xa218fcbbfd5f5350d0d4237ac7f45d55476f1e8d77c739be70d34cdc561809f0,True,highest-temperature-in-buenos-aires-on-april-22-2026-24corhigher,1165.9799490000012,2026-04-20 04:03:47.004663+00:00,False,True,False,2026-04-22T12:00:00Z,"['0.0065', '0.9935']",397975,highest-temperature-in-buenos-aires-on-april-22-2026,Highest temperature in Buenos Aires on April 22?
2029536,Will the highest temperature in Seoul be 9°C or below on April 22?,Yes,No,19959594379557818280800108564144600958084028173005831478155657932765681426080,108632421876373055602249737821526317627577267795614710500153693269722236417304,0x62cca967cdf71b78ffd0f6bf9ae7679ee923a7877019da5180ec9b6d8f6db2ed,True,highest-temperature-in-seoul-on-april-22-2026-9corbelow,7638.453399000001,2026-04-20 04:03:49.999330+00:00,False,True,False,2026-04-22T12:00:00Z,"['0.0005', '0.9995']",397976,highest-temperature-in-seoul-on-april-22-2026,Highest temperature in Seoul on April 22?
2029537,Will the highest temperature in Seoul be 10°C on April 22?,Yes,No,75429162987634793541106898937767368571626457285707261805717445600109251237476,89686405458931489089202065204316622357359083547809218606304170376457172528084,0xef88b7073a9026744a3e3fca892629ed05973bcf8aacd2cc0ecd9b0fae9cc202,True,highest-temperature-in-seoul-on-april-22-2026-10c,4160.596599999999,2026-04-20 04:03:50.100085+00:00,False,True,False,2026-04-22T12:00:00Z,"['0.0015', '0.9985']",397976,highest-temperature-in-seoul-on-april-22-2026,Highest temperature in Seoul on April 22?
2029538,Will the highest temperature in Seoul be 11°C on April 22?,Yes,No,59591805525637673748370834955561965201045551651392547559353865893036261960708,4069131170911687499243179940998245811405576522968290036282902639208491811072,0x5f6e4379efe264cf5f50481ce7e043f79e5779a5ed102e8979cc1151622ba45c,True,highest-temperature-in-seoul-on-april-22-2026-11c,4528.270912999999,2026-04-20 04:03:50.200926+00:00,False,True,False,2026-04-22T12:00:00Z,"['0.0015', '0.9985']",397976,highest-temperature-in-seoul-on-april-22-2026,Highest temperature in Seoul on April 22?
2029539,Will the highest temperature in Seoul be 12°C on April 22?,Yes,No,7612203752010481363274352567304624888974604844196279858510597113787410139168,49553671826150202420625867362154830772008671641586089840300044068045802165577,0x8c657b548ae3309fe7a23e47229f8c7f85d2213b59665442f69f59cf0ed728ed,True,highest-temperature-in-seoul-on-april-22-2026-12c,6763.720963999998,2026-04-20 04:03:50.301626+00:00,False,True,False,2026-04-22T12:00:00Z,"['0.0035', '0.9965']",397976,highest-temperature-in-seoul-on-april-22-2026,Highest temperature in Seoul on April 22?
2029540,Will the highest temperature in Seoul be 13°C on April 22?,Yes,No,38206505682847151277022998528437113455337672406870910708948064569038315002133,73273040466806131527124784328646510012764563918583188452749102817454190718526,0xfd86e937fb031a0e614bcfd98f3a94afca59d1b790bd17ff2b6a7f9ad3c9c567,True,highest-temperature-in-seoul-on-april-22-2026-13c,10987.813173999992,2026-04-20 04:03:50.403219+00:00,False,True,False,2026-04-22T12:00:00Z,"['0.0105', '0.9895']",397976,highest-temperature-in-seoul-on-april-22-2026,Highest temperature in Seoul on April 22?
2029541,Will the highest temperature in Seoul be 14°C on April 22?,Yes,No,97053750902183823938384052155708233523189599297828288982215450910630619462598,95469778711504745723665701424819540838000275361217351210835150094469784093848,0x84650e76d1746fe5f3de87cfdc37f6811cd909a3747e6e465b7020f01e3449ee,True,highest-temperature-in-seoul-on-april-22-2026-14c,10512.07322400002,2026-04-20 04:03:50.506806+00:00,False,True,False,2026-04-22T12:00:00Z,"['0.135', '0.865']",397976,highest-temperature-in-seoul-on-april-22-2026,Highest temperature in Seoul on April 22?
2029542,Will the highest temperature in Seoul be 15°C on April 22?,Yes,No,68359757973816942876733058231840460721552432189487440828414564799005249661621,88941620432946694457310800190947788057595897688986386389769358243894333521980,0x71a85610ffb98f0e94d4b20e8c0fca4f9ea8ddf6b5ae410d8366078357f5f575,True,highest-temperature-in-seoul-on-april-22-2026-15c,6401.732020999992,2026-04-20 04:03:50.606991+00:00,False,True,False,2026-04-22T12:00:00Z,"['0.205', '0.795']",397976,highest-temperature-in-seoul-on-april-22-2026,Highest temperature in Seoul on April 22?
2029543,Will the highest temperature in Seoul be 16°C on April 22?,Yes,No,62485518852154820289976356932206228997332161114360560732859953680063307738762,112800130563911624942556724851548871031663037040627590821879165405658198252257,0x9a0b2e84b50ebc300670d5f845e230a6adff9c38b376c2456709eb816966a371,True,highest-temperature-in-seoul-on-april-22-2026-16c,5025.041920000002,2026-04-20 04:03:50.707747+00:00,False,True,False,2026-04-22T12:00:00Z,"['0.255', '0.745']",397976,highest-temperature-in-seoul-on-april-22-2026,Highest temperature in Seoul on April 22?
2029544,Will the highest temperature in Seoul be 17°C on April 22?,Yes,No,50041112992740679849714504524671044726537596300335232648023272263558987501157,10570385109725141079509798584691871838193535762519324234675309886707223521587,0x20c5423e007f0f1a2e6b054908620ee7709d0215c9f9ad83d210ee7fe9a54954,True,highest-temperature-in-seoul-on-april-22-2026-17c,3505.904264000002,2026-04-20 04:03:50.808469+00:00,False,True,False,2026-04-22T12:00:00Z,"['0.23', '0.77']",397976,highest-temperature-in-seoul-on-april-22-2026,Highest temperature in Seoul on April 22?
2029545,Will the highest temperature in Seoul be 18°C on April 22?,Yes,No,87942498376029270142716197802689491150330263760996061068156216503033659898365,99316840791208723923674719594253454762374445389269548582714671941635966951635,0xfe3e349ee638ae04b620d18c878185acb40ebe10f4c0f977114a2cdde6d48126,True,highest-temperature-in-seoul-on-april-22-2026-18c,5452.96603,2026-04-20 04:03:50.907881+00:00,False,True,False,2026-04-22T12:00:00Z,"['0.105', '0.895']",397976,highest-temperature-in-seoul-on-april-22-2026,Highest temperature in Seoul on April 22?
2029546,Will the highest temperature in Seoul be 19°C or higher on April 22?,Yes,No,5051644121710101462823476065847121300250940238869492201828849838912633201554,52965545007091854707100088495367518388237243281898104830703160639727666464893,0x45976b6cb92cc837b93dac9c89d7f77968c38c8792b80022f436afed1829d68f,True,highest-temperature-in-seoul-on-april-22-2026-19corhigher,9867.213584999998,2026-04-20 04:03:51.015409+00:00,False,True,False,2026-04-22T12:00:00Z,"['0.071', '0.929']",397976,highest-temperature-in-seoul-on-april-22-2026,Highest temperature in Seoul on April 22?
2029547,Will the highest temperature in Toronto be 9°C or below on April 22?,Yes,No,10629949059422726447749481155486905170209368132387927197652160318728808506486,26136291925877230274902926047831720516383325596587130688735061521513844257823,0x70ab69c4e57886bde1278957393c0772cb2c46789ed907c5a297194242fe55ae,True,highest-temperature-in-toronto-on-april-22-2026-9corbelow,3757.612295,2026-04-20 04:03:54.620761+00:00,False,True,False,2026-04-22T12:00:00Z,"['0.0015', '0.9985']",397977,highest-temperature-in-toronto-on-april-22-2026,Highest temperature in Toronto on April 22?
2029548,Will the highest temperature in Toronto be 10°C on April 22?,Yes,No,112552512832121858224462462672821223370012517737299311422851115235210044290400,16498199773452290754591521599707592946148599567981290549981315480721996411450,0x2a803bd8337abdf7c4427382c58eee797a16ac66fe166b0583853ae3f625ea53,True,highest-temperature-in-toronto-on-april-22-2026-10c,5512.945545999999,2026-04-20 04:03:54.737132+00:00,False,True,False,2026-04-22T12:00:00Z,"['0.0015', '0.9985']",397977,highest-temperature-in-toronto-on-april-22-2026,Highest temperature in Toronto on April 22?
2029549,Will the highest temperature in Toronto be 11°C on April 22?,Yes,No,84979965285069173048454031890866851265107209197140316959913121538264411418167,24946441484957041978363961559690501517744198153496417537160306055021387512211,0x54d6a052ae5cb59e130e83ff0b9619488526692f96e62c115d5d7457ceaf57b9,True,highest-temperature-in-toronto-on-april-22-2026-11c,2065.989445,2026-04-20 04:03:54.837105+00:00,False,True,False,2026-04-22T12:00:00Z,"['0.0005', '0.9995']",397977,highest-temperature-in-toronto-on-april-22-2026,Highest temperature in Toronto on April 22?
2029550,Will the highest temperature in Toronto be 12°C on April 22?,Yes,No,13273461879980897283784590326156784949236327811139900438860164792833561283235,39771425612671481140732095564496808460740092469803182863535020201950682204520,0x108e9ec8eb098193a8450a4f11762e958e7181dc17cb408ade12536fc39a24a5,True,highest-temperature-in-toronto-on-april-22-2026-12c,5305.576775000002,2026-04-20 04:03:54.936187+00:00,False,True,False,2026-04-22T12:00:00Z,"['0.0025', '0.9975']",397977,highest-temperature-in-toronto-on-april-22-2026,Highest temperature in Toronto on April 22?
2029551,Will the highest temperature in Toronto be 13°C on April 22?,Yes,No,74339422049005696499602926794016567549805651802038605286785058862623800586129,72052082654626650035113930156259505761785385339167606599050298015890666886270,0xba4d8810ebc81895989fe05062d6293eae07edc06eb1900bfae388f324f2702c,True,highest-temperature-in-toronto-on-april-22-2026-13c,5553.709144,2026-04-20 04:03:55.036565+00:00,False,True,False,2026-04-22T12:00:00Z,"['0.0025', '0.9975']",397977,highest-temperature-in-toronto-on-april-22-2026,Highest temperature in Toronto on April 22?
2029552,Will the highest temperature in Toronto be 14°C on April 22?,Yes,No,50751631874066995962249098663023081862621710122433312232990802268969880374420,46105990277988688936888997963258228753067686964395980089930274802816634284766,0x10de43af1553dc04e0fd42d4d92be783972939780306576e22d51b69ded0054a,True,highest-temperature-in-toronto-on-april-22-2026-14c,5518.851922999999,2026-04-20 04:03:55.136449+00:00,False,True,False,2026-04-22T12:00:00Z,"['0.011', '0.989']",397977,highest-temperature-in-toronto-on-april-22-2026,Highest temperature in Toronto on April 22?
2029553,Will the highest temperature in Toronto be 15°C on April 22?,Yes,No,1014499356477577886073130384367679485414969594289927001949039481604964067386,68288225315809542533670799468563967897273538257652691646348604334827060622029,0x93fb203f507f5aaa397ebf1ecb4aaf08a55afc536793121e305200cc42eb8fc9,True,highest-temperature-in-toronto-on-april-22-2026-15c,2974.6634149999995,2026-04-20 04:03:55.236518+00:00,False,True,False,2026-04-22T12:00:00Z,"['0.031', '0.969']",397977,highest-temperature-in-toronto-on-april-22-2026,Highest temperature in Toronto on April 22?
2029554,Will the highest temperature in Toronto be 16°C on April 22?,Yes,No,73029497668963632207929479417957602626687015101120227388902619070789447907643,81116172325842050926616613937477373529061575380084704730401604270056162632703,0xea47487585f7bd5d2a9c6f7985b580e0c8caeed763ad5743dbdaff814cf7541e,True,highest-temperature-in-toronto-on-april-22-2026-16c,1614.0613360000002,2026-04-20 04:03:55.335533+00:00,False,True,False,2026-04-22T12:00:00Z,"['0.09', '0.91']",397977,highest-temperature-in-toronto-on-april-22-2026,Highest temperature in Toronto on April 22?
2029555,Will the highest temperature in Toronto be 17°C on April 22?,Yes,No,8913371711670466761913205247802755260731430556030662856454467726632554354123,101271411912317369208359242195626269419423042228010248822344531073936868854497,0xdc9b99e78aa76627d9dd9cb766fb6395b77cc25c03220850911d1f2976973782,True,highest-temperature-in-toronto-on-april-22-2026-17c,1485.749093,2026-04-20 04:03:55.436778+00:00,False,True,False,2026-04-22T12:00:00Z,"['0.255', '0.745']",397977,highest-temperature-in-toronto-on-april-22-2026,Highest temperature in Toronto on April 22?
2029556,Will the highest temperature in Toronto be 18°C on April 22?,Yes,No,113540808896242886368855563494197434323444326772254728355367675087176181609891,17608876916485883146592055219046686289468977697336656153656892700020076923988,0xdd6d0dfd67c7ebfc236720d513ee20ba723c698ed2cf4af208b35834b7702588,True,highest-temperature-in-toronto-on-april-22-2026-18c,1798.806531,2026-04-20 04:03:55.536897+00:00,False,True,False,2026-04-22T12:00:00Z,"['0.295', '0.705']",397977,highest-temperature-in-toronto-on-april-22-2026,Highest temperature in Toronto on April 22?
2029557,Will the highest temperature in Toronto be 19°C or higher on April 22?,Yes,No,81718145636716416778747310234215837545426374913151788475188198750242680044965,114177688405395382947086086904212204932791471634623317950535833721988474583843,0x16068d9d4fdd1be1af8e584dabbc31ec79db37b4f84c0aa4af310230f4426361,True,highest-temperature-in-toronto-on-april-22-2026-19corhigher,3405.333328999999,2026-04-20 04:03:55.637965+00:00,False,True,False,2026-04-22T12:00:00Z,"['0.325', '0.675']",397977,highest-temperature-in-toronto-on-april-22-2026,Highest temperature in Toronto on April 22?
2029558,Will the highest temperature in Seattle be 57°F or below on April 22?,Yes,No,107803979843259871907874584802048322882870201435529048300461619188860636064650,84119960321752847129113970389216794997803975647271990851778994120963393724584,0xefbbd94ba7acbc84b6742f74df9e86ff0f137ce77ba19c2a9e940f07d82ad67e,True,highest-temperature-in-seattle-on-april-22-2026-57forbelow,3403.2229330000005,2026-04-20 04:04:00.361058+00:00,False,True,False,2026-04-22T12:00:00Z,"['0.93', '0.07']",397978,highest-temperature-in-seattle-on-april-22-2026,Highest temperature in Seattle on April 22?
2029559,Will the highest temperature in Seattle be between 58-59°F on April 22?,Yes,No,13736954150105874738193558360653658410524399483433219606787715880061902034177,2857126411829048603517860920137840533642359236423101015065245372050847695354,0xe00869e2634d6c3027b90834aee41e0c301466ea6b1f8756f47ded7c258906c5,True,highest-temperature-in-seattle-on-april-22-2026-58-59f,1714.7921669999996,2026-04-20 04:04:00.562941+00:00,False,True,False,2026-04-22T12:00:00Z,"['0.06', '0.94']",397978,highest-temperature-in-seattle-on-april-22-2026,Highest temperature in Seattle on April 22?
2029560,Will the highest temperature in Seattle be between 60-61°F on April 22?,Yes,No,75296336329134642634295535273112364726269938784098318671031698137146652810182,103105891197145865571768118403165296199377715037301589147531846885608500580718,0xeeba0d70680848388697041d85176c00d389faf615e2fec5462405e2cd17ed37,True,highest-temperature-in-seattle-on-april-22-2026-60-61f,1991.3938229999999,2026-04-20 04:04:00.664098+00:00,False,True,False,2026-04-22T12:00:00Z,"['0.0075', '0.9925']",397978,highest-temperature-in-seattle-on-april-22-2026,Highest temperature in Seattle on April 22?
2029561,Will the highest temperature in Seattle be between 62-63°F on April 22?,Yes,No,84113870020711379284940808739848922248735653392695148749075859481201883501000,66388152376366075227918310888557518768593120256355448862954746275258620049286,0xfeebcde853d3427c817fd621e702dd1d2ce7ace9c63e97c9ddffebd42a84a73e,True,highest-temperature-in-seattle-on-april-22-2026-62-63f,2791.9294070000024,2026-04-20 04:04:00.765705+00:00,False,True,False,2026-04-22T12:00:00Z,"['0.005', '0.995']",397978,highest-temperature-in-seattle-on-april-22-2026,Highest temperature in Seattle on April 22?
2029562,Will the highest temperature in Seattle be between 64-65°F on April 22?,Yes,No,8917139723770584965849267099260584187802933638985560023577850140265066268578,85597877620043261314697591829230288972997358126179530122275099734121843796969,0x2375582f96dc3ae5a93969f53011a7a722098760bdfeebbe0baaca56f66b1cc9,True,highest-temperature-in-seattle-on-april-22-2026-64-65f,1107.0237499999998,2026-04-20 04:04:00.865447+00:00,False,True,False,2026-04-22T12:00:00Z,"['0.0015', '0.9985']",397978,highest-temperature-in-seattle-on-april-22-2026,Highest temperature in Seattle on April 22?
2029563,Will the highest temperature in Seattle be between 66-67°F on April 22?,Yes,No,26575577604756911753174203829750606063675877696812286493880815069799817999327,95572573471253350703995805793921367136249788800200795457142483804145081171798,0x3641dff76a1298accb0a5289cfcef56c50ae43492f4a0f911699e722f39bcbdb,True,highest-temperature-in-seattle-on-april-22-2026-66-67f,858.713,2026-04-20 04:04:00.963869+00:00,False,True,False,2026-04-22T12:00:00Z,"['0.0005', '0.9995']",397978,highest-temperature-in-seattle-on-april-22-2026,Highest temperature in Seattle on April 22?
2029564,Will the highest temperature in Seattle be between 68-69°F on April 22?,Yes,No,93365891294970575139760813195749510306605238922118105687754844133210006564727,76780552490413826932979904259436035186440157419602279254351141769376835597069,0x7687ac6e9b24be167bfb77ff5a630ab31e93d3255ed2a56118375eb475559d2c,True,highest-temperature-in-seattle-on-april-22-2026-68-69f,1689.377059,2026-04-20 04:04:01.063762+00:00,False,True,False,2026-04-22T12:00:00Z,"['0.0005', '0.9995']",397978,highest-temperature-in-seattle-on-april-22-2026,Highest temperature in Seattle on April 22?
2029565,Will the highest temperature in Seattle be between 70-71°F on April 22?,Yes,No,93112244703640290779839064308926738318807867254035375048521390966743423627052,113412174403150648549725565397653865331177012408934051802041389619675561661014,0x29af749b6bd758ba902366e0dc13199f290445d897da39dcedf3c715b181c02f,True,highest-temperature-in-seattle-on-april-22-2026-70-71f,2107.5329999999994,2026-04-20 04:04:01.165873+00:00,False,True,False,2026-04-22T12:00:00Z,"['0.0005', '0.9995']",397978,highest-temperature-in-seattle-on-april-22-2026,Highest temperature in Seattle on April 22?
2029566,Will the highest temperature in Seattle be between 72-73°F on April 22?,Yes,No,13432188039467135052745560984012111793845058609307206525256193090910002975319,111304624564216239044053327089205052613625308157975770211277660281331659924090,0x5d7349e17b445ac7352c421c4e30808bb28f3503f3696cc84cd4d73822faec4a,True,highest-temperature-in-seattle-on-april-22-2026-72-73f,2092.2729999999997,2026-04-20 04:04:01.268159+00:00,False,True,False,2026-04-22T12:00:00Z,"['0.0005', '0.9995']",397978,highest-temperature-in-seattle-on-april-22-2026,Highest temperature in Seattle on April 22?
2029567,Will the highest temperature in Seattle be between 74-75°F on April 22?,Yes,No,47449288510396202300130844749976015509957103720864918482955012145614407975119,60110662683832529631229711231871386593286136306588460775738261730151568195100,0x32b826c785a65639fc9dabbfc03e0bd25a58a13411e8c595199763ef9c0d02f7,True,highest-temperature-in-seattle-on-april-22-2026-74-75f,1090.844,2026-04-20 04:04:01.369785+00:00,False,True,False,2026-04-22T12:00:00Z,"['0.0005', '0.9995']",397978,highest-temperature-in-seattle-on-april-22-2026,Highest temperature in Seattle on April 22?
2029568,Will the highest temperature in Seattle be 76°F or higher on April 22?,Yes,No,36256526788054109014607366663626912566663484774249914548332642732400406410224,93178954412459696444603048536172902073287738982823787819783393253053454753996,0xd0ac587fd1ffb01e9533589196a34e1bf6456fb5a83b57c7674cd868a4a7e151,True,highest-temperature-in-seattle-on-april-22-2026-76forhigher,1426.9772,2026-04-20 04:04:01.474032+00:00,False,True,False,2026-04-22T12:00:00Z,"['0.0015', '0.9985']",397978,highest-temperature-in-seattle-on-april-22-2026,Highest temperature in Seattle on April 22?
2029569,Will the highest temperature in New York City be 55°F or below on April 22?,Yes,No,12955782819743384379241430618197675870006105422427122201288721323897917214154,18204450974597273811158186039883047533228745710472767322648357508654774199216,0x2a7a86a7614d5b9231a1484915bc201acb51af194540ec5de33263f06e29ae6d,True,highest-temperature-in-nyc-on-april-22-2026-55forbelow,4587.386345000003,2026-04-20 04:04:04.628916+00:00,False,True,False,2026-04-22T12:00:00Z,"['0.635', '0.365']",397979,highest-temperature-in-nyc-on-april-22-2026,Highest temperature in NYC on April 22?
2029570,Will the highest temperature in New York City be between 56-57°F on April 22?,Yes,No,78155758763211005989844419973792818773881542008484864483529428465388713712937,94469740005890742685966849155009503493537695551766035224411567453147019887513,0x5c9e76cd469379e5c30d26ce024e25a2f1c5a8606c2c1f951c03ac9d9a94ce63,True,highest-temperature-in-nyc-on-april-22-2026-56-57f,2329.717159999999,2026-04-20 04:04:04.730104+00:00,False,True,False,2026-04-22T12:00:00Z,"['0.225', '0.775']",397979,highest-temperature-in-nyc-on-april-22-2026,Highest temperature in NYC on April 22?
2029571,Will the highest temperature in New York City be between 58-59°F on April 22?,Yes,No,61327824285128277560009804199529803336223721858838388369684927946681243001532,31204795599942157723091978083028941965272182652838730203096234482618394527902,0xfe6df3f5e83b9753bfd5fab22ef4f1f3fbbbd183c36f490add402def91908458,True,highest-temperature-in-nyc-on-april-22-2026-58-59f,2713.3355600000004,2026-04-20 04:04:04.832096+00:00,False,True,False,2026-04-22T12:00:00Z,"['0.09', '0.91']",397979,highest-temperature-in-nyc-on-april-22-2026,Highest temperature in NYC on April 22?
2029572,Will the highest temperature in New York City be between 60-61°F on April 22?,Yes,No,32942806529431368493918177052003085053514471894179729569079759835903991875721,27098124254534020466092791237176888290548018048015557068305349330282632451962,0x1fb7605ddb6df47f152f3f5fafb94b5733f41dc1ca2c17055a3a66a865cff4d8,True,highest-temperature-in-nyc-on-april-22-2026-60-61f,11886.491230000001,2026-04-20 04:04:04.932075+00:00,False,True,False,2026-04-22T12:00:00Z,"['0.0205', '0.9795']",397979,highest-temperature-in-nyc-on-april-22-2026,Highest temperature in NYC on April 22?
2029573,Will the highest temperature in New York City be between 62-63°F on April 22?,Yes,No,55738267161621756735284670780640958041635573361111028099737172581866937978413,108631553675252906584554602166419144686247536549566507565465698795199572644365,0xd8a18ce3316eec99669a0b967552b032f43d7e3b69f23cc38361917bd61c04ad,True,highest-temperature-in-nyc-on-april-22-2026-62-63f,3747.2028759999994,2026-04-20 04:04:05.031916+00:00,False,True,False,2026-04-22T12:00:00Z,"['0.0125', '0.9875']",397979,highest-temperature-in-nyc-on-april-22-2026,Highest temperature in NYC on April 22?
2029574,Will the highest temperature in New York City be between 64-65°F on April 22?,Yes,No,21638532395014688646811587580712401735242723700828339755038141945577689884684,22730588807227186078662029086172663544451925505020907592974310300744604732336,0x8904bf351743bf9141984e5e29787eb1eae098e896cee311291efbd5107a8385,True,highest-temperature-in-nyc-on-april-22-2026-64-65f,3935.6303239999997,2026-04-20 04:04:05.135480+00:00,False,True,False,2026-04-22T12:00:00Z,"['0.0055', '0.9945']",397979,highest-temperature-in-nyc-on-april-22-2026,Highest temperature in NYC on April 22?
2029575,Will the highest temperature in New York City be between 66-67°F on April 22?,Yes,No,66832736249407983258911592230438306854211157023542512456728018005489865030887,54637481360246680916219347643118630916959027531973507289454463075888487979806,0xb2f4fe7e9efeaa43b6442ed05e9fdec8fb736bfac6abdb57d5bac6ec6126ee53,True,highest-temperature-in-nyc-on-april-22-2026-66-67f,5825.086495999999,2026-04-20 04:04:05.235543+00:00,False,True,False,2026-04-22T12:00:00Z,"['0.0015', '0.9985']",397979,highest-temperature-in-nyc-on-april-22-2026,Highest temperature in NYC on April 22?
2029576,Will the highest temperature in New York City be between 68-69°F on April 22?,Yes,No,12535115514522351075819514513793736045900957211297668839560063705663553139562,110013734812762315410307662069950746830337944335050027434513343002323705019163,0x2b01e3618c235ed3bbb3830c347d7bf8c1f9c7cc37af9d679a3f16d6da365252,True,highest-temperature-in-nyc-on-april-22-2026-68-69f,2391.4188000000004,2026-04-20 04:04:05.337192+00:00,False,True,False,2026-04-22T12:00:00Z,"['0.0015', '0.9985']",397979,highest-temperature-in-nyc-on-april-22-2026,Highest temperature in NYC on April 22?
2029577,Will the highest temperature in New York City be between 70-71°F on April 22?,Yes,No,97938381465952243240723908190675284893870792687738154067441707074923020426056,81672347353123959211192539934019806871768917785438353163464363624343268462886,0x353b6b085f65a389488af7620fab691d4d08ee9f0ab8fb9f20cfa9760b36276b,True,highest-temperature-in-nyc-on-april-22-2026-70-71f,2607.3704,2026-04-20 04:04:05.438309+00:00,False,True,False,2026-04-22T12:00:00Z,"['0.0015', '0.9985']",397979,highest-temperature-in-nyc-on-april-22-2026,Highest temperature in NYC on April 22?
2029578,Will the highest temperature in New York City be between 72-73°F on April 22?,Yes,No,25688502823474973476726801862999733540606008204611658137892068180108631981795,34556007400202279019668554836210510541541765111094780907990281157251563105419,0x09972204aa83cbfc583ffd6f08f0ee3304e73fbd1b52980b0287e8753c45d2c8,True,highest-temperature-in-nyc-on-april-22-2026-72-73f,2438.9433999999987,2026-04-20 04:04:05.539199+00:00,False,True,False,2026-04-22T12:00:00Z,"['0.0015', '0.9985']",397979,highest-temperature-in-nyc-on-april-22-2026,Highest temperature in NYC on April 22?
2029579,Will the highest temperature in New York City be 74°F or higher on April 22?,Yes,No,31280801263237798226801657265716875183187448150157138295577647076578246033609,7317289735119102224994567016010194327253648879285402249764095236355946849902,0x4c37e71f1accb9a9263831842149976963e8c1ba3eccfe23027f7190caff0d15,True,highest-temperature-in-nyc-on-april-22-2026-74forhigher,2360.1174000000005,2026-04-20 04:04:05.640001+00:00,False,True,False,2026-04-22T12:00:00Z,"['0.0015', '0.9985']",397979,highest-temperature-in-nyc-on-april-22-2026,Highest temperature in NYC on April 22?
2029580,Will the highest temperature in Dallas be 53°F or below on April 22?,Yes,No,33499297506083749996274111425708167650614681386835884013989393769816080197632,90555486874742143755716799742343247190807431843535106858858913400656520086712,0x9c49678caa3ce358ca3c57a5a205d368c992f6027ec13bbf326f6db932b67ebb,True,highest-temperature-in-dallas-on-april-22-2026-53forbelow,16214.385416,2026-04-20 04:04:09.962397+00:00,False,True,False,2026-04-22T12:00:00Z,"['0.001', '0.999']",397980,highest-temperature-in-dallas-on-april-22-2026,Highest temperature in Dallas on April 22?
2029581,Will the highest temperature in Dallas be between 54-55°F on April 22?,Yes,No,103608390647337514540688560830745596090732515239874551586654875982983808133893,73492220374922436938552203505621835035006174368951026801493005684463804561238,0x4ee8bbe3fbabfa1ef93bdefa684cd9a474484d0944d5c33f54e26d9259936a30,True,highest-temperature-in-dallas-on-april-22-2026-54-55f,1129.15,2026-04-20 04:04:10.064039+00:00,False,True,False,2026-04-22T12:00:00Z,"['0.0005', '0.9995']",397980,highest-temperature-in-dallas-on-april-22-2026,Highest temperature in Dallas on April 22?
2029582,Will the highest temperature in Dallas be between 56-57°F on April 22?,Yes,No,38852764334734987530651746192319360510024808871095515081263855949445765341510,40446729061071070440828774770842863467711592133046575131381586648270637933190,0x9a2129a2c9a6781d132b5f80377c55aae00338a7827d8571aa83c294f74b9fec,True,highest-temperature-in-dallas-on-april-22-2026-56-57f,1468.2250000000001,2026-04-20 04:04:10.166399+00:00,False,True,False,2026-04-22T12:00:00Z,"['0.0005', '0.9995']",397980,highest-temperature-in-dallas-on-april-22-2026,Highest temperature in Dallas on April 22?
2029583,Will the highest temperature in Dallas be between 58-59°F on April 22?,Yes,No,55519165696162852398072896783219656269717887012081954211610310409487785323095,29495092808738758886989150947605775513979506295288432338565505903007605810789,0xbeeacbf6d6184b6fddb85e060d7d66f3de3bf08360c269f8c705d44b076b1771,True,highest-temperature-in-dallas-on-april-22-2026-58-59f,3283.419489000003,2026-04-20 04:04:10.450723+00:00,False,True,False,2026-04-22T12:00:00Z,"['0.0005', '0.9995']",397980,highest-temperature-in-dallas-on-april-22-2026,Highest temperature in Dallas on April 22?
2029584,Will the highest temperature in Dallas be between 60-61°F on April 22?,Yes,No,97220480665822720137800839698473636240138398669770837720077696957570924921869,6565016151298441285239623878903680558124416180008392616066073786304721799774,0x26063330204f241245b5b0d59104125294fa67d005e056fddad8321db6048bb5,True,highest-temperature-in-dallas-on-april-22-2026-60-61f,3143.2362320000007,2026-04-20 04:04:10.554362+00:00,False,True,False,2026-04-22T12:00:00Z,"['0.0005', '0.9995']",397980,highest-temperature-in-dallas-on-april-22-2026,Highest temperature in Dallas on April 22?
2029585,Will the highest temperature in Dallas be between 62-63°F on April 22?,Yes,No,64026018785225603785309647734766811056678873038226610988657823206822468591225,87583220770695049393349550275919774240068801890113950826307332111887544263195,0x7d61696adfc17209d1df8a7a1bc244cef81ba5ec25aaa6dcc41a0cbe3ecc3e0d,True,highest-temperature-in-dallas-on-april-22-2026-62-63f,3899.602034,2026-04-20 04:04:10.655174+00:00,False,True,False,2026-04-22T12:00:00Z,"['0.0005', '0.9995']",397980,highest-temperature-in-dallas-on-april-22-2026,Highest temperature in Dallas on April 22?
2029586,Will the highest temperature in Dallas be between 64-65°F on April 22?,Yes,No,43980643564234186723650293913439067308746878367191936749511862633469465697165,14935084380561932324336190068363413011254435039550818647701962026343222340597,0x99eaf6a295dae2d09160becadb8f286c110993bfe8c008d8aaa93330a0f928ba,True,highest-temperature-in-dallas-on-april-22-2026-64-65f,3309.1278740000007,2026-04-20 04:04:10.754958+00:00,False,True,False,2026-04-22T12:00:00Z,"['0.0005', '0.9995']",397980,highest-temperature-in-dallas-on-april-22-2026,Highest temperature in Dallas on April 22?
2029587,Will the highest temperature in Dallas be between 66-67°F on April 22?,Yes,No,47468147013074287092050753832804185757683161940679768555555821788144298102709,47010757537059041723962755685122138185674460400646953875778099609734980351111,0xec23d037daf0521124b3732186886c92b427acd3e7c26d2ff67257777ee0acdf,True,highest-temperature-in-dallas-on-april-22-2026-66-67f,7466.012054000002,2026-04-20 04:04:10.855686+00:00,False,True,False,2026-04-22T12:00:00Z,"['0.0025', '0.9975']",397980,highest-temperature-in-dallas-on-april-22-2026,Highest temperature in Dallas on April 22?
2029588,Will the highest temperature in Dallas be between 68-69°F on April 22?,Yes,No,65832910615562579314380464208505070450737557084004580196466487260988146100732,1393017602877763541529547581002974959454370705877537462784938022798546856797,0x724e2ed1e7de5ff4f052364da45d03430ab69172794d12f48e21442f60085363,True,highest-temperature-in-dallas-on-april-22-2026-68-69f,5106.003719999999,2026-04-20 04:04:11.000272+00:00,False,True,False,2026-04-22T12:00:00Z,"['0.0025', '0.9975']",397980,highest-temperature-in-dallas-on-april-22-2026,Highest temperature in Dallas on April 22?
2029589,Will the highest temperature in Dallas be between 70-71°F on April 22?,Yes,No,10011176771379761178972786332071348256101146280999402411913813025922212988005,110572551288509895950089787841883490597920046367912281118990796527404079456728,0x27400283750799fbc1fd6fafe105d7cacfc29401b7ac16d229e3b2041337f22e,True,highest-temperature-in-dallas-on-april-22-2026-70-71f,3580.7129410000002,2026-04-20 04:04:11.131814+00:00,False,True,False,2026-04-22T12:00:00Z,"['0.0165', '0.9835']",397980,highest-temperature-in-dallas-on-april-22-2026,Highest temperature in Dallas on April 22?
2029590,Will the highest temperature in Dallas be 72°F or higher on April 22?,Yes,No,58341619625107614224582067139100357414915377667275658249394974459006313842342,74684625292912710367387228322051063993383646992351868792617716549870649372715,0x4ba42d4e8635601369f4f22033ae187f25c58a26cd0e2e41f1500ca0fe5fd4ae,True,highest-temperature-in-dallas-on-april-22-2026-72forhigher,10123.782234,2026-04-20 04:04:12.441490+00:00,False,True,False,2026-04-22T12:00:00Z,"['0.9725', '0.0275']",397980,highest-temperature-in-dallas-on-april-22-2026,Highest temperature in Dallas on April 22?
2029591,Will the highest temperature in Atlanta be 73°F or below on April 22?,Yes,No,61857792804887652253607474449482995533227101479832148117299790519110131873548,71145424542670309120235771016591880808346066052048265424759883151824644485617,0x70bb89bece96bde3fd1c1bcb59b712762dce349495fd18e59765915b2f42543a,True,highest-temperature-in-atlanta-on-april-22-2026-73forbelow,2510.0522319999986,2026-04-20 04:04:15.596903+00:00,False,True,False,2026-04-22T12:00:00Z,"['0.0015', '0.9985']",397981,highest-temperature-in-atlanta-on-april-22-2026,Highest temperature in Atlanta on April 22?
2029592,Will the highest temperature in Atlanta be between 74-75°F on April 22?,Yes,No,43762253161929814511914897227693483892785976221600999087758957180630546935678,21842175861233567017429679872976338019313726336134899270052163791276771439676,0xb125889324dff52fa074ce70944e7c2bcbc45ab2cf6d2358ca44df280470cbe9,True,highest-temperature-in-atlanta-on-april-22-2026-74-75f,889.29037,2026-04-20 04:04:16.941305+00:00,False,True,False,2026-04-22T12:00:00Z,"['0.0065', '0.9935']",397981,highest-temperature-in-atlanta-on-april-22-2026,Highest temperature in Atlanta on April 22?
2029593,Will the highest temperature in Atlanta be between 76-77°F on April 22?,Yes,No,65229122488657679109352417716059365151868239855374728053471607225850829477855,109412955520865857888125206460441225903795942205304944737384403386846178958221,0x98ce74474ec0e82d29d0d7dded0e938f9ae1bdbe9c677311fba60a1d8d3d96b6,True,highest-temperature-in-atlanta-on-april-22-2026-76-77f,1752.4012989999997,2026-04-20 04:04:17.071795+00:00,False,True,False,2026-04-22T12:00:00Z,"['0.0115', '0.9885']",397981,highest-temperature-in-atlanta-on-april-22-2026,Highest temperature in Atlanta on April 22?
2029594,Will the highest temperature in Atlanta be between 78-79°F on April 22?,Yes,No,1030140237276843806177819754131618968438140800437101852773816879609596309977,80785691798404271537971984440344014987679092979279063713774103826817257955314,0x404d0437029c788f4d7dcbd2224dcb8b46456ec9d1b3b18a61995fcbce9002eb,True,highest-temperature-in-atlanta-on-april-22-2026-78-79f,2150.990128,2026-04-20 04:04:17.172022+00:00,False,True,False,2026-04-22T12:00:00Z,"['0.065', '0.935']",397981,highest-temperature-in-atlanta-on-april-22-2026,Highest temperature in Atlanta on April 22?
2029595,Will the highest temperature in Atlanta be between 80-81°F on April 22?,Yes,No,13941587666028537597005536466133216690490715623683350876993757818860180683809,12552103640428334264160431121065279686660168543910576561010615266904461368688,0x9c53a6d4ebdc4825cabe8560f51ee59173fb0ec39a24a659b6f9fa3e4c066c2c,True,highest-temperature-in-atlanta-on-april-22-2026-80-81f,791.6290979999999,2026-04-20 04:04:17.271134+00:00,False,True,False,2026-04-22T12:00:00Z,"['0.255', '0.745']",397981,highest-temperature-in-atlanta-on-april-22-2026,Highest temperature in Atlanta on April 22?
2029596,Will the highest temperature in Atlanta be between 82-83°F on April 22?,Yes,No,97664637338905878277330733137922356107050558032283356257677440878893515058362,105386453678830837441031933749561264173745847980889498507090747255597810558507,0x8e15db4e059f6e8fe947b7ffa3f289c00496e0e1594b9172dddc3dcc185ea7b6,True,highest-temperature-in-atlanta-on-april-22-2026-82-83f,1870.5868590000005,2026-04-20 04:04:17.372392+00:00,False,True,False,2026-04-22T12:00:00Z,"['0.485', '0.515']",397981,highest-temperature-in-atlanta-on-april-22-2026,Highest temperature in Atlanta on April 22?
2029597,Will the highest temperature in Atlanta be between 84-85°F on April 22?,Yes,No,105872883618442748258688273592008302397843581285416315282989409112596971955078,38690213508960445313652604493362140594109233503530982236380366175199809715492,0xa94d24a516ed778acab3ebd26a46e2de9ac5af11afb136e3d99c9e22dea3e082,True,highest-temperature-in-atlanta-on-april-22-2026-84-85f,1320.3156359999996,2026-04-20 04:04:17.473911+00:00,False,True,False,2026-04-22T12:00:00Z,"['0.19', '0.81']",397981,highest-temperature-in-atlanta-on-april-22-2026,Highest temperature in Atlanta on April 22?
2029598,Will the highest temperature in Atlanta be between 86-87°F on April 22?,Yes,No,105410013468300926788426531951374856700908357598074731438143747357863130368468,15203220973517727536937512608963189314664827417459922198581512852723227730098,0x3bb8422ff2ee0b37cac9c898a171e398433d85c2f0e664b77e16684d87cb5aee,True,highest-temperature-in-atlanta-on-april-22-2026-86-87f,1663.2564409999995,2026-04-20 04:04:17.574354+00:00,False,True,False,2026-04-22T12:00:00Z,"['0.0205', '0.9795']",397981,highest-temperature-in-atlanta-on-april-22-2026,Highest temperature in Atlanta on April 22?
2029599,Will the highest temperature in Atlanta be between 88-89°F on April 22?,Yes,No,115393975614830646701266681609722146831947621158765965399690645484915166058358,10600954842222337097373703084877439492700037782426277367120512163946206604153,0xee9de6a5aad84445cfd4e6617cd83082dddd1a97237a994a3d4b0bd7b07ca4a8,True,highest-temperature-in-atlanta-on-april-22-2026-88-89f,787.3543570000002,2026-04-20 04:04:17.674232+00:00,False,True,False,2026-04-22T12:00:00Z,"['0.0105', '0.9895']",397981,highest-temperature-in-atlanta-on-april-22-2026,Highest temperature in Atlanta on April 22?
2029600,Will the highest temperature in Atlanta be between 90-91°F on April 22?,Yes,No,49852730876361402806137931343929682606310924207702735369065709420864269523224,51039431371002819767078120525159262200345448172152576805039539785750459004139,0x55081fd5c4d959246fd9f8457c3d1211b3506727116fbea2ddcda8ab5f31dff7,True,highest-temperature-in-atlanta-on-april-22-2026-90-91f,556.6029730000001,2026-04-20 04:04:17.774904+00:00,False,True,False,2026-04-22T12:00:00Z,"['0.0025', '0.9975']",397981,highest-temperature-in-atlanta-on-april-22-2026,Highest temperature in Atlanta on April 22?
2029601,Will the highest temperature in Atlanta be 92°F or higher on April 22?,Yes,No,4275124272551813117177696418300782840761405786721831143112547673725408031824,46423609771853873758249948592225828892005541518890017956495521181907161959267,0x03d657a33ca827453d4ebf9eb1dca6237daa51b03b10e18778cfe1a92094d30e,True,highest-temperature-in-atlanta-on-april-22-2026-92forhigher,1055.6893060000002,2026-04-20 04:04:17.876421+00:00,False,True,False,2026-04-22T12:00:00Z,"['0.0045', '0.9955']",397981,highest-temperature-in-atlanta-on-april-22-2026,Highest temperature in Atlanta on April 22?
2029602,Will the highest temperature in Miami be 67°F or below on April 22?,Yes,No,72139533798009374193542405707465529184789422878689852927396785392406520034151,73334074359776367835773925435538516819064301475610007890087039198865851695165,0xc758b71bdac7315abb05b8987b586e8b765c1440b7a2b3623f761c3940b33afd,True,highest-temperature-in-miami-on-april-22-2026-67forbelow,8571.187750000001,2026-04-20 04:04:20.996317+00:00,False,True,False,2026-04-22T12:00:00Z,"['0.0005', '0.9995']",397982,highest-temperature-in-miami-on-april-22-2026,Highest temperature in Miami on April 22?
2029603,Will the highest temperature in Miami be between 68-69°F on April 22?,Yes,No,105431767400634287449072652453486311189324332385896120481351215318364823946602,53317089761694090527793027551276598293198144091774069023435686075854878469806,0x9073e30f91c4cbbcba18e1fda77899519c9815d4aad7dd583e548b8bcabac4d7,True,highest-temperature-in-miami-on-april-22-2026-68-69f,844.8916159999999,2026-04-20 04:04:21.098368+00:00,False,True,False,2026-04-22T12:00:00Z,"['0.0015', '0.9985']",397982,highest-temperature-in-miami-on-april-22-2026,Highest temperature in Miami on April 22?
2029604,Will the highest temperature in Miami be between 70-71°F on April 22?,Yes,No,9231804555794515690422986751352640140884268737960109201464017330807003393137,58602333762812437273461154558151563818829196563133473488083448502684379071990,0x448f961b9dd356647b5b47f97852aedebd9dff3550355f88057d61a3bfdc3e24,True,highest-temperature-in-miami-on-april-22-2026-70-71f,623.8249159999999,2026-04-20 04:04:21.198980+00:00,False,True,False,2026-04-22T12:00:00Z,"['0.0025', '0.9975']",397982,highest-temperature-in-miami-on-april-22-2026,Highest temperature in Miami on April 22?
2029605,Will the highest temperature in Miami be between 72-73°F on April 22?,Yes,No,112416140340217564187647336124159077169693012288908093332482334345218047499805,103347304214180514439642574961950226779619225368299253581061623262338844450408,0x1ade7fd34e00afe1ac887b25029ef1e4411807756c35fe6aecbbc3875f62f78f,True,highest-temperature-in-miami-on-april-22-2026-72-73f,2976.921773,2026-04-20 04:04:21.298216+00:00,False,True,False,2026-04-22T12:00:00Z,"['0.004', '0.996']",397982,highest-temperature-in-miami-on-april-22-2026,Highest temperature in Miami on April 22?
2029606,Will the highest temperature in Miami be between 74-75°F on April 22?,Yes,No,108282281342762074265464593844159039228962523101340569579131295766678404943709,96572454480646112986014873625197277229494818059355727299745197538157204106006,0x900cea0c2b373524e45ed0bb4b3e3daecfe72e2011e4fa892e4283e474bdab0b,True,highest-temperature-in-miami-on-april-22-2026-74-75f,3664.8466250000015,2026-04-20 04:04:21.435895+00:00,False,True,False,2026-04-22T12:00:00Z,"['0.0205', '0.9795']",397982,highest-temperature-in-miami-on-april-22-2026,Highest temperature in Miami on April 22?
2029607,Will the highest temperature in Miami be between 76-77°F on April 22?,Yes,No,28217184537697768123337509824308234355365804623923542607165605136628174244878,13596995679417965927278803011115305061451956747575593052379568388447549818892,0x42e4202e7ced7ecefa9b44c06669ce9f9203c04b1c80dfbe1026f13aea0a197b,True,highest-temperature-in-miami-on-april-22-2026-76-77f,1927.7042099999999,2026-04-20 04:04:21.580822+00:00,False,True,False,2026-04-22T12:00:00Z,"['0.19', '0.81']",397982,highest-temperature-in-miami-on-april-22-2026,Highest temperature in Miami on April 22?
2029608,Will the highest temperature in Miami be between 78-79°F on April 22?,Yes,No,90722716345474727262254508494683041977731129295712089681509811401370555731,22868036522504297113448721248361574850197877611728382338197974705956389924336,0xd67909d430606d5e7e9ba36fb87223bd55595b93a4f496533dbfb626d10a381a,True,highest-temperature-in-miami-on-april-22-2026-78-79f,1952.69508,2026-04-20 04:04:21.712259+00:00,False,True,False,2026-04-22T12:00:00Z,"['0.47', '0.53']",397982,highest-temperature-in-miami-on-april-22-2026,Highest temperature in Miami on April 22?
2029609,Will the highest temperature in Miami be between 80-81°F on April 22?,Yes,No,95042225502716576107792063511264728704590917430564831431391569639950913298014,36721933210543300277100015596943422052728420767796947757050224203966348608742,0xd086c1be058d7325fa4e37bb88c0c17f1e6330026a6a5c2bb9e8243b5e9542c3,True,highest-temperature-in-miami-on-april-22-2026-80-81f,1418.54821,2026-04-20 04:04:21.842532+00:00,False,True,False,2026-04-22T12:00:00Z,"['0.32', '0.68']",397982,highest-temperature-in-miami-on-april-22-2026,Highest temperature in Miami on April 22?
2029610,Will the highest temperature in Miami be between 82-83°F on April 22?,Yes,No,60351454207069144929736756445750831691616007002058866160921736660116800989226,46058253345409697462058618412058006860503265700279334690126534371231209924212,0x87751ac691a0f70233c6cd6be105fea7d226d7ad028bb35da4e6944605618155,True,highest-temperature-in-miami-on-april-22-2026-82-83f,1434.3473359999998,2026-04-20 04:04:21.946292+00:00,False,True,False,2026-04-22T12:00:00Z,"['0.033', '0.967']",397982,highest-temperature-in-miami-on-april-22-2026,Highest temperature in Miami on April 22?
2029611,Will the highest temperature in Miami be between 84-85°F on April 22?,Yes,No,67297895095447729696415937355598887362276722743665881529321947108373180336001,28683327782809981930332600287793930736422861676247287940485419246727154335815,0x0b0789fd2a9efd8a8e3773f954c803b6056bb8c1d3f69bd4bca3b19532067a06,True,highest-temperature-in-miami-on-april-22-2026-84-85f,589.583963,2026-04-20 04:04:22.046757+00:00,False,True,False,2026-04-22T12:00:00Z,"['0.017', '0.983']",397982,highest-temperature-in-miami-on-april-22-2026,Highest temperature in Miami on April 22?
2029612,Will the highest temperature in Miami be 86°F or higher on April 22?,Yes,No,41103648466117646700164089096138525624010873239291811865440451361295897762041,46903835178433609411873904181198931200788661926957575708811273658485888570203,0x1a455f51c7ecbfd66aa2108e844e56950fa67db359d9284ce908d7d10a7933f3,True,highest-temperature-in-miami-on-april-22-2026-86forhigher,830.0637249999997,2026-04-20 04:04:22.146263+00:00,False,True,False,2026-04-22T12:00:00Z,"['0.0075', '0.9925']",397982,highest-temperature-in-miami-on-april-22-2026,Highest temperature in Miami on April 22?
2029613,Will the highest temperature in Chicago be 31°F or below on April 22?,Yes,No,28646834444314915297188815882892067927559736241062271894531294126658966981846,80312009700565374241416828017122198857250068229940991141942868645878192254807,0x9510146787de740630b8bcbe8557d46db81f4b84c312b1c408f1091432adfa00,True,highest-temperature-in-chicago-on-april-22-2026-31forbelow,18333.203665000005,2026-04-20 04:04:25.202743+00:00,False,True,False,2026-04-22T12:00:00Z,"['0.0005', '0.9995']",397983,highest-temperature-in-chicago-on-april-22-2026,Highest temperature in Chicago on April 22?
2029614,Will the highest temperature in Chicago be between 32-33°F on April 22?,Yes,No,79237496419993317019695638033523863823629958297059325048102044061518542496763,71460593697901955294895258018266361563788861005072063793236859637136366910048,0xfc1bd084f7ca37779b5554426b15d4dc091e766c8e422826e57768a320d7a46f,True,highest-temperature-in-chicago-on-april-22-2026-32-33f,2548.3210000000004,2026-04-20 04:04:25.305730+00:00,False,True,False,2026-04-22T12:00:00Z,"['0.0005', '0.9995']",397983,highest-temperature-in-chicago-on-april-22-2026,Highest temperature in Chicago on April 22?
2029615,Will the highest temperature in Chicago be between 34-35°F on April 22?,Yes,No,111381972208619906398895673298942166475816156517256479974746949531121420808451,109328038824426452802755319440394141768194773232042525484826543419118018871522,0x6911cc0344793743566b7f2c81aa6fc9aa61bbabde0ecec8b7f648817f3741c0,True,highest-temperature-in-chicago-on-april-22-2026-34-35f,2664.4070039999997,2026-04-20 04:04:25.408061+00:00,False,True,False,2026-04-22T12:00:00Z,"['0.0005', '0.9995']",397983,highest-temperature-in-chicago-on-april-22-2026,Highest temperature in Chicago on April 22?
2029616,Will the highest temperature in Chicago be between 36-37°F on April 22?,Yes,No,74008720072212550313396149100819383561338386097131855760849956228591386029622,108283817309286201616321956653477953190888248648466329076000828507326702739080,0x4c0296db0015f8a093ccbfeac869afb17534d57d70a45e014d50cda3d305ab0c,True,highest-temperature-in-chicago-on-april-22-2026-36-37f,3164.6990000000005,2026-04-20 04:04:25.509637+00:00,False,True,False,2026-04-22T12:00:00Z,"['0.0005', '0.9995']",397983,highest-temperature-in-chicago-on-april-22-2026,Highest temperature in Chicago on April 22?
2029617,Will the highest temperature in Chicago be between 38-39°F on April 22?,Yes,No,28579501091607749792432925220349308797755954897311161580247911926823666555257,28535557811874461065140978934222729010975143740551436955760664111075377902996,0xf61cb1b94e90561ecb289d1d7c97933aa2b26899e85c8524e230b2be9f806c8c,True,highest-temperature-in-chicago-on-april-22-2026-38-39f,3268.09,2026-04-20 04:04:25.611407+00:00,False,True,False,2026-04-22T12:00:00Z,"['0.0005', '0.9995']",397983,highest-temperature-in-chicago-on-april-22-2026,Highest temperature in Chicago on April 22?
2029618,Will the highest temperature in Chicago be between 40-41°F on April 22?,Yes,No,43005602323008583688643943987655761909248435715388988766687419906994832589926,5594779107642130635871035347933581701239894828227961106387018529862998828666,0xcb640a3314bd6aca1dab54f1aac1fb38063cfdf8c604a911532ee7d6267b08f4,True,highest-temperature-in-chicago-on-april-22-2026-40-41f,2754.0150000000003,2026-04-20 04:04:26.786739+00:00,False,True,False,2026-04-22T12:00:00Z,"['0.0005', '0.9995']",397983,highest-temperature-in-chicago-on-april-22-2026,Highest temperature in Chicago on April 22?
2029619,Will the highest temperature in Chicago be between 42-43°F on April 22?,Yes,No,81251807477796994905716416347618708667341010711177098394704816553843880794075,75466326703189801422665604331823409794011522853453379347731801189400143089087,0x672a414908df489ec53e13068062e5853c9b4abc5706441ed82f525374f1538f,True,highest-temperature-in-chicago-on-april-22-2026-42-43f,2708.6310000000003,2026-04-20 04:04:26.910198+00:00,False,True,False,2026-04-22T12:00:00Z,"['0.0005', '0.9995']",397983,highest-temperature-in-chicago-on-april-22-2026,Highest temperature in Chicago on April 22?
2029620,Will the highest temperature in Chicago be between 44-45°F on April 22?,Yes,No,69014599008976600663101365617224187850090652373044019436973702640326852311427,33821534651736089666550202446706875090633829311198483502600628648530412508747,0x09fa2655c02a8b0b5d40a42319697d7a3d4e81f2c7a7686b69ce73f4fa00d832,True,highest-temperature-in-chicago-on-april-22-2026-44-45f,4712.706999999999,2026-04-20 04:04:27.010038+00:00,False,True,False,2026-04-22T12:00:00Z,"['0.0005', '0.9995']",397983,highest-temperature-in-chicago-on-april-22-2026,Highest temperature in Chicago on April 22?
2029621,Will the highest temperature in Chicago be between 46-47°F on April 22?,Yes,No,82395456001256978569179802608348988071080922928627579685467897147855485634646,80605920008054452136980889466718445567970540747913049621857218715062384930524,0xe154d7f8a554f0f937c4b00b977a92ecbf0edfa4456dd93874bbcbdd9b3c9884,True,highest-temperature-in-chicago-on-april-22-2026-46-47f,3270.782011,2026-04-20 04:04:27.111451+00:00,False,True,False,2026-04-22T12:00:00Z,"['0.0005', '0.9995']",397983,highest-temperature-in-chicago-on-april-22-2026,Highest temperature in Chicago on April 22?
2029622,Will the highest temperature in Chicago be between 48-49°F on April 22?,Yes,No,74430082336644404023618510963915929327305449568175297410308224295362629081428,58631572165138932135848697643689608061851729705949285166891322155453582564865,0x636ebe4001f68532184bbf37e7a49159e3ef8e0e7e09e4115e2b317b1d67bc16,True,highest-temperature-in-chicago-on-april-22-2026-48-49f,5542.203,2026-04-20 04:04:27.212569+00:00,False,True,False,2026-04-22T12:00:00Z,"['0.001', '0.999']",397983,highest-temperature-in-chicago-on-april-22-2026,Highest temperature in Chicago on April 22?
2029623,Will the highest temperature in Chicago be 50°F or higher on April 22?,Yes,No,89312999869879326578948923167848591085130166423468038692057958179558945438454,23634435822020126242458727268812111333505917827218567387675513308669353860596,0xd823d88292134e5cab90467094dcd04ce0078d58ba558b4dcfdfab3e36102eee,True,highest-temperature-in-chicago-on-april-22-2026-50forhigher,22986.278641000004,2026-04-20 04:04:27.315262+00:00,False,True,False,2026-04-22T12:00:00Z,"['0.997', '0.003']",397983,highest-temperature-in-chicago-on-april-22-2026,Highest temperature in Chicago on April 22?
2029624,Will the highest temperature in Ankara be 11°C or below on April 22?,Yes,No,39056906615005541565847057241587924620593750034628238974785720503176207971144,87041038263878364948357347231304070504735428329053938053794761505919913450664,0x004c33a20d2e2789ceb5432eee47ba980ff8ac9f0865e46c9bc5b0474d732812,True,highest-temperature-in-ankara-on-april-22-2026-11corbelow,599.308,2026-04-20 04:04:30.493912+00:00,False,True,False,2026-04-22T12:00:00Z,"['0.0015', '0.9985']",397984,highest-temperature-in-ankara-on-april-22-2026,Highest temperature in Ankara on April 22?
2029625,Will the highest temperature in Ankara be 12°C on April 22?,Yes,No,52831939165694043080741107056333907602913518856327039023985564109169462797952,114284401739397383444301675214904585618344208352955538876535637724787529889223,0x86132272aecb43f7223e54080b1d80ee7adb596e50d64121725ad8b73a8acfd4,True,highest-temperature-in-ankara-on-april-22-2026-12c,1892.8631600000003,2026-04-20 04:04:30.657955+00:00,False,True,False,2026-04-22T12:00:00Z,"['0.0045', '0.9955']",397984,highest-temperature-in-ankara-on-april-22-2026,Highest temperature in Ankara on April 22?
2029626,Will the highest temperature in Ankara be 13°C on April 22?,Yes,No,4843758956598253034438040797602395031593585049175548376318137491888700828131,66631172369905130573896282830281613808948779701822873010778717014116256522498,0xc4f88fea95fba38659d9b0cb06563ebc3d8e4d33402c54da5e3f0c61467f2886,True,highest-temperature-in-ankara-on-april-22-2026-13c,2188.969388999999,2026-04-20 04:04:30.790694+00:00,False,True,False,2026-04-22T12:00:00Z,"['0.016', '0.984']",397984,highest-temperature-in-ankara-on-april-22-2026,Highest temperature in Ankara on April 22?
2029627,Will the highest temperature in Ankara be 14°C on April 22?,Yes,No,110243328242755913091541473425679175147381680527499242191874424846414208057358,88791350390590487556121858820143287578847203719364801953081770573106640932019,0x705cbd6e0fd60ea687605fd6de49bc6ccc9978afc25be6cc68c7930c6c61c7b2,True,highest-temperature-in-ankara-on-april-22-2026-14c,2995.2017099999975,2026-04-20 04:04:30.895144+00:00,False,True,False,2026-04-22T12:00:00Z,"['0.07', '0.93']",397984,highest-temperature-in-ankara-on-april-22-2026,Highest temperature in Ankara on April 22?
2029628,Will the highest temperature in Ankara be 15°C on April 22?,Yes,No,55787116060350654246527326980725051569562049452649242282665777746003058848373,81209386912456920003068437935352186617904703550839862569604316186412978250507,0x874afea4ad50b4030273d2ecad59359fee60ae19868149476ee1337b349759e9,True,highest-temperature-in-ankara-on-april-22-2026-15c,1765.3145310000007,2026-04-20 04:04:30.997585+00:00,False,True,False,2026-04-22T12:00:00Z,"['0.225', '0.775']",397984,highest-temperature-in-ankara-on-april-22-2026,Highest temperature in Ankara on April 22?
2029629,Will the highest temperature in Ankara be 16°C on April 22?,Yes,No,58720127644462704459809379031075361990580926175135967133900617486098667399664,4797056983820251788108898827200090333423298803303173961594492134886760766921,0x627eca2b472cf8db6eede5a8be2ba7d88f3acc508d9ea050e19cd6048d6bfa33,True,highest-temperature-in-ankara-on-april-22-2026-16c,1041.708311,2026-04-20 04:04:31.100534+00:00,False,True,False,2026-04-22T12:00:00Z,"['0.425', '0.575']",397984,highest-temperature-in-ankara-on-april-22-2026,Highest temperature in Ankara on April 22?
2029630,Will the highest temperature in Ankara be 17°C on April 22?,Yes,No,80309278581081293746629632420201920943240367678857820769764263626793687783222,72781969895538138899485215153443972783521629531806540682513058014849896620138,0x8cc68513f774a3ff9a0b6e8698e88b3c2d96a25d3ebc7a56a0184ec0042d540f,True,highest-temperature-in-ankara-on-april-22-2026-17c,1251.7422669999999,2026-04-20 04:04:31.202235+00:00,False,True,False,2026-04-22T12:00:00Z,"['0.14', '0.86']",397984,highest-temperature-in-ankara-on-april-22-2026,Highest temperature in Ankara on April 22?
2029631,Will the highest temperature in Ankara be 18°C on April 22?,Yes,No,8206149762335454824388046130360935715739371668452957224210864116477205882457,104244128497584592071879387112651159355152911593646631859460885018042190714824,0xb6033b18831245cafdc4ab1af6a14d853d901e6946f27eef0fd4ad2ffe50a352,True,highest-temperature-in-ankara-on-april-22-2026-18c,3006.665807999999,2026-04-20 04:04:32.324213+00:00,False,True,False,2026-04-22T12:00:00Z,"['0.027', '0.973']",397984,highest-temperature-in-ankara-on-april-22-2026,Highest temperature in Ankara on April 22?
2029632,Will the highest temperature in Ankara be 19°C on April 22?,Yes,No,101139166580488448785124540272487580153479490336620492422287013731762839431791,107276235765132130450414044595455215439303280951697557233799694801766922957706,0x4c719c55c19b5952367cd862ad5174a09c257d6489f78a8919f7d457de9ff3b8,True,highest-temperature-in-ankara-on-april-22-2026-19c,1169.232272,2026-04-20 04:04:32.425596+00:00,False,True,False,2026-04-22T12:00:00Z,"['0.0075', '0.9925']",397984,highest-temperature-in-ankara-on-april-22-2026,Highest temperature in Ankara on April 22?
2029633,Will the highest temperature in Ankara be 20°C on April 22?,Yes,No,83952336637717444777805804932674345997253375883383463918254788843759048385072,75049932473990875247016676015034990059220334949531542928650025388643094087485,0xbee5a1f50550216b85b3606c1b18bcc4b73cd17dcb93357b62c9b3cf8b76681e,True,highest-temperature-in-ankara-on-april-22-2026-20c,439.8632000000001,2026-04-20 04:04:32.528379+00:00,False,True,False,2026-04-22T12:00:00Z,"['0.0045', '0.9955']",397984,highest-temperature-in-ankara-on-april-22-2026,Highest temperature in Ankara on April 22?
2029634,Will the highest temperature in Ankara be 21°C or higher on April 22?,Yes,No,23329728440790773849495520307260367361014926066819671189809940437917236435091,76085995549009029664484906754180529606314284718795271007330637894511380469886,0x54400b3f9960d599766fb16415c3245eca418d107ba8e48ac8c7ebb49d0c034b,True,highest-temperature-in-ankara-on-april-22-2026-21corhigher,898.0138999999999,2026-04-20 04:04:32.629701+00:00,False,True,False,2026-04-22T12:00:00Z,"['0.002', '0.998']",397984,highest-temperature-in-ankara-on-april-22-2026,Highest temperature in Ankara on April 22?
2029635,Will the highest temperature in Wellington be 6°C or below on April 22?,Yes,No,102497370583591035602935164798498392659338735980155580867984385200640945884629,11034191367958611815834489364664053649157858632514774373945253770513301431172,0xae26a8ca34001221e6264f376a285f85ebda4ceb99c5f4c8ab9406d1056e8be5,True,highest-temperature-in-wellington-on-april-22-2026-6corbelow,2723.592519,2026-04-20 04:04:36.939959+00:00,False,True,False,2026-04-22T12:00:00Z,"['0.0005', '0.9995']",397985,highest-temperature-in-wellington-on-april-22-2026,Highest temperature in Wellington on April 22?
2029636,Will the highest temperature in Wellington be 7°C on April 22?,Yes,No,41347573040189637373378989564003548150473255073274688722524954665098405264885,33599781745146432641519673087235581850946893219823431254955319276722428156340,0x265e1b32a28e5ea8c36a50ac9995d78f9d387c627930015f514eca074428903c,True,highest-temperature-in-wellington-on-april-22-2026-7c,3623.6360000000004,2026-04-20 04:04:37.071037+00:00,False,True,False,2026-04-22T12:00:00Z,"['0.0005', '0.9995']",397985,highest-temperature-in-wellington-on-april-22-2026,Highest temperature in Wellington on April 22?
2029637,Will the highest temperature in Wellington be 8°C on April 22?,Yes,No,113129799496195998740361407121395316377139037954052919169383710062663453110273,22602980382079060346447444219578584215161474487016600341946333580229112693947,0x272571baf16c8b3f419261c9a06588b739c02a7cf81a84e77b982195e97506ca,True,highest-temperature-in-wellington-on-april-22-2026-8c,4237.1205,2026-04-20 04:04:37.205060+00:00,False,True,False,2026-04-22T12:00:00Z,"['0.0005', '0.9995']",397985,highest-temperature-in-wellington-on-april-22-2026,Highest temperature in Wellington on April 22?
2029638,Will the highest temperature in Wellington be 9°C on April 22?,Yes,No,98070433587339449810487528048408652865874495786532383968476263510037071549534,103957998726706693170071464511906743442762335274403106571034165912552555599102,0xcefefb671c72031cf85962cdc53e703b3f1671673e426257d33d1e1272bcad56,True,highest-temperature-in-wellington-on-april-22-2026-9c,6385.901106,2026-04-20 04:04:37.347111+00:00,False,True,False,2026-04-22T12:00:00Z,"['0.0005', '0.9995']",397985,highest-temperature-in-wellington-on-april-22-2026,Highest temperature in Wellington on April 22?
2029639,Will the highest temperature in Wellington be 10°C on April 22?,Yes,No,53481257856738459251737112525732786844666536537451004100460712609567379307320,46512966569872921785863622024236718320063618341218495384194341197668484242323,0x0411821db77581acacff0a5099cf8839e3edda7945ef7020f3af96c56edbe7d5,True,highest-temperature-in-wellington-on-april-22-2026-10c,12580.854543,2026-04-20 04:04:37.477893+00:00,False,True,False,2026-04-22T12:00:00Z,"['0.0005', '0.9995']",397985,highest-temperature-in-wellington-on-april-22-2026,Highest temperature in Wellington on April 22?
2029640,Will the highest temperature in Wellington be 11°C on April 22?,Yes,No,67532721520451093251803401271387258957927825176023051900961458080517594340704,104903333136745896792550817998203343770262819823565523349049793679318285693349,0xaa3db12877d29febed187e5d9b6b99de0dd371f31eab965ee43c57a56909a3f7,True,highest-temperature-in-wellington-on-april-22-2026-11c,9690.434004,2026-04-20 04:04:37.622971+00:00,False,True,False,2026-04-22T12:00:00Z,"['0.0005', '0.9995']",397985,highest-temperature-in-wellington-on-april-22-2026,Highest temperature in Wellington on April 22?
2029641,Will the highest temperature in Wellington be 12°C on April 22?,Yes,No,6256666085866913309782767823343336708711280134609965336910505155192577952156,43824030919423547318441378688445624776152752292503645987189677243573518750581,0x941d11b760ccedbf160405278f50bdde42a22c8472ec81906e7b8b54caa4aafe,True,highest-temperature-in-wellington-on-april-22-2026-12c,1821.1013139999993,2026-04-20 04:04:37.777160+00:00,False,True,False,2026-04-22T12:00:00Z,"['0.655', '0.345']",397985,highest-temperature-in-wellington-on-april-22-2026,Highest temperature in Wellington on April 22?
2029642,Will the highest temperature in Wellington be 13°C on April 22?,Yes,No,69834847870922200164945058733740435427682535811836250944265276476023917458760,53690900578928072378621048146546522869832538905686203291218019475648755665206,0x9f2938ae37e876bf474bb74d793390bf4b51c3ce2d3d5d8b351eab1c07e50c2f,True,highest-temperature-in-wellington-on-april-22-2026-13c,2866.069616,2026-04-20 04:04:37.941940+00:00,False,True,False,2026-04-22T12:00:00Z,"['0.325', '0.675']",397985,highest-temperature-in-wellington-on-april-22-2026,Highest temperature in Wellington on April 22?
2029643,Will the highest temperature in Wellington be 14°C on April 22?,Yes,No,89474041300759835511448949592378445756881342300198191616452666714973281646289,48576207682379736619372273604924888671952515009851668705780662748679217427246,0x1715249391fbf13f4b689ce21635c7f844ad4c9af4f59098145a6e2886ab25f3,True,highest-temperature-in-wellington-on-april-22-2026-14c,2876.9843180000007,2026-04-20 04:04:38.045960+00:00,False,True,False,2026-04-22T12:00:00Z,"['0.0315', '0.9685']",397985,highest-temperature-in-wellington-on-april-22-2026,Highest temperature in Wellington on April 22?
2029644,Will the highest temperature in Wellington be 15°C on April 22?,Yes,No,91851744941550476046460422999418104342828585580369995521725203898791021439078,101947998496039469310047004265755773067183107666551863359242035955963836206,0x85470e7179d40001d9156e000d249f2896f25f4750a6c2d75ced0dec7041b1a3,True,highest-temperature-in-wellington-on-april-22-2026-15c,2767.598381,2026-04-20 04:04:38.147789+00:00,False,True,False,2026-04-22T12:00:00Z,"['0.005', '0.995']",397985,highest-temperature-in-wellington-on-april-22-2026,Highest temperature in Wellington on April 22?
2029645,Will the highest temperature in Wellington be 16°C or higher on April 22?,Yes,No,99628925087883869165275660460236809983716111129271200366172083151337748871907,56829225039681426089501928393787235379201020611009282731344392971270599699736,0x00c4458075351103e02393b50813dccc6bbeb4a4950f70b96c0fb78af9506d09,True,highest-temperature-in-wellington-on-april-22-2026-16corhigher,2088.8645409999995,2026-04-20 04:04:38.250116+00:00,False,True,False,2026-04-22T12:00:00Z,"['0.0015', '0.9985']",397985,highest-temperature-in-wellington-on-april-22-2026,Highest temperature in Wellington on April 22?
2029646,Will the highest temperature in Lucknow be 38°C or below on April 22?,Yes,No,45874087066551119036397810180357072613191140955668959597613421005941657947165,94471819806080134394604436429971655347103398312657082118689721461127130897597,0x8faaf1d8391265ba1e86265455228697b99d5a81d61690a73a39c61e54d838f1,True,highest-temperature-in-lucknow-on-april-22-2026-38corbelow,1256.224773,2026-04-20 04:04:41.477862+00:00,False,True,False,2026-04-22T12:00:00Z,"['0.0055', '0.9945']",397986,highest-temperature-in-lucknow-on-april-22-2026,Highest temperature in Lucknow on April 22?
2029647,Will the highest temperature in Lucknow be 39°C on April 22?,Yes,No,115440562480889241470685755077560344881570954797430198792314905903896063059444,91176960916453179755274347984121837204126548824951209409129177024897598269346,0x2c083766434c9db2b401952c15d533ff253fd02377aa421931630b367612d605,True,highest-temperature-in-lucknow-on-april-22-2026-39c,2439.3519820000006,2026-04-20 04:04:41.582472+00:00,False,True,False,2026-04-22T12:00:00Z,"['0.0055', '0.9945']",397986,highest-temperature-in-lucknow-on-april-22-2026,Highest temperature in Lucknow on April 22?
2029648,Will the highest temperature in Lucknow be 40°C on April 22?,Yes,No,83992507733185595338250813466163122370494359412809126821717433765602017640584,8736650309704349657023016850651182334930539868319043708369444654873042048132,0x2f4656eba34e8208b42bc112c20c2a1c442f341f60a69616ca2b9d471119ea86,True,highest-temperature-in-lucknow-on-april-22-2026-40c,1002.0938860000002,2026-04-20 04:04:41.686038+00:00,False,True,False,2026-04-22T12:00:00Z,"['0.0305', '0.9695']",397986,highest-temperature-in-lucknow-on-april-22-2026,Highest temperature in Lucknow on April 22?
2029649,Will the highest temperature in Lucknow be 41°C on April 22?,Yes,No,83655119760038773084431393337333428071605023667084069267776261690227067731152,64873542197218924355630664553385137255326185344662242972339500472463052999801,0xae1df47b257288bad0dbb4144bc9f3b9c318568989793624cdc01b8b846de536,True,highest-temperature-in-lucknow-on-april-22-2026-41c,847.7439369999998,2026-04-20 04:04:41.791997+00:00,False,True,False,2026-04-22T12:00:00Z,"['0.495', '0.505']",397986,highest-temperature-in-lucknow-on-april-22-2026,Highest temperature in Lucknow on April 22?
2029650,Will the highest temperature in Lucknow be 42°C on April 22?,Yes,No,64274461116128898858441772400056110586386605158698895803746597566209418713113,29974646258936472426245053805483711214699214218159489633730003185711207132746,0x2cb91c9553db751b8c54ed34e73162bf7ea31fb0818a6d3b60aedb60067516f0,True,highest-temperature-in-lucknow-on-april-22-2026-42c,870.118916,2026-04-20 04:04:41.894337+00:00,False,True,False,2026-04-22T12:00:00Z,"['0.425', '0.575']",397986,highest-temperature-in-lucknow-on-april-22-2026,Highest temperature in Lucknow on April 22?
2029651,Will the highest temperature in Lucknow be 43°C on April 22?,Yes,No,92330316438143668091482140379477391449502076152948195435407735276437151932979,55431831166746860974966706973897630425041399352476565740351195098586810452152,0x8455e441e540b30f2a53a8be21ee707dba386ee74d036d40b651501556eb6ad3,True,highest-temperature-in-lucknow-on-april-22-2026-43c,2532.9544369999994,2026-04-20 04:04:42.030280+00:00,False,True,False,2026-04-22T12:00:00Z,"['0.0215', '0.9785']",397986,highest-temperature-in-lucknow-on-april-22-2026,Highest temperature in Lucknow on April 22?
2029652,Will the highest temperature in Lucknow be 44°C on April 22?,Yes,No,13254473144909627056776059147161330281972067748324079947455771191070144797629,30206277724209339218511460662047624521794117237719741546234066528297377854586,0x3935c25c0b36d0ac9c99153e5d1d7092eefc4726797886f58ba7047f7bd6cfe3,True,highest-temperature-in-lucknow-on-april-22-2026-44c,1110.9943059999998,2026-04-20 04:04:42.162032+00:00,False,True,False,2026-04-22T12:00:00Z,"['0.004', '0.996']",397986,highest-temperature-in-lucknow-on-april-22-2026,Highest temperature in Lucknow on April 22?
2029653,Will the highest temperature in Lucknow be 45°C on April 22?,Yes,No,97182511269566173279431028222773117440159101790953047411128410610467376412319,57574326024991647688129640262360283693349568088905817415280483897386779954059,0xd3b8db459399c4780a0f3de5b94b097be384de4c30824a2d40af01ada45920d2,True,highest-temperature-in-lucknow-on-april-22-2026-45c,775.572752,2026-04-20 04:04:42.295213+00:00,False,True,False,2026-04-22T12:00:00Z,"['0.004', '0.996']",397986,highest-temperature-in-lucknow-on-april-22-2026,Highest temperature in Lucknow on April 22?
2029654,Will the highest temperature in Lucknow be 46°C on April 22?,Yes,No,7170526819970000356285188921905984380656844163739676665620099195705547646819,62894142656189405375005400096370404163293991063544935419332822749477444743475,0x6687613841a4beee0b0389fe4381931230fe38eb6b7c6264f22898158ea15fba,True,highest-temperature-in-lucknow-on-april-22-2026-46c,605.379866,2026-04-20 04:04:42.438394+00:00,False,True,False,2026-04-22T12:00:00Z,"['0.0035', '0.9965']",397986,highest-temperature-in-lucknow-on-april-22-2026,Highest temperature in Lucknow on April 22?
2029655,Will the highest temperature in Lucknow be 47°C on April 22?,Yes,No,66032743123202248719575008114919762516063302037453073146164379816149744063413,29529409703909104204279487332144218960990038834904352671589348373008258660579,0x40de7c8e6da7a2393dfb68f7f6b2b6f8799affe3e41dfce57e35c7d0d3b95b7b,True,highest-temperature-in-lucknow-on-april-22-2026-47c,731.7525750000001,2026-04-20 04:04:42.573023+00:00,False,True,False,2026-04-22T12:00:00Z,"['0.002', '0.998']",397986,highest-temperature-in-lucknow-on-april-22-2026,Highest temperature in Lucknow on April 22?
2029656,Will the highest temperature in Lucknow be 48°C or higher on April 22?,Yes,No,25687414350802126849991485326798017300312414966349271486468577771416835421980,42168526756446434981826275562432601598452505785832719844880194015969388112235,0x84a3cc87774debca9fd310223c10861cddb8fd7910229f2162889770e5b04d77,True,highest-temperature-in-lucknow-on-april-22-2026-48corhigher,842.4333330000001,2026-04-20 04:04:42.704999+00:00,False,True,False,2026-04-22T12:00:00Z,"['0.0005', '0.9995']",397986,highest-temperature-in-lucknow-on-april-22-2026,Highest temperature in Lucknow on April 22?
2029657,Will the highest temperature in Munich be 7°C or below on April 22?,Yes,No,44120115075050610915491867993977305546561830973864327736452904584385101635077,79130287794861231526607583824750608136093121366174337406102105909539728510805,0x61fdc9daaac19e04a274bf898592856bbaa966d3fd4accab6f1eaa08c6db67bb,True,highest-temperature-in-munich-on-april-22-2026-7corbelow,3236.2707659999996,2026-04-20 04:04:47.242818+00:00,False,True,False,2026-04-22T12:00:00Z,"['0.0005', '0.9995']",397987,highest-temperature-in-munich-on-april-22-2026,Highest temperature in Munich on April 22?
2029658,Will the highest temperature in Munich be 8°C on April 22?,Yes,No,72129297705600910528219301620105442643080310558388946161115467485833099454220,114425756558535823316166493909127623329062971867595115517343723928101162984913,0x8585c2562f9feb45030e1d6a29e378950a5a6de59c94e260d17f473574a196b8,True,highest-temperature-in-munich-on-april-22-2026-8c,1898.2846419999998,2026-04-20 04:04:47.348004+00:00,False,True,False,2026-04-22T12:00:00Z,"['0.0015', '0.9985']",397987,highest-temperature-in-munich-on-april-22-2026,Highest temperature in Munich on April 22?
2029659,Will the highest temperature in Munich be 9°C on April 22?,Yes,No,24927412652176319460933077772211219402973751127650854645867015409674514809647,31141062025540086416625830506456073312814310575574937897335384496443382574744,0x072cb55821642bacc9fd1168334981d055fe48c18877e25c425b951da6644080,True,highest-temperature-in-munich-on-april-22-2026-9c,1147.4127660000004,2026-04-20 04:04:47.462952+00:00,False,True,False,2026-04-22T12:00:00Z,"['0.0005', '0.9995']",397987,highest-temperature-in-munich-on-april-22-2026,Highest temperature in Munich on April 22?
2029660,Will the highest temperature in Munich be 10°C on April 22?,Yes,No,96283558362835000786068161855765704410680283530426146405909630705925343880556,48501353509307594533105294137373245648328369775675964611495362986053066688953,0x3a1688a9a75a45264bee07ab05c58ccd8df805e99121051997ba7cc6246abe15,True,highest-temperature-in-munich-on-april-22-2026-10c,1278.0775640000002,2026-04-20 04:04:47.563761+00:00,False,True,False,2026-04-22T12:00:00Z,"['0.0025', '0.9975']",397987,highest-temperature-in-munich-on-april-22-2026,Highest temperature in Munich on April 22?
2029661,Will the highest temperature in Munich be 11°C on April 22?,Yes,No,50702248528741668888965579025042619270505809157409455633968068792088405464213,25376141649943200137750089651545947182342692661674260992063604274031419330766,0x8d1d37fca67125b4fd6515d312b9583279c4cb59678a55ffc433d52e7eb5a71e,True,highest-temperature-in-munich-on-april-22-2026-11c,1605.2130389999998,2026-04-20 04:04:47.668087+00:00,False,True,False,2026-04-22T12:00:00Z,"['0.007', '0.993']",397987,highest-temperature-in-munich-on-april-22-2026,Highest temperature in Munich on April 22?
2029662,Will the highest temperature in Munich be 12°C on April 22?,Yes,No,29066726456003858714839046514286471103147557998172249460292687198039728056037,107632712338358520477289613248428172603502064029073729996942755911314551476741,0x3602beb5700f3bac6869d96a773707077d779f2c0a859b7d88df98a5c54367ca,True,highest-temperature-in-munich-on-april-22-2026-12c,2856.203269999999,2026-04-20 04:04:47.770897+00:00,False,True,False,2026-04-22T12:00:00Z,"['0.0255', '0.9745']",397987,highest-temperature-in-munich-on-april-22-2026,Highest temperature in Munich on April 22?
2029663,Will the highest temperature in Munich be 13°C on April 22?,Yes,No,97637441155044876002921349269560646733645630566733935524444304940091191364458,48469548507556711024804819389907404098316513370267772354276764479660293695125,0xeeb2481db1808b69dfd249aca4b4a55f0ff4fe34dab097ffe6309518466d5e1e,True,highest-temperature-in-munich-on-april-22-2026-13c,1837.330054,2026-04-20 04:04:47.875015+00:00,False,True,False,2026-04-22T12:00:00Z,"['0.195', '0.805']",397987,highest-temperature-in-munich-on-april-22-2026,Highest temperature in Munich on April 22?
2029664,Will the highest temperature in Munich be 14°C on April 22?,Yes,No,94319330284585746276204240802050014743099490094466448046081477142889165758613,15309162159237884963123697513166667535180854605187978753886579437314892855964,0x5afc2c6ee5bb5b338065edca9c5e6797c6bd6d5376aff9ca29cea6ab89e20b6d,True,highest-temperature-in-munich-on-april-22-2026-14c,861.4046970000002,2026-04-20 04:04:47.981170+00:00,False,True,False,2026-04-22T12:00:00Z,"['0.425', '0.575']",397987,highest-temperature-in-munich-on-april-22-2026,Highest temperature in Munich on April 22?
2029665,Will the highest temperature in Munich be 15°C on April 22?,Yes,No,74132882351860560660561932670453038339309492497494866874888124427593248927806,32676470682491781555906224280415475321789748550185272953364669630560838581576,0xdf0e32ea61e29e41a7c90b57d0c37377eacbf33f061c38c422a7b54d0329f3a5,True,highest-temperature-in-munich-on-april-22-2026-15c,1032.3487870000004,2026-04-20 04:04:48.094799+00:00,False,True,False,2026-04-22T12:00:00Z,"['0.355', '0.645']",397987,highest-temperature-in-munich-on-april-22-2026,Highest temperature in Munich on April 22?
2029666,Will the highest temperature in Munich be 16°C on April 22?,Yes,No,26996537528755967501819531154908526849327527155689429609726647038750789880805,49169302880379643574413861863603994113545229905624434437323522669468549244947,0x50128e4ab90eb9331cfda1d024791e8a8bf35bb333fb8afce581b249c892e1b2,True,highest-temperature-in-munich-on-april-22-2026-16c,1943.3589739999995,2026-04-20 04:04:48.204373+00:00,False,True,False,2026-04-22T12:00:00Z,"['0.0225', '0.9775']",397987,highest-temperature-in-munich-on-april-22-2026,Highest temperature in Munich on April 22?
2029667,Will the highest temperature in Munich be 17°C or higher on April 22?,Yes,No,59479362908952576243857377915564600057516927466339476402600469479861190419703,111478183217146321085949673774926881886775478457504962935656162584369782834704,0x471a5ebed70e013cae086d2acb431d6818ac541f87e56dd7dc7243e0a04a6b05,True,highest-temperature-in-munich-on-april-22-2026-17corhigher,1565.6231010000001,2026-04-20 04:04:48.307486+00:00,False,True,False,2026-04-22T12:00:00Z,"['0.0085', '0.9915']",397987,highest-temperature-in-munich-on-april-22-2026,Highest temperature in Munich on April 22?
2029668,Will the highest temperature in Tel Aviv be 16°C or below on April 22?,Yes,No,106271531764890981485714626275055322893001584293501627993966972114435129040853,25255113476451451178216056433426877565323586422544682107432966611379269099523,0x3566f525a00ec4ba3557352e40ee722f4c1e29d5b53e4bd2cde1da3b6eb0bea9,True,highest-temperature-in-tel-aviv-on-april-22-2026-16corbelow,626.315075,2026-04-20 04:04:52.735918+00:00,False,True,False,2026-04-22T12:00:00Z,"['0.0035', '0.9965']",397988,highest-temperature-in-tel-aviv-on-april-22-2026,Highest temperature in Tel Aviv on April 22?
2029669,Will the highest temperature in Tel Aviv be 17°C on April 22?,Yes,No,108982016144851415244342353195720477097847029599079928059885034995121468659613,16819217426286968894672923224552364212288894800078615603608854734545422171610,0x43c0aed9f6dbec2ef2ca10393b0cd8a00b2178acdf656dff31d66c8cbcd19baa,True,highest-temperature-in-tel-aviv-on-april-22-2026-17c,1566.747347,2026-04-20 04:04:52.841148+00:00,False,True,False,2026-04-22T12:00:00Z,"['0.004', '0.996']",397988,highest-temperature-in-tel-aviv-on-april-22-2026,Highest temperature in Tel Aviv on April 22?
2029670,Will the highest temperature in Tel Aviv be 18°C on April 22?,Yes,No,112386679662762207108807984324621054391638955825788227660933968831856353162196,54289538793827016651416641320685637909976895496491658066589325255008537753934,0x2a138970d2b110c7a4b8c701d7895ec59eb97f00bb4286da6b53908b057174a0,True,highest-temperature-in-tel-aviv-on-april-22-2026-18c,1234.7532210000002,2026-04-20 04:04:52.943807+00:00,False,True,False,2026-04-22T12:00:00Z,"['0.0055', '0.9945']",397988,highest-temperature-in-tel-aviv-on-april-22-2026,Highest temperature in Tel Aviv on April 22?
2029671,Will the highest temperature in Tel Aviv be 19°C on April 22?,Yes,No,111465828389055134614051390179587121703387533708289398217665414192592634978320,84389294959132372859859980307334132744610276550171350829547148031249566586690,0x36fefbf24fa32637d724085f09c112a91fab1d0f1aa1414dbeef81499de79d8e,True,highest-temperature-in-tel-aviv-on-april-22-2026-19c,1414.7685700000002,2026-04-20 04:04:53.046285+00:00,False,True,False,2026-04-22T12:00:00Z,"['0.007', '0.993']",397988,highest-temperature-in-tel-aviv-on-april-22-2026,Highest temperature in Tel Aviv on April 22?
2029672,Will the highest temperature in Tel Aviv be 20°C on April 22?,Yes,No,65500614512949547895067651870600370251901265169803560296728049901128525440833,107552807435764648984061441092905504225258406183879424603407347240644489191161,0xb7fd5ecf5bd01dda05a5e6fd62ed90e893aae7e4966aa2a1750d29fdabec3261,True,highest-temperature-in-tel-aviv-on-april-22-2026-20c,269.10411999999997,2026-04-20 04:04:53.150173+00:00,False,True,False,2026-04-22T12:00:00Z,"['0.0075', '0.9925']",397988,highest-temperature-in-tel-aviv-on-april-22-2026,Highest temperature in Tel Aviv on April 22?
2029673,Will the highest temperature in Tel Aviv be 21°C on April 22?,Yes,No,78845133191925938662200020499844106110540231838595756337434559446390403411580,1210131556736249892125105011772426971684830179035974046621525001292979490746,0x8ccef48a2e2e6ab7a231316e00ad5cff0f6a58993aa282ac11d08f5f5f30c377,True,highest-temperature-in-tel-aviv-on-april-22-2026-21c,2003.217548,2026-04-20 04:04:53.253930+00:00,False,True,False,2026-04-22T12:00:00Z,"['0.03', '0.97']",397988,highest-temperature-in-tel-aviv-on-april-22-2026,Highest temperature in Tel Aviv on April 22?
2029674,Will the highest temperature in Tel Aviv be 22°C on April 22?,Yes,No,5824932661755426713585442477662461531278608699104468643469358819562324180075,101316013268255276522498694844732878826323298375174434564362564792210490462558,0xd90b71225447b5e8349372a995c72ef04e7e4491483b326bc7dd6ee356d4dd44,True,highest-temperature-in-tel-aviv-on-april-22-2026-22c,525.128535,2026-04-20 04:04:53.357558+00:00,False,True,False,2026-04-22T12:00:00Z,"['0.14', '0.86']",397988,highest-temperature-in-tel-aviv-on-april-22-2026,Highest temperature in Tel Aviv on April 22?
2029675,Will the highest temperature in Tel Aviv be 23°C on April 22?,Yes,No,40305723103300725612829144050777876231039436074567262167952215945812453387250,52073516012039080725132480927382304944336786104899169421891464506519684699654,0xe20f811a00994edd294ac9256e7150b97d57c4d199363aba8e874dbb60be33f6,True,highest-temperature-in-tel-aviv-on-april-22-2026-23c,308.691721,2026-04-20 04:04:53.639318+00:00,False,True,False,2026-04-22T12:00:00Z,"['0.395', '0.605']",397988,highest-temperature-in-tel-aviv-on-april-22-2026,Highest temperature in Tel Aviv on April 22?
2029676,Will the highest temperature in Tel Aviv be 24°C on April 22?,Yes,No,70690540112968302334440845740081380370266339018359625192086496911475963574828,39333886643127085556661822489209438300454224159604341619158448662608541060011,0x27a223dea34d8488a658fa5e67438508f3a650a1710300aaad73fa9dab71194c,True,highest-temperature-in-tel-aviv-on-april-22-2026-24c,480.45667599999996,2026-04-20 04:04:53.744713+00:00,False,True,False,2026-04-22T12:00:00Z,"['0.405', '0.595']",397988,highest-temperature-in-tel-aviv-on-april-22-2026,Highest temperature in Tel Aviv on April 22?
2029677,Will the highest temperature in Tel Aviv be 25°C on April 22?,Yes,No,55732446834326839702964499515044781535859026868449451543538465305939265317235,113293370854378906191809397822033388478975591030859341525996981307321944797805,0x18a67bb56541bc40c6271514c762ed101b98929401b18010344d0960220ed08e,True,highest-temperature-in-tel-aviv-on-april-22-2026-25c,2799.1912639999987,2026-04-20 04:04:53.847809+00:00,False,True,False,2026-04-22T12:00:00Z,"['0.0515', '0.9485']",397988,highest-temperature-in-tel-aviv-on-april-22-2026,Highest temperature in Tel Aviv on April 22?
2029678,Will the highest temperature in Tel Aviv be 26°C or higher on April 22?,Yes,No,55158653833268325615335890375938896824412330086003477493661134981802410220664,60043206922666844806585852901003017833661327483542006213189099392625383064223,0xf09a145009e916999167d56286acb8de1126d909eacad9e6d3dddbbe1a4754a4,True,highest-temperature-in-tel-aviv-on-april-22-2026-26corhigher,805.7342939999999,2026-04-20 04:04:53.951883+00:00,False,True,False,2026-04-22T12:00:00Z,"['0.0145', '0.9855']",397988,highest-temperature-in-tel-aviv-on-april-22-2026,Highest temperature in Tel Aviv on April 22?
2029679,Will the highest temperature in Tokyo be 14°C or below on April 22?,Yes,No,14342025617863628855074827099917715865663768766135136615951262193894494074060,63608794234523582894232121330783822935271805130703025582370501298487511109480,0x8172b2c6368707f8df3fffa8886a3e2f7f850735568fa336e7a3a986c85cf1d1,True,highest-temperature-in-tokyo-on-april-22-2026-14corbelow,5163.311000000001,2026-04-20 04:04:57.353871+00:00,False,True,False,2026-04-22T12:00:00Z,"['0.0005', '0.9995']",397989,highest-temperature-in-tokyo-on-april-22-2026,Highest temperature in Tokyo on April 22?
2029680,Will the highest temperature in Tokyo be 15°C on April 22?,Yes,No,106621514010747221977972198086062476559874255823659918815336395461712643413954,32087418483145571793808272188627454217771710779032547803972217177020510529152,0xcda5f389a9143b1ca901c75b9668db5c61fa4785cca4f300f97642c9d46ffea6,True,highest-temperature-in-tokyo-on-april-22-2026-15c,2666.9719649999997,2026-04-20 04:04:57.467949+00:00,False,True,False,2026-04-22T12:00:00Z,"['0.0005', '0.9995']",397989,highest-temperature-in-tokyo-on-april-22-2026,Highest temperature in Tokyo on April 22?
2029681,Will the highest temperature in Tokyo be 16°C on April 22?,Yes,No,78020534153240552637333190982087218372588165954189478980000218341678855147471,32642513398100251864738955312202077222853620176849387930689862523445000901626,0x2c9f98051b48b82c1e240606080ee12d24814edeaf1678344e8afd775dcb8379,True,highest-temperature-in-tokyo-on-april-22-2026-16c,2270.9118380000004,2026-04-20 04:04:57.571181+00:00,False,True,False,2026-04-22T12:00:00Z,"['0.0005', '0.9995']",397989,highest-temperature-in-tokyo-on-april-22-2026,Highest temperature in Tokyo on April 22?
2029682,Will the highest temperature in Tokyo be 17°C on April 22?,Yes,No,43392279893177269129894771822230830928624417601547767466589388419278401688544,58989066951191992539221439842095248289826150017217478182445325748485454989305,0x71e4855496ee978aa4a519d285c352f7a207a26da4c3fa31424f30b2142bafc3,True,highest-temperature-in-tokyo-on-april-22-2026-17c,2269.1269810000003,2026-04-20 04:04:57.672980+00:00,False,True,False,2026-04-22T12:00:00Z,"['0.0015', '0.9985']",397989,highest-temperature-in-tokyo-on-april-22-2026,Highest temperature in Tokyo on April 22?
2029683,Will the highest temperature in Tokyo be 18°C on April 22?,Yes,No,108359137410299776183837939440618367086127102051863861335328533064798853534897,80369513676983973597996770698511535722824343574607376204703991653878682940115,0xc5f2c2e6fb8b3788998cc7db486b8026b288d4e900fcacade53aec244845b7a2,True,highest-temperature-in-tokyo-on-april-22-2026-18c,2137.676899,2026-04-20 04:04:57.775006+00:00,False,True,False,2026-04-22T12:00:00Z,"['0.0015', '0.9985']",397989,highest-temperature-in-tokyo-on-april-22-2026,Highest temperature in Tokyo on April 22?
2029684,Will the highest temperature in Tokyo be 19°C on April 22?,Yes,No,62156168000666165034441977268113167163182970745490380897585142122459522371190,51703527635467719293554168221317353713519589764418733651029467221189403492469,0xc4262697f8893b8e96d28d91f903481a6ed90b80a9b75577e1bb4f1f0d92efa9,True,highest-temperature-in-tokyo-on-april-22-2026-19c,4486.7041819999995,2026-04-20 04:04:57.878550+00:00,False,True,False,2026-04-22T12:00:00Z,"['0.007', '0.993']",397989,highest-temperature-in-tokyo-on-april-22-2026,Highest temperature in Tokyo on April 22?
2029685,Will the highest temperature in Tokyo be 20°C on April 22?,Yes,No,56359082051290713361575748614690408323264916118385658352620892467011159210119,39592965829616920545697301578681311370783949487581335952436792168720130003639,0x8ebb5e5492a6efa3ed07637493fee84709e6a7f36c95a4114febec1b359897e0,True,highest-temperature-in-tokyo-on-april-22-2026-20c,4645.796752999993,2026-04-20 04:04:57.979001+00:00,False,True,False,2026-04-22T12:00:00Z,"['0.0345', '0.9655']",397989,highest-temperature-in-tokyo-on-april-22-2026,Highest temperature in Tokyo on April 22?
2029686,Will the highest temperature in Tokyo be 21°C on April 22?,Yes,No,84768110190404094677327445515320138287398081361295973454795500085214500331959,10719768769648136264984382518412979106756654807469540725248116178751214602351,0x46e41431ef6dbfba82babe52fb9d2a9a3e62fd4fb7301b83f9e4889f21f0ac65,True,highest-temperature-in-tokyo-on-april-22-2026-21c,1532.2774059999995,2026-04-20 04:04:58.084186+00:00,False,True,False,2026-04-22T12:00:00Z,"['0.235', '0.765']",397989,highest-temperature-in-tokyo-on-april-22-2026,Highest temperature in Tokyo on April 22?
2029687,Will the highest temperature in Tokyo be 22°C on April 22?,Yes,No,13440908868529370390742941144133200558488838958810856242959859944170992381462,66925049970165276447468845325647152604336960910145160732240094033749804462352,0x066d108cb6812c65d825bb77f197b3c50ca7a2b7ecbc41d24f9be58ec3efed24,True,highest-temperature-in-tokyo-on-april-22-2026-22c,1450.456241,2026-04-20 04:04:58.187089+00:00,False,True,False,2026-04-22T12:00:00Z,"['0.475', '0.525']",397989,highest-temperature-in-tokyo-on-april-22-2026,Highest temperature in Tokyo on April 22?
2029688,Will the highest temperature in Tokyo be 23°C on April 22?,Yes,No,112810235979921485962051635725297061525063164788195778355089594699379025791615,90825210717793257881000404352763200327614163443966230389997737373472227353977,0xf9ceb54781f07732779325c07cbe93375ed5346c49c19abb64356a3e091b567b,True,highest-temperature-in-tokyo-on-april-22-2026-23c,1831.7289210000008,2026-04-20 04:04:58.308555+00:00,False,True,False,2026-04-22T12:00:00Z,"['0.25', '0.75']",397989,highest-temperature-in-tokyo-on-april-22-2026,Highest temperature in Tokyo on April 22?
2029689,Will the highest temperature in Tokyo be 24°C or higher on April 22?,Yes,No,36942989945606627655919064489225033341838023606046827462077819785912728475712,33066331689870850070123444605395628816135641020655879944051393121401471485490,0xc96044621df9c96c7f4f1d4a12321c8b9b41f9b96c017390b2e193c9204b812b,True,highest-temperature-in-tokyo-on-april-22-2026-24corhigher,3490.7779540000006,2026-04-20 04:04:58.410042+00:00,False,True,False,2026-04-22T12:00:00Z,"['0.021', '0.979']",397989,highest-temperature-in-tokyo-on-april-22-2026,Highest temperature in Tokyo on April 22?
2029690,Will the highest temperature in Hong Kong be 21°C or below on April 22?,Yes,No,38627462182644699668443921466869900343227612995308755541406383513381066518985,51907896730209054105550290577207669621294536364979787028902996956568573264701,0x4e30039d91ca805d964e29c0b53f7e8321b6b03bb569973011cbc1478d21dc7e,True,highest-temperature-in-hong-kong-on-april-22-2026-21corbelow,7768.786666,2026-04-20 04:05:01.514873+00:00,False,True,False,2026-04-22T12:00:00Z,"['0.0005', '0.9995']",397990,highest-temperature-in-hong-kong-on-april-22-2026,Highest temperature in Hong Kong on April 22?
2029691,Will the highest temperature in Hong Kong be 22°C on April 22?,Yes,No,79151562425146466429963912472810166950164410468697175304250817785130937757502,76844591440436749499127261121923917162464836218380086139240691011228730115207,0xd08742fceeb236efd8c7676abc8315466af673e8ddd6eda0622d4f8f2531dc01,True,highest-temperature-in-hong-kong-on-april-22-2026-22c,4507.1728330000005,2026-04-20 04:05:01.617534+00:00,False,True,False,2026-04-22T12:00:00Z,"['0.0005', '0.9995']",397990,highest-temperature-in-hong-kong-on-april-22-2026,Highest temperature in Hong Kong on April 22?
2029692,Will the highest temperature in Hong Kong be 23°C on April 22?,Yes,No,8656030484262019559693490500098718552620492047067969162678776663221599719864,3363631139940753044776971855619298622546082518672779175078278438876955149390,0x29279f491a537389b9d6a80c1da45d6de7dee7fffe08775923eb8861e8b38f11,True,highest-temperature-in-hong-kong-on-april-22-2026-23c,4453.288539,2026-04-20 04:05:01.725087+00:00,False,True,False,2026-04-22T12:00:00Z,"['0.0005', '0.9995']",397990,highest-temperature-in-hong-kong-on-april-22-2026,Highest temperature in Hong Kong on April 22?
2029693,Will the highest temperature in Hong Kong be 24°C on April 22?,Yes,No,9056496906497229464176975705287963363144736206939212339182488819313155002681,37792684984467016342178684431741024420779491470664759950190751595560558139400,0x08e30faeeac4a28365c1e8d96b7e78b7f2896300e1d62b6ba5730712166f3989,True,highest-temperature-in-hong-kong-on-april-22-2026-24c,5634.778783000002,2026-04-20 04:05:01.828853+00:00,False,True,False,2026-04-22T12:00:00Z,"['0.0005', '0.9995']",397990,highest-temperature-in-hong-kong-on-april-22-2026,Highest temperature in Hong Kong on April 22?
2029694,Will the highest temperature in Hong Kong be 25°C on April 22?,Yes,No,28773409563329231502506620405402479606980037718993172023153546307366740379784,96022259517332952568548129440616100934516556605650967767601123632707483842257,0xb1d8f1b1f9b3b78ea6eaddbf1f4a9c9eee450ff5eab077aeb1cdcf2cb2dcfaa1,True,highest-temperature-in-hong-kong-on-april-22-2026-25c,16887.541965000004,2026-04-20 04:05:01.928696+00:00,False,True,False,2026-04-22T12:00:00Z,"['0.0005', '0.9995']",397990,highest-temperature-in-hong-kong-on-april-22-2026,Highest temperature in Hong Kong on April 22?
2029695,Will the highest temperature in Hong Kong be 26°C on April 22?,Yes,No,12175327027127198015566100018831435051874404121048110602925077449266278012388,97480112724265848174768167949246975084805823931327135251017970515647397700859,0xa8d875686d07650e88521e0e7129d1d046e8426cd77feb3a998a66c491016646,True,highest-temperature-in-hong-kong-on-april-22-2026-26c,5803.208600999998,2026-04-20 04:05:02.029508+00:00,False,True,False,2026-04-22T12:00:00Z,"['0.0015', '0.9985']",397990,highest-temperature-in-hong-kong-on-april-22-2026,Highest temperature in Hong Kong on April 22?
2029696,Will the highest temperature in Hong Kong be 27°C on April 22?,Yes,No,114464321077210892152441485236680730886409783791078123755866477773638795158849,54313582073370198786284825169216507908668492569214937380685909924964419468692,0x9bd45757b238890263cfc99d760cce71ac3ee4fc222b7767d59e67c155119924,True,highest-temperature-in-hong-kong-on-april-22-2026-27c,4639.554556000002,2026-04-20 04:05:02.132369+00:00,False,True,False,2026-04-22T12:00:00Z,"['0.012', '0.988']",397990,highest-temperature-in-hong-kong-on-april-22-2026,Highest temperature in Hong Kong on April 22?
2029697,Will the highest temperature in Hong Kong be 28°C on April 22?,Yes,No,97689574276249607392038076079473066524446736662269087408899535964480291273754,102294282295913599423645453248062685844701779656715169111779437274141322997811,0x2215280b7de63afaff105a0147210d3696a2b52378a0ad4e62daf65758b10c03,True,highest-temperature-in-hong-kong-on-april-22-2026-28c,6071.29041,2026-04-20 04:05:02.237924+00:00,False,True,False,2026-04-22T12:00:00Z,"['0.105', '0.895']",397990,highest-temperature-in-hong-kong-on-april-22-2026,Highest temperature in Hong Kong on April 22?
2029698,Will the highest temperature in Hong Kong be 29°C on April 22?,Yes,No,40967913662529260855106463535837246011155356811427383218167127101009229036568,111203586456140656602232128463009483350234550316977601763764093745022730282336,0xf79ce7b01bfc593154194057ceff7d19ac5539b4c2327ef4c408b95f2b6ce303,True,highest-temperature-in-hong-kong-on-april-22-2026-29c,2685.6972199999996,2026-04-20 04:05:02.343554+00:00,False,True,False,2026-04-22T12:00:00Z,"['0.415', '0.585']",397990,highest-temperature-in-hong-kong-on-april-22-2026,Highest temperature in Hong Kong on April 22?
2029699,Will the highest temperature in Hong Kong be 30°C on April 22?,Yes,No,58051022727624414566655973745782267326388253118921162367758016598351345586236,107340124516628051065429644034971779165149256323197335225774472819132209426376,0x8080d592564e0ca83b65df7f84e2c4808b3c271259042a06a16913f4cb738d20,True,highest-temperature-in-hong-kong-on-april-22-2026-30c,4642.275104000005,2026-04-20 04:05:02.451604+00:00,False,True,False,2026-04-22T12:00:00Z,"['0.355', '0.645']",397990,highest-temperature-in-hong-kong-on-april-22-2026,Highest temperature in Hong Kong on April 22?
2029700,Will the highest temperature in Hong Kong be 31°C or higher on April 22?,Yes,No,112731293568137559147210521962820077020373296854205075382104568848902557726780,17373275398861254549666316313119334485085324972800003261678834564287439714093,0xd12936c9c4db668e91d307f2623004b9a85448d322ce87ce57d60aeee8d9858e,True,highest-temperature-in-hong-kong-on-april-22-2026-31corhigher,6893.147931,2026-04-20 04:05:02.556312+00:00,False,True,False,2026-04-22T12:00:00Z,"['0.0325', '0.9675']",397990,highest-temperature-in-hong-kong-on-april-22-2026,Highest temperature in Hong Kong on April 22?
2029701,Will the highest temperature in Shanghai be 10°C or below on April 22?,Yes,No,27015338480601275899305337244566852506216450496876376964381415796755059806851,95423546324371791400430943196099654973727017684980186651341720916728535312104,0xb0feccf84bdddcd7c97432739001f283383801711e06c78e6eae539bf3e5e07e,True,highest-temperature-in-shanghai-on-april-22-2026-10corbelow,11025.321333000002,2026-04-20 04:05:07.205723+00:00,False,True,False,2026-04-22T12:00:00Z,"['0.0005', '0.9995']",397991,highest-temperature-in-shanghai-on-april-22-2026,Highest temperature in Shanghai on April 22?
2029702,Will the highest temperature in Shanghai be 11°C on April 22?,Yes,No,51292851277793645018163102379743108104105574360021312224761964921786166304491,108454679953506587142600496404081172385089687006354200900583006849258671523067,0x6d253995b81a37814edd3806b3e8f4e09f59ae03169ff41920c9ec5b5b1686cd,True,highest-temperature-in-shanghai-on-april-22-2026-11c,3805.1240000000003,2026-04-20 04:05:07.329754+00:00,False,True,False,2026-04-22T12:00:00Z,"['0.0005', '0.9995']",397991,highest-temperature-in-shanghai-on-april-22-2026,Highest temperature in Shanghai on April 22?
2029703,Will the highest temperature in Shanghai be 12°C on April 22?,Yes,No,518062767936335727895663507269376678752495196885883603573491979840955133269,72999003309151689320392657184926847289051067347493781651401047651926843336577,0x9937e08105f6f0c96673c0798822ef094cdc9d806a2c8468f9c8d3d7236f9f59,True,highest-temperature-in-shanghai-on-april-22-2026-12c,4180.935866000001,2026-04-20 04:05:07.433053+00:00,False,True,False,2026-04-22T12:00:00Z,"['0.0005', '0.9995']",397991,highest-temperature-in-shanghai-on-april-22-2026,Highest temperature in Shanghai on April 22?
2029704,Will the highest temperature in Shanghai be 13°C on April 22?,Yes,No,2850242918248300566409571689464943960180073213435638882200160880798260809558,48763001253128110672443785412660511231184490478814395363121917297985517825091,0x70a8d54b7e59bab89074953332e8c932979e0889455bc4dfd92afb9433bf34e2,True,highest-temperature-in-shanghai-on-april-22-2026-13c,7830.850097000002,2026-04-20 04:05:07.533754+00:00,False,True,False,2026-04-22T12:00:00Z,"['0.0005', '0.9995']",397991,highest-temperature-in-shanghai-on-april-22-2026,Highest temperature in Shanghai on April 22?
2029705,Will the highest temperature in Shanghai be 14°C on April 22?,Yes,No,74899627911164842866849787378319919512434860300025265637789171141124163164583,113866027881152435864023995708477891200118179549831946292562609868872442136047,0xb680a5a36b62e6064c9228121b68c1643b64c8e163006530a8b5b4f8c83106a0,True,highest-temperature-in-shanghai-on-april-22-2026-14c,8647.698683,2026-04-20 04:05:07.674888+00:00,False,True,False,2026-04-22T12:00:00Z,"['0.0015', '0.9985']",397991,highest-temperature-in-shanghai-on-april-22-2026,Highest temperature in Shanghai on April 22?
2029706,Will the highest temperature in Shanghai be 15°C on April 22?,Yes,No,58915377060100405610827450258420321378262677972050250733543600446682298193266,84801105389597019709942612663601605689469574484393848418922214164843437522528,0x3038f9e97bd593df22a1c5af49ea0fad585b8b3f89ca98c0bc1f12d132ddeaf9,True,highest-temperature-in-shanghai-on-april-22-2026-15c,7331.513991,2026-04-20 04:05:07.806271+00:00,False,True,False,2026-04-22T12:00:00Z,"['0.025', '0.975']",397991,highest-temperature-in-shanghai-on-april-22-2026,Highest temperature in Shanghai on April 22?
2029707,Will the highest temperature in Shanghai be 16°C on April 22?,Yes,No,89840590928385764629238196388655204387815336368371933524352080844372336371807,25240068640225548768957936324684669693618527281950367683260801874880753474374,0x3dfcc97af619773c072e041cdd15b267213ac23c3f678f2e5e6192de5ecfecb6,True,highest-temperature-in-shanghai-on-april-22-2026-16c,8275.302321000003,2026-04-20 04:05:07.911786+00:00,False,True,False,2026-04-22T12:00:00Z,"['0.045', '0.955']",397991,highest-temperature-in-shanghai-on-april-22-2026,Highest temperature in Shanghai on April 22?
2029708,Will the highest temperature in Shanghai be 17°C on April 22?,Yes,No,95266167402549718720097398653142065539429352263259526727572795034145806937630,93746252993868354184461275143280895930880829789238955597014598410957370860871,0xe370fc70269ac0ddf27ae3e4ad1bc7015f59df245c105e26a2a663adb5f9d164,True,highest-temperature-in-shanghai-on-april-22-2026-17c,6385.139438999999,2026-04-20 04:05:08.013785+00:00,False,True,False,2026-04-22T12:00:00Z,"['0.155', '0.845']",397991,highest-temperature-in-shanghai-on-april-22-2026,Highest temperature in Shanghai on April 22?
2029709,Will the highest temperature in Shanghai be 18°C on April 22?,Yes,No,8320193594294464254663408316674229095651800280250489957958987998247157943451,79710679010550755782802069297146126839092057133420553142091690189297633089060,0xcc8fec4e82b30cf3717431cab3f559e62db6956b5daaf54a377899f9732e12ef,True,highest-temperature-in-shanghai-on-april-22-2026-18c,1845.468976,2026-04-20 04:05:08.115184+00:00,False,True,False,2026-04-22T12:00:00Z,"['0.43', '0.57']",397991,highest-temperature-in-shanghai-on-april-22-2026,Highest temperature in Shanghai on April 22?
2029710,Will the highest temperature in Shanghai be 19°C on April 22?,Yes,No,1868245249049120577566884830011413437440051661965769088098774561653646989822,33375803852165920404155096604037831421336119792473149331339512621344313015541,0x1e3f9e5e97ec5e90434c687820705b5db56c17d8f7125f7cf0ef342e90cd4e4f,True,highest-temperature-in-shanghai-on-april-22-2026-19c,1701.12368,2026-04-20 04:05:08.217905+00:00,False,True,False,2026-04-22T12:00:00Z,"['0.25', '0.75']",397991,highest-temperature-in-shanghai-on-april-22-2026,Highest temperature in Shanghai on April 22?
2029711,Will the highest temperature in Shanghai be 20°C or higher on April 22?,Yes,No,36760507527617551438158194550735307842963637739738539372989185050322143268435,20701106459482152898196573501239030836445259245024163188369179155868233909864,0x72ce5b6897f37ee0594c8bf3469e8a2ca758d803be59957e8fcb4af52d7859d4,True,highest-temperature-in-shanghai-on-april-22-2026-20corhigher,2854.8951660000002,2026-04-20 04:05:08.318186+00:00,False,True,False,2026-04-22T12:00:00Z,"['0.095', '0.905']",397991,highest-temperature-in-shanghai-on-april-22-2026,Highest temperature in Shanghai on April 22?
2029712,Will the highest temperature in Singapore be 24°C or below on April 22?,Yes,No,115108643976168115376969124622156979313129844275833880334941090574829322985985,28856833495599363601550997066829438472315806287877387313219783391311758787529,0x0d56e3a3df878198da841eeb1c58f5e946e277f9c448dae3ece941a671dd6a1a,True,highest-temperature-in-singapore-on-april-22-2026-24corbelow,2876.4250650000004,2026-04-20 04:05:12.933218+00:00,False,True,False,2026-04-22T12:00:00Z,"['0.0015', '0.9985']",397992,highest-temperature-in-singapore-on-april-22-2026,Highest temperature in Singapore on April 22?
2029713,Will the highest temperature in Singapore be 25°C on April 22?,Yes,No,67287447102681040263803110686217358034091840904880806811608637577343524686698,31024466821274124330505485435070875316508312504788083125584926427083879688911,0x469d8cc05748605e97105cb45212dca4cf40fcaee16a0216b4c03c0e10c007da,True,highest-temperature-in-singapore-on-april-22-2026-25c,1592.5212900000001,2026-04-20 04:05:13.081502+00:00,False,True,False,2026-04-22T12:00:00Z,"['0.0005', '0.9995']",397992,highest-temperature-in-singapore-on-april-22-2026,Highest temperature in Singapore on April 22?
2029714,Will the highest temperature in Singapore be 26°C on April 22?,Yes,No,88948431343909673537569326609550526417984747321257278110552475217087720633475,84434976104605402416566694726435867320770733852445704594347856252180560798847,0xcf9678a706ae82e75566c232d0f4831980fcd2c3472912618b03a3ef87a004be,True,highest-temperature-in-singapore-on-april-22-2026-26c,1385.0984190000001,2026-04-20 04:05:13.214110+00:00,False,True,False,2026-04-22T12:00:00Z,"['0.0015', '0.9985']",397992,highest-temperature-in-singapore-on-april-22-2026,Highest temperature in Singapore on April 22?
2029715,Will the highest temperature in Singapore be 27°C on April 22?,Yes,No,98129680905828919192788026839725175223658207934163595978406612837113034741588,28140205829147876122433484618166951545131251609658323709434875505613171796459,0xd6f5bb59432b250cbb673cfa694f8bce432a34b74203b0cce0c7b196c4a7e8b8,True,highest-temperature-in-singapore-on-april-22-2026-27c,2356.46671,2026-04-20 04:05:13.344548+00:00,False,True,False,2026-04-22T12:00:00Z,"['0.002', '0.998']",397992,highest-temperature-in-singapore-on-april-22-2026,Highest temperature in Singapore on April 22?
2029716,Will the highest temperature in Singapore be 28°C on April 22?,Yes,No,17215409656969472123493020285199150215990253142552644133034167680487336725773,114758941742742539220610634007421195015407639577040674833004258730295086668882,0xa29bd582787fe756b46d6d34252ef8b4d5c9c1f1b02214c274b69f68fe64af72,True,highest-temperature-in-singapore-on-april-22-2026-28c,1250.3307839999998,2026-04-20 04:05:13.445866+00:00,False,True,False,2026-04-22T12:00:00Z,"['0.004', '0.996']",397992,highest-temperature-in-singapore-on-april-22-2026,Highest temperature in Singapore on April 22?
2029717,Will the highest temperature in Singapore be 29°C on April 22?,Yes,No,53612459064716814549347907990289735487934533340440220660956306470495171787921,34510751442455311326482580144546008871179794480532888318614711521480080358573,0xd486d2365062d48eb14b3400a84af07e8e65e5d74d04e6cfad9f86234d5db105,True,highest-temperature-in-singapore-on-april-22-2026-29c,4542.555497999999,2026-04-20 04:05:13.549793+00:00,False,True,False,2026-04-22T12:00:00Z,"['0.009', '0.991']",397992,highest-temperature-in-singapore-on-april-22-2026,Highest temperature in Singapore on April 22?
2029718,Will the highest temperature in Singapore be 30°C on April 22?,Yes,No,15880874287800560231725288940933162861687767861805609607253399712936495957869,86637205662049212723766711246075621048435444495413476851201291738375656320915,0x842c870a1b2c52658a84502035b7076aee985df3593ce29e0a72a84c7cc2428d,True,highest-temperature-in-singapore-on-april-22-2026-30c,2336.5027760000003,2026-04-20 04:05:13.652820+00:00,False,True,False,2026-04-22T12:00:00Z,"['0.03', '0.97']",397992,highest-temperature-in-singapore-on-april-22-2026,Highest temperature in Singapore on April 22?
2029719,Will the highest temperature in Singapore be 31°C on April 22?,Yes,No,48942594878192977847856777244757404870366909674560453127070119129683550569294,87168550837558840647251041342644662593902767525168311276375104864179606782415,0xf61acf11e9462d09e019473b00128b0c91008147ee86f966256b8ad0be808ad9,True,highest-temperature-in-singapore-on-april-22-2026-31c,2252.6258310000003,2026-04-20 04:05:13.754662+00:00,False,True,False,2026-04-22T12:00:00Z,"['0.13', '0.87']",397992,highest-temperature-in-singapore-on-april-22-2026,Highest temperature in Singapore on April 22?
2029720,Will the highest temperature in Singapore be 32°C on April 22?,Yes,No,106169979718286923155529396750172922444742488480838069576746358461985096002331,22264419071542355538467090703067836270798269493366359725972985541022225856690,0xc4d79aa70273cd315d709f99d319e00565710f88d139dcb64cb5e68b6cf95e9a,True,highest-temperature-in-singapore-on-april-22-2026-32c,1404.3159460000002,2026-04-20 04:05:13.857425+00:00,False,True,False,2026-04-22T12:00:00Z,"['0.435', '0.565']",397992,highest-temperature-in-singapore-on-april-22-2026,Highest temperature in Singapore on April 22?
2029721,Will the highest temperature in Singapore be 33°C on April 22?,Yes,No,56846729506110927111088191195203782564245239759389487111948396679322939227636,30316341140940350427748583885230480145302072551119014850585475022794587414124,0x5aa175af4de7251d91b5194b09e2f66d3bdbf7f238696b818905064eeb095ba4,True,highest-temperature-in-singapore-on-april-22-2026-33c,1938.9517660000001,2026-04-20 04:05:13.959337+00:00,False,True,False,2026-04-22T12:00:00Z,"['0.335', '0.665']",397992,highest-temperature-in-singapore-on-april-22-2026,Highest temperature in Singapore on April 22?
2029722,Will the highest temperature in Singapore be 34°C or higher on April 22?,Yes,No,53027262216769903226510312626209510977324038585386376358977031109045171067117,4991622700388022743944993905281264315210716978379474602566851002667152753401,0x8dd77df96b95e3704bc4abd182f9a0015a3ab153cce8af7360d576297b752447,True,highest-temperature-in-singapore-on-april-22-2026-34corhigher,4117.082983999999,2026-04-20 04:05:14.059110+00:00,False,True,False,2026-04-22T12:00:00Z,"['0.07', '0.93']",397992,highest-temperature-in-singapore-on-april-22-2026,Highest temperature in Singapore on April 22?
2029723,Will the highest temperature in Milan be 7°C or below on April 22?,Yes,No,67935713778226522929161989840659631210639566352843618511105317552003571428192,82017550091520130537502504310958588955434911403063346650154815414099835185854,0x8a4332c9cc68a4eaf331e053cfa4df06ba59429abdd7000751f81efe60baca48,True,highest-temperature-in-milan-on-april-22-2026-7corbelow,1061.112,2026-04-20 04:05:17.484554+00:00,False,True,False,2026-04-22T12:00:00Z,"['0.0005', '0.9995']",397993,highest-temperature-in-milan-on-april-22-2026,Highest temperature in Milan on April 22?
2029724,Will the highest temperature in Milan be 8°C on April 22?,Yes,No,33355737059758296820429638670559772594030959817527364154486381232495898182601,84838237101942482898813578984394071633052609761159533518915839418933695062000,0x0de368886957ea7746a5a4e49179328401924bb775011497c3449dfef6dbca30,True,highest-temperature-in-milan-on-april-22-2026-8c,1784.8713329999998,2026-04-20 04:05:17.585690+00:00,False,True,False,2026-04-22T12:00:00Z,"['0.0005', '0.9995']",397993,highest-temperature-in-milan-on-april-22-2026,Highest temperature in Milan on April 22?
2029725,Will the highest temperature in Milan be 9°C on April 22?,Yes,No,25455337666883061729635533296981372858122248315847963471167722904151675792213,21494179730722463369168570034020552491066149628608879391923724484501162273880,0x21dd6f265d7b4dec4ce483db2ab0694b414ed0ccae4dbc31be417f34eeced51c,True,highest-temperature-in-milan-on-april-22-2026-9c,1587.948141,2026-04-20 04:05:17.685970+00:00,False,True,False,2026-04-22T12:00:00Z,"['0.0005', '0.9995']",397993,highest-temperature-in-milan-on-april-22-2026,Highest temperature in Milan on April 22?
2029726,Will the highest temperature in Milan be 10°C on April 22?,Yes,No,85579091817643764483052317815235121082241130438941241858145974842293042319390,69933170056980003298750772095907775031565964900876051795475186752075130048943,0xd401698ad5d572b369877a644c2d588565057fa60d88230109f263b14abc6a72,True,highest-temperature-in-milan-on-april-22-2026-10c,1463.705125,2026-04-20 04:05:17.787209+00:00,False,True,False,2026-04-22T12:00:00Z,"['0.0005', '0.9995']",397993,highest-temperature-in-milan-on-april-22-2026,Highest temperature in Milan on April 22?
2029727,Will the highest temperature in Milan be 11°C on April 22?,Yes,No,86407626529836253092319748817809873981604743107119408500916300089155363752352,89603973200034589900562807207851450719815289154868614154362482650156140300829,0xc27765ff0b43267d3470143983937cfdb54c8704364751dca69bf34655983706,True,highest-temperature-in-milan-on-april-22-2026-11c,976.36555,2026-04-20 04:05:17.887245+00:00,False,True,False,2026-04-22T12:00:00Z,"['0.0005', '0.9995']",397993,highest-temperature-in-milan-on-april-22-2026,Highest temperature in Milan on April 22?
2029728,Will the highest temperature in Milan be 12°C on April 22?,Yes,No,16621432090378700622789071932943947892129255775148633035914536956626635419161,68331171642653449374089942825372849277205434531444750454771067706435024849848,0xe11db93f97da5eeac5fbae56f5a027dc82f230cf8f0dd6eb5cb81ea12ab8381b,True,highest-temperature-in-milan-on-april-22-2026-12c,1088.063,2026-04-20 04:05:17.988664+00:00,False,True,False,2026-04-22T12:00:00Z,"['0.0005', '0.9995']",397993,highest-temperature-in-milan-on-april-22-2026,Highest temperature in Milan on April 22?
2029729,Will the highest temperature in Milan be 13°C on April 22?,Yes,No,3479549247969031374102427189619672654430838240147425200088116382067819246079,42840320475526069662545472631723918725157789469606274677056990144699086103374,0x6562f7673220d3cdae15ae8d6bde2308a9a2fabc903a172f60e0e6046560352f,True,highest-temperature-in-milan-on-april-22-2026-13c,1388.4890999999996,2026-04-20 04:05:18.090077+00:00,False,True,False,2026-04-22T12:00:00Z,"['0.0015', '0.9985']",397993,highest-temperature-in-milan-on-april-22-2026,Highest temperature in Milan on April 22?
2029730,Will the highest temperature in Milan be 14°C on April 22?,Yes,No,92772363683401066814379002225920923971402256881843340478104703832835152689792,19515992854308604278079595959932556536391096129992185784052877828965533103875,0xc6b248cd4f1be5cd100cacf2a230c1dbe1bfaf199ae338f600d346f3c603fc08,True,highest-temperature-in-milan-on-april-22-2026-14c,2340.8996249999996,2026-04-20 04:05:18.190984+00:00,False,True,False,2026-04-22T12:00:00Z,"['0.0015', '0.9985']",397993,highest-temperature-in-milan-on-april-22-2026,Highest temperature in Milan on April 22?
2029731,Will the highest temperature in Milan be 15°C on April 22?,Yes,No,73275017761553768517599118832912462387593606493789640843540392353004038212807,94019004825023085390571636005159221267693515813905857220807639495954447995015,0xab067a56114a942806ea30f9bc4d62b4aa76029bdb635808ef0558371e47ba92,True,highest-temperature-in-milan-on-april-22-2026-15c,2597.2710649999995,2026-04-20 04:05:18.291222+00:00,False,True,False,2026-04-22T12:00:00Z,"['0.005', '0.995']",397993,highest-temperature-in-milan-on-april-22-2026,Highest temperature in Milan on April 22?
2029732,Will the highest temperature in Milan be 16°C on April 22?,Yes,No,20303372746968994581043256531043238570091830989577559375643042939690188271090,44317663168227353691488030853515315583465431039640759475256256086616597150427,0xc67ff1ebe6c7a8f385895e159968710edeb242cc4214350f1d19d1b1049e1e80,True,highest-temperature-in-milan-on-april-22-2026-16c,3292.9696569999983,2026-04-20 04:05:18.390741+00:00,False,True,False,2026-04-22T12:00:00Z,"['0.025', '0.975']",397993,highest-temperature-in-milan-on-april-22-2026,Highest temperature in Milan on April 22?
2029733,Will the highest temperature in Milan be 17°C or higher on April 22?,Yes,No,105940065971598491345787414081430224268115896045965056505306752357903989263367,30759907827865254057588645751961289296349373671062247080681106567979543650171,0x90dc42c810dfb36bfb7021883e68e54332f0facca76d73b531ad112411a503ca,True,highest-temperature-in-milan-on-april-22-2026-17corhigher,3167.768201000002,2026-04-20 04:05:18.551785+00:00,False,True,False,2026-04-22T12:00:00Z,"['0.96', '0.04']",397993,highest-temperature-in-milan-on-april-22-2026,Highest temperature in Milan on April 22?
2029734,Will the highest temperature in Madrid be 21°C or below on April 22?,Yes,No,1341002858143098159739990344070779389004430987514489647930086851951950818992,107657534423364152615573229811951754673898742665508228830979353302255161984065,0x54dd6ca214ab1aee38341f11650d0119ea91ff72026e65820412d4956f452038,True,highest-temperature-in-madrid-on-april-22-2026-21corbelow,4214.974249,2026-04-20 04:05:21.897987+00:00,False,True,False,2026-04-22T12:00:00Z,"['0.0015', '0.9985']",397994,highest-temperature-in-madrid-on-april-22-2026,Highest temperature in Madrid on April 22?
2029735,Will the highest temperature in Madrid be 22°C on April 22?,Yes,No,8989129816207334233417443473431425972696259580996084607616415260460441947007,41447300425566736007985174651472544445070890082009008682199726907231411196167,0x946a07560043451092097386e4e275aa8b36a85885d7fafd9318ed1892970cdc,True,highest-temperature-in-madrid-on-april-22-2026-22c,2768.177865000001,2026-04-20 04:05:22.053646+00:00,False,True,False,2026-04-22T12:00:00Z,"['0.007', '0.993']",397994,highest-temperature-in-madrid-on-april-22-2026,Highest temperature in Madrid on April 22?
2029736,Will the highest temperature in Madrid be 23°C on April 22?,Yes,No,40821503119903344895007259343448201303062734418399730857501054477626491619471,22049257928286461838908943650681706195476164478994466384541245687214052699205,0x0fd1c21846af098e64b011134c20b375f947cc1987ee7266fe317661b544ea4a,True,highest-temperature-in-madrid-on-april-22-2026-23c,4170.930409,2026-04-20 04:05:22.208490+00:00,False,True,False,2026-04-22T12:00:00Z,"['0.0295', '0.9705']",397994,highest-temperature-in-madrid-on-april-22-2026,Highest temperature in Madrid on April 22?
2029737,Will the highest temperature in Madrid be 24°C on April 22?,Yes,No,107881130751667846177553353043806222504471542845510189692895580099369245726174,8645023655092317788922724292702995600612789249083397766122125847973448493008,0xea731e90322010de2f68b38ef93deb80239ce58a583b4fe8f61014628ad92f0c,True,highest-temperature-in-madrid-on-april-22-2026-24c,2398.061992,2026-04-20 04:05:22.358872+00:00,False,True,False,2026-04-22T12:00:00Z,"['0.355', '0.645']",397994,highest-temperature-in-madrid-on-april-22-2026,Highest temperature in Madrid on April 22?
2029738,Will the highest temperature in Madrid be 25°C on April 22?,Yes,No,44962454889884593309199191761165886176448867918080833152412354521157510797713,88116059328649679323796281438849205523269933417227259800039080348026228693402,0xf20a7ddd7542735cd0e68c44d9d48ea85093ef5cdd83c7f81f82cc6e8e790b85,True,highest-temperature-in-madrid-on-april-22-2026-25c,1524.848304,2026-04-20 04:05:22.503197+00:00,False,True,False,2026-04-22T12:00:00Z,"['0.415', '0.585']",397994,highest-temperature-in-madrid-on-april-22-2026,Highest temperature in Madrid on April 22?
2029739,Will the highest temperature in Madrid be 26°C on April 22?,Yes,No,87210022644397610612413969527926484826815167146130449683167307279893905615264,32723200941601736851933199151150065905174430605898313382090395238829060903735,0x74488514a6e74a9731f20e0bbfa4128f6ac65544e972fe3f022ce12f268cc21d,True,highest-temperature-in-madrid-on-april-22-2026-26c,1130.7590849999995,2026-04-20 04:05:22.603885+00:00,False,True,False,2026-04-22T12:00:00Z,"['0.155', '0.845']",397994,highest-temperature-in-madrid-on-april-22-2026,Highest temperature in Madrid on April 22?
2029740,Will the highest temperature in Madrid be 27°C on April 22?,Yes,No,1639764765629872497007067267405325180875909325398345487649912666878157002603,99281651555647659929776368981312232389417493352546814597430870426812541196412,0x8aa0739dcfd3bd2454da19ceb819d75b3d67fbd275bc7b07480dd35c5f22d592,True,highest-temperature-in-madrid-on-april-22-2026-27c,2317.831565,2026-04-20 04:05:22.703812+00:00,False,True,False,2026-04-22T12:00:00Z,"['0.0145', '0.9855']",397994,highest-temperature-in-madrid-on-april-22-2026,Highest temperature in Madrid on April 22?
2029741,Will the highest temperature in Madrid be 28°C on April 22?,Yes,No,11420178649699152764268722224595125834850989594640259211165349900746656616562,73608188778645647624800767358348320635715315135724115534924221862585139886917,0xcf9eb55d256d12836ef735ed2b8f9055f91c8d0657d68c157afdeaa1386fd1c2,True,highest-temperature-in-madrid-on-april-22-2026-28c,1853.0280270000007,2026-04-20 04:05:22.807343+00:00,False,True,False,2026-04-22T12:00:00Z,"['0.0055', '0.9945']",397994,highest-temperature-in-madrid-on-april-22-2026,Highest temperature in Madrid on April 22?
2029742,Will the highest temperature in Madrid be 29°C on April 22?,Yes,No,75942602866741051687134641483768830867993694683129198328140638734850612559542,80236872338105430923735154541827986951481339769667451404764561521267890676641,0x57ec96e1e2b898113258fc96e86eca21170a8e5a5e59f45748faf80e316f5b54,True,highest-temperature-in-madrid-on-april-22-2026-29c,1629.1720160000002,2026-04-20 04:05:22.909680+00:00,False,True,False,2026-04-22T12:00:00Z,"['0.0025', '0.9975']",397994,highest-temperature-in-madrid-on-april-22-2026,Highest temperature in Madrid on April 22?
2029743,Will the highest temperature in Madrid be 30°C on April 22?,Yes,No,41109309899934505884955729214273287702248569545947812924268013862214157778491,101503797534571811095145592962081002853679533595511185385183389484050207529968,0xd5d4d781fea948a8279678b001b900d11e31a0efd59b62090ebb64f8d72d40f8,True,highest-temperature-in-madrid-on-april-22-2026-30c,1718.802277,2026-04-20 04:05:23.010575+00:00,False,True,False,2026-04-22T12:00:00Z,"['0.0025', '0.9975']",397994,highest-temperature-in-madrid-on-april-22-2026,Highest temperature in Madrid on April 22?
2029744,Will the highest temperature in Madrid be 31°C or higher on April 22?,Yes,No,10309824472243000770239324442609785585806169066707011379858149472512527498010,80254047279198419503740385147022152641469452437408151731085594482320358153024,0x24fb5cfe3fa8fb0ec3122d200e302b9789074b0f619a20cbaa2ffd9353c3a1d7,True,highest-temperature-in-madrid-on-april-22-2026-31corhigher,1202.6689999999999,2026-04-20 04:05:23.111575+00:00,False,True,False,2026-04-22T12:00:00Z,"['0.0005', '0.9995']",397994,highest-temperature-in-madrid-on-april-22-2026,Highest temperature in Madrid on April 22?
2029745,Will the highest temperature in Warsaw be 9°C or below on April 22?,Yes,No,65235479281649306622803600765427978193561957374929986305114303465685551630193,30084415816183361756888176377538450142050226792691104583068451466708663559165,0x18ddcf43fab7ce616a83b4d5cd9879088981a3480601abd9d297f1ed706d6dd1,True,highest-temperature-in-warsaw-on-april-22-2026-9corbelow,380.61100000000005,2026-04-20 04:05:27.290456+00:00,False,True,False,2026-04-22T12:00:00Z,"['0.0015', '0.9985']",397995,highest-temperature-in-warsaw-on-april-22-2026,Highest temperature in Warsaw on April 22?
2029746,Will the highest temperature in Warsaw be 10°C on April 22?,Yes,No,8123400799380969606583035378729613019693820371272821971821510942345848881657,53398586317357769449262818221511255895539627210693008828526783806607004674319,0x0c1cc34849e189018dd6a810a5b6b6816f2367e03793e2c6725d1a70d5d25ff8,True,highest-temperature-in-warsaw-on-april-22-2026-10c,847.1738170000001,2026-04-20 04:05:27.395924+00:00,False,True,False,2026-04-22T12:00:00Z,"['0.0005', '0.9995']",397995,highest-temperature-in-warsaw-on-april-22-2026,Highest temperature in Warsaw on April 22?
2029747,Will the highest temperature in Warsaw be 11°C on April 22?,Yes,No,98980149916448987214730072545241367802649163917276504129980104221125258183627,97327788214203096396108004649419414993120312910435090808422500674667320016832,0x21752920b62bc666fe148c46040db693fbf731496830371f5037fe8b73cfdbfe,True,highest-temperature-in-warsaw-on-april-22-2026-11c,409.793826,2026-04-20 04:05:27.500808+00:00,False,True,False,2026-04-22T12:00:00Z,"['0.0015', '0.9985']",397995,highest-temperature-in-warsaw-on-april-22-2026,Highest temperature in Warsaw on April 22?
2029748,Will the highest temperature in Warsaw be 12°C on April 22?,Yes,No,43965662760125212220231566164900014953863184129109678060003231894804122005399,88348645171423496093688828085732569760983843799930712591741061912027010828365,0x24ced88cf98fbea3fba1d9221e3135a0b2c004b8bd3545815c3adf72aea6745e,True,highest-temperature-in-warsaw-on-april-22-2026-12c,686.567266,2026-04-20 04:05:27.603869+00:00,False,True,False,2026-04-22T12:00:00Z,"['0.0035', '0.9965']",397995,highest-temperature-in-warsaw-on-april-22-2026,Highest temperature in Warsaw on April 22?
2029749,Will the highest temperature in Warsaw be 13°C on April 22?,Yes,No,40661696354889515017335711091717309988454240590114300054441150094419555373820,98921835021251121332092989374992741548506782287173427766495035644913352273307,0x827e6a336ef5c141fab4a304573c2c516b1f91655e4ce10c2f2e57437b6bbc8c,True,highest-temperature-in-warsaw-on-april-22-2026-13c,1376.2807950000001,2026-04-20 04:05:27.707119+00:00,False,True,False,2026-04-22T12:00:00Z,"['0.0045', '0.9955']",397995,highest-temperature-in-warsaw-on-april-22-2026,Highest temperature in Warsaw on April 22?
2029750,Will the highest temperature in Warsaw be 14°C on April 22?,Yes,No,102674998361899369424818398207211359233133716004533275370290177386315772725282,19215074040363883768197864521578042886965588349513160953165067802082817919037,0xf24bd80d4cf2baede06be83be0b0ada17275bb5b0276f29d06d6d99f994cb38b,True,highest-temperature-in-warsaw-on-april-22-2026-14c,2254.0086189999984,2026-04-20 04:05:27.810663+00:00,False,True,False,2026-04-22T12:00:00Z,"['0.045', '0.955']",397995,highest-temperature-in-warsaw-on-april-22-2026,Highest temperature in Warsaw on April 22?
2029751,Will the highest temperature in Warsaw be 15°C on April 22?,Yes,No,102910561773627494888006142206196143186372139852830146977082030087249979524215,25734191402589366384827058774695895691446202053097452481749809513454329325690,0x5ddb6a388f9c9cfa11f467b46404b4796f08d48a576a758ccd53cb431f439869,True,highest-temperature-in-warsaw-on-april-22-2026-15c,1174.086428,2026-04-20 04:05:27.929444+00:00,False,True,False,2026-04-22T12:00:00Z,"['0.26', '0.74']",397995,highest-temperature-in-warsaw-on-april-22-2026,Highest temperature in Warsaw on April 22?
2029752,Will the highest temperature in Warsaw be 16°C on April 22?,Yes,No,18203933442719670703826046770938867972845520647774211967148602494329516969985,112991420604191459636284894921098996150822622043261997295082336992450501827550,0x7b9346108d6ac6a6aa3def360e64107744399e84e3caf52e28ea9ff9b8b14501,True,highest-temperature-in-warsaw-on-april-22-2026-16c,1356.4759370000002,2026-04-20 04:05:28.033667+00:00,False,True,False,2026-04-22T12:00:00Z,"['0.49', '0.51']",397995,highest-temperature-in-warsaw-on-april-22-2026,Highest temperature in Warsaw on April 22?
2029753,Will the highest temperature in Warsaw be 17°C on April 22?,Yes,No,17178887749601521426871607664087783764304782592101878083368257697714254445562,21188670523406172835744895546379707262168912810987393911244020711132136432890,0xadf37c0313f097656c2ca768e90a807b13598571b1285a00cf12501b1945dff1,True,highest-temperature-in-warsaw-on-april-22-2026-17c,1146.1940960000002,2026-04-20 04:05:28.136911+00:00,False,True,False,2026-04-22T12:00:00Z,"['0.205', '0.795']",397995,highest-temperature-in-warsaw-on-april-22-2026,Highest temperature in Warsaw on April 22?
2029754,Will the highest temperature in Warsaw be 18°C on April 22?,Yes,No,69828073077322239289875610847908676448243351095435697394445692132485205591881,102371419173268632189914579616298659468815491496089014657005189333062165717261,0x82d5e5491ffa95288c2d88447d6efb583cbcc4a71a99dd962ee3a5aaab10bd9e,True,highest-temperature-in-warsaw-on-april-22-2026-18c,1144.097102,2026-04-20 04:05:28.238525+00:00,False,True,False,2026-04-22T12:00:00Z,"['0.0245', '0.9755']",397995,highest-temperature-in-warsaw-on-april-22-2026,Highest temperature in Warsaw on April 22?
2029755,Will the highest temperature in Warsaw be 19°C or higher on April 22?,Yes,No,103840101397380189974249245351123769438746556738165951859481379297561717038892,80629076119003424105931628117944890781072117261911687942606775085328382682175,0xa06f2f8436d5d22ca803669e3062f0285c68095564af3e9698a3206199a7c0a1,True,highest-temperature-in-warsaw-on-april-22-2026-19corhigher,826.5728659999999,2026-04-20 04:05:28.338325+00:00,False,True,False,2026-04-22T12:00:00Z,"['0.0045', '0.9955']",397995,highest-temperature-in-warsaw-on-april-22-2026,Highest temperature in Warsaw on April 22?
2029756,Will the highest temperature in Taipei be 26°C or below on April 22?,Yes,No,54216959155942267404144622387387048254600182187054331738217878466875500262529,8380395865443303063126413855479615091140999644827015687355447540999910281448,0xa9a5f2dee534ca467c69c890a9d5f4bbd37c746bcf86fa3bad7cefce5aeef6ec,True,highest-temperature-in-taipei-on-april-22-2026-26corbelow,2655.7486149999995,2026-04-20 04:05:32.940909+00:00,False,True,False,2026-04-22T12:00:00Z,"['0.001', '0.999']",397996,highest-temperature-in-taipei-on-april-22-2026,Highest temperature in Taipei on April 22?
2029757,Will the highest temperature in Taipei be 27°C on April 22?,Yes,No,35290006984935911253669848052060082153208832336250114657335200654457282406001,22547262469519088915614656456068728468447134370529731493660191387893691044735,0xcc6a2b21fb106bcc94484e4f45ec104f687bddcb7e8ebb73b04b1a2f8673e9d4,True,highest-temperature-in-taipei-on-april-22-2026-27c,4580.558167000001,2026-04-20 04:05:33.043181+00:00,False,True,False,2026-04-22T12:00:00Z,"['0.003', '0.997']",397996,highest-temperature-in-taipei-on-april-22-2026,Highest temperature in Taipei on April 22?
2029758,Will the highest temperature in Taipei be 28°C on April 22?,Yes,No,43242174818449350824862193188534270953950356756350736258479388689686137030882,89353296475797471838751162165785946606538369629197865106978910437636713187546,0xec7849ecc77804113ac817bb4f963cf5207e764a78ffa16a69ec583f1efb3d32,True,highest-temperature-in-taipei-on-april-22-2026-28c,3105.3819580000004,2026-04-20 04:05:33.143887+00:00,False,True,False,2026-04-22T12:00:00Z,"['0.0405', '0.9595']",397996,highest-temperature-in-taipei-on-april-22-2026,Highest temperature in Taipei on April 22?
2029759,Will the highest temperature in Taipei be 29°C on April 22?,Yes,No,16737037816222216666327038775719243810872957355847313513833102310926054520228,92191070754064733478594884158587913662973932343432508674451076403157829131622,0x119c0e48fdc8c2a76feda54ac81432e4d9be1d5657ac6ae669dc37a2fc8498b0,True,highest-temperature-in-taipei-on-april-22-2026-29c,1796.581101,2026-04-20 04:05:33.245786+00:00,False,True,False,2026-04-22T12:00:00Z,"['0.105', '0.895']",397996,highest-temperature-in-taipei-on-april-22-2026,Highest temperature in Taipei on April 22?
2029760,Will the highest temperature in Taipei be 30°C on April 22?,Yes,No,84662717787851616110386603892834154387430696337347755765786783643460320153735,30224955176310211522335654373614524441143407327952814081793004210505299078431,0x21598285d7070cb97fe8a7d8f5a966ccc112d6d02355689b922d8f0d7d1a4419,True,highest-temperature-in-taipei-on-april-22-2026-30c,823.020361,2026-04-20 04:05:33.346395+00:00,False,True,False,2026-04-22T12:00:00Z,"['0.275', '0.725']",397996,highest-temperature-in-taipei-on-april-22-2026,Highest temperature in Taipei on April 22?
2029761,Will the highest temperature in Taipei be 31°C on April 22?,Yes,No,51544711941687320240666946392940878490886354574549376580029079197399071397611,96024660993372150289805435336324439375644980554265200692310415070018558476383,0x72e78d3790fa3c3ee99014496d6d7bac13b52877fe5431a854fc421cf22320da,True,highest-temperature-in-taipei-on-april-22-2026-31c,1058.4389070000002,2026-04-20 04:05:33.463812+00:00,False,True,False,2026-04-22T12:00:00Z,"['0.355', '0.645']",397996,highest-temperature-in-taipei-on-april-22-2026,Highest temperature in Taipei on April 22?
2029762,Will the highest temperature in Taipei be 32°C on April 22?,Yes,No,35481326939199101534977938090438798329929876780826420363504050687862211957102,50660958014874109707878574195770780495947451032814614996277047744513051596,0xa9b63b83f4dfc88fff2120b994476e6bbda26f5b1fa1117c61bc5c25545d24ed,True,highest-temperature-in-taipei-on-april-22-2026-32c,676.3987169999999,2026-04-20 04:05:33.805958+00:00,False,True,False,2026-04-22T12:00:00Z,"['0.205', '0.795']",397996,highest-temperature-in-taipei-on-april-22-2026,Highest temperature in Taipei on April 22?
2029763,Will the highest temperature in Taipei be 33°C on April 22?,Yes,No,86036731618344390047627420762976970548953786148401774495053804625549134836440,92465021137280948805545089099944955982249032145679857879249827378623646787483,0x26013c5da659012ea893b9e3324011d59986ed3d5eb2b4a06f28fc833d520685,True,highest-temperature-in-taipei-on-april-22-2026-33c,1474.6896299999999,2026-04-20 04:05:33.906711+00:00,False,True,False,2026-04-22T12:00:00Z,"['0.055', '0.945']",397996,highest-temperature-in-taipei-on-april-22-2026,Highest temperature in Taipei on April 22?
2029764,Will the highest temperature in Taipei be 34°C on April 22?,Yes,No,103076364065177722418537501189309694014082676921160759843757903469639320531308,68782930332889324783746252621947902616286667579029381733810346631010321987150,0xf1895a1e11f27373764ba10a214cf74b8a982eae0a2bb803a70e316ea56ab860,True,highest-temperature-in-taipei-on-april-22-2026-34c,2003.732001,2026-04-20 04:05:34.008074+00:00,False,True,False,2026-04-22T12:00:00Z,"['0.0105', '0.9895']",397996,highest-temperature-in-taipei-on-april-22-2026,Highest temperature in Taipei on April 22?
2029765,Will the highest temperature in Taipei be 35°C on April 22?,Yes,No,24773428195412225860362470554053152815896134580376312011254082364078956855653,84713809592194627318254531608613465542643935353286939976111725332137611591469,0x49fe6594604288d2502b6c1fbf49e3286c5244c54118d6e5e5374d420808fa4b,True,highest-temperature-in-taipei-on-april-22-2026-35c,1528.012681,2026-04-20 04:05:34.109383+00:00,False,True,False,2026-04-22T12:00:00Z,"['0.0055', '0.9945']",397996,highest-temperature-in-taipei-on-april-22-2026,Highest temperature in Taipei on April 22?
2029766,Will the highest temperature in Taipei be 36°C or higher on April 22?,Yes,No,97573890630947348474321841443749963796403094087670514963061794625584394696398,22063199258445726526224667958536464608552212147197004777014402442083445235524,0x06089919677ca1a2bbc325cdd38dd0abeea2a8342a0a8d1a9207bead464802bd,True,highest-temperature-in-taipei-on-april-22-2026-36corhigher,1005.6423179999998,2026-04-20 04:05:34.213832+00:00,False,True,False,2026-04-22T12:00:00Z,"['0.0045', '0.9955']",397996,highest-temperature-in-taipei-on-april-22-2026,Highest temperature in Taipei on April 22?
2029767,Will the highest temperature in Chongqing be 17°C or below on April 22?,Yes,No,12734268749281031712277447860305614840407116563782857812841493389240084370515,78205351549406540303346076877359423623835769534158602267948307907873883572815,0x564cad66cd855630dd53635835eab0db52518cf9bbcc09320fbcc73543977f97,True,highest-temperature-in-chongqing-on-april-22-2026-17corbelow,2617.167577999999,2026-04-20 04:05:37.400021+00:00,False,True,False,2026-04-22T12:00:00Z,"['0.0135', '0.9865']",397997,highest-temperature-in-chongqing-on-april-22-2026,Highest temperature in Chongqing on April 22?
2029768,Will the highest temperature in Chongqing be 18°C on April 22?,Yes,No,18409162775225553346093302811879171611636177427497934634510976244304294949812,60318501544441953843865775306856628390591956110821450089791930540612352625599,0xb70780a36de79e595001b2f11dbfa808d1a705a3307eb5d453a510b1e67eb442,True,highest-temperature-in-chongqing-on-april-22-2026-18c,1641.9115950000003,2026-04-20 04:05:37.503756+00:00,False,True,False,2026-04-22T12:00:00Z,"['0.0285', '0.9715']",397997,highest-temperature-in-chongqing-on-april-22-2026,Highest temperature in Chongqing on April 22?
2029769,Will the highest temperature in Chongqing be 19°C on April 22?,Yes,No,4506065023262940683231426612574779053062509923889806500668643101084214278352,85957701085877595482837029591403403568254553790101485457083466756051551115337,0xf1c716dad44a5efd5f546e6828dbe5f89c9bfe924e3467bf941305865957884c,True,highest-temperature-in-chongqing-on-april-22-2026-19c,1084.842205,2026-04-20 04:05:37.605562+00:00,False,True,False,2026-04-22T12:00:00Z,"['0.135', '0.865']",397997,highest-temperature-in-chongqing-on-april-22-2026,Highest temperature in Chongqing on April 22?
2029770,Will the highest temperature in Chongqing be 20°C on April 22?,Yes,No,15541894572067399018155229653004997741331721355849155387048665936560874039524,44219067714450798822052929358336232299123592262701418689894561121217832226647,0x2d3c8312ab8babbb8220bb5713b6e22094c06064e3e480b28ca2b07f58389d23,True,highest-temperature-in-chongqing-on-april-22-2026-20c,538.05967,2026-04-20 04:05:37.707040+00:00,False,True,False,2026-04-22T12:00:00Z,"['0.31', '0.69']",397997,highest-temperature-in-chongqing-on-april-22-2026,Highest temperature in Chongqing on April 22?
2029771,Will the highest temperature in Chongqing be 21°C on April 22?,Yes,No,51686606036454170472710235166790687735501837371138548863801589711301463445781,29752615911291148243427274307786441703280618994277812655220439176641794316862,0x58ea3bd9f2bf642a91b2f1a5c597488ec506ac836f25660c739669e837a04879,True,highest-temperature-in-chongqing-on-april-22-2026-21c,258.179899,2026-04-20 04:05:37.809464+00:00,False,True,False,2026-04-22T12:00:00Z,"['0.275', '0.725']",397997,highest-temperature-in-chongqing-on-april-22-2026,Highest temperature in Chongqing on April 22?
2029772,Will the highest temperature in Chongqing be 22°C on April 22?,Yes,No,81283190143375396861794723763485661209440670526791324029473730491337648251030,96674974001599166919166036786576647375243681536257822741510099260741010674772,0xfecfb296e1b2c621bffe589efc310c1bd93b174fa186f41a59bb2f3a1e8e88a3,True,highest-temperature-in-chongqing-on-april-22-2026-22c,316.117909,2026-04-20 04:05:37.911544+00:00,False,True,False,2026-04-22T12:00:00Z,"['0.145', '0.855']",397997,highest-temperature-in-chongqing-on-april-22-2026,Highest temperature in Chongqing on April 22?
2029773,Will the highest temperature in Chongqing be 23°C on April 22?,Yes,No,47257142634273485295022392718188505724331380596262092324695672306149578245387,112813750559795938439937759486416305381492743787209281558339493446330236699402,0xd8a68771fc85d60c1baaa33e0f1fbb26125b86afa60f1be10501a28309e9f491,True,highest-temperature-in-chongqing-on-april-22-2026-23c,465.00732700000003,2026-04-20 04:05:38.012473+00:00,False,True,False,2026-04-22T12:00:00Z,"['0.045', '0.955']",397997,highest-temperature-in-chongqing-on-april-22-2026,Highest temperature in Chongqing on April 22?
2029774,Will the highest temperature in Chongqing be 24°C on April 22?,Yes,No,98573365563172480959601515953046385981292217886417217448360608949115417918793,2264127995448033366341232364166923080266230852348144319722654713356870926957,0xfe64b27da6d9fe61b0169fe8b9ede331aa728cf5a54191f481fd512112c59186,True,highest-temperature-in-chongqing-on-april-22-2026-24c,1358.344982,2026-04-20 04:05:38.114681+00:00,False,True,False,2026-04-22T12:00:00Z,"['0.0205', '0.9795']",397997,highest-temperature-in-chongqing-on-april-22-2026,Highest temperature in Chongqing on April 22?
2029775,Will the highest temperature in Chongqing be 25°C on April 22?,Yes,No,55552965321235467848371789087324953544733139954205275687574630934838105997669,11801313510122045031334733208449105175649869308931902065241816563303051734422,0xc0c202b57032672a73d4378866dc8911ef8f40decf705f8dc10ad1ac57f8ccc8,True,highest-temperature-in-chongqing-on-april-22-2026-25c,558.2088990000002,2026-04-20 04:05:38.219737+00:00,False,True,False,2026-04-22T12:00:00Z,"['0.0025', '0.9975']",397997,highest-temperature-in-chongqing-on-april-22-2026,Highest temperature in Chongqing on April 22?
2029776,Will the highest temperature in Chongqing be 26°C on April 22?,Yes,No,89894693766534619622733358432940306288734515957259166189224371053363493728871,44653262777388066455849242056652301692276318884498076676404533600903425307395,0x6a71e360c3afffe44a554387b3fd49f140735db18cdd31e2669cecd6fa0b7fac,True,highest-temperature-in-chongqing-on-april-22-2026-26c,1025.5520000000001,2026-04-20 04:05:38.320668+00:00,False,True,False,2026-04-22T12:00:00Z,"['0.0015', '0.9985']",397997,highest-temperature-in-chongqing-on-april-22-2026,Highest temperature in Chongqing on April 22?
2029777,Will the highest temperature in Chongqing be 27°C or higher on April 22?,Yes,No,54221077499295526378427720532359825143596235934758880889532895866960768731507,115498448153174808013151575118688117976761165730239913829763339979582534108611,0x0572f70fa4557643d699c6726d2ba7b2ee2b2acb64b126cf8251535cf3dde6b2,True,highest-temperature-in-chongqing-on-april-22-2026-27corhigher,536.0362,2026-04-20 04:05:38.422536+00:00,False,True,False,2026-04-22T12:00:00Z,"['0.002', '0.998']",397997,highest-temperature-in-chongqing-on-april-22-2026,Highest temperature in Chongqing on April 22?
2029778,Will the highest temperature in Beijing be 20°C or below on April 22?,Yes,No,59845210383238342615623961712676516270045011072520455074707125484012113835044,45136094234664928447171295447145262839466489873510073059113981995142060243527,0xa07d8b0134abd4bca13b498162b7bf07a61516dcf921b3f103a033abf7393e4b,True,highest-temperature-in-beijing-on-april-22-2026-20corbelow,3081.3530139999993,2026-04-20 04:05:41.630388+00:00,False,True,False,2026-04-22T12:00:00Z,"['0.0075', '0.9925']",397998,highest-temperature-in-beijing-on-april-22-2026,Highest temperature in Beijing on April 22?
2029779,Will the highest temperature in Beijing be 21°C on April 22?,Yes,No,80648927406302254759557427092536008707660306760263190583705085920247033247008,43530339538528641508588666718667860664606060565408903818056108024153874473453,0x8a415cdc3c362948187ed68ae27ee570478dd8f2c2e796c4a7a633197d8f8710,True,highest-temperature-in-beijing-on-april-22-2026-21c,3852.1441940000004,2026-04-20 04:05:41.739641+00:00,False,True,False,2026-04-22T12:00:00Z,"['0.009', '0.991']",397998,highest-temperature-in-beijing-on-april-22-2026,Highest temperature in Beijing on April 22?
2029780,Will the highest temperature in Beijing be 22°C on April 22?,Yes,No,50296052888080201673178068553168036304561603076316933640613514746037500566436,70089731303997836963024589389838555014390314907396131649216022885771943142486,0xf1ab28d0b062013a53c7d033c7193f543e90875432c1358d6f43bda58e814096,True,highest-temperature-in-beijing-on-april-22-2026-22c,2753.659757,2026-04-20 04:05:41.843110+00:00,False,True,False,2026-04-22T12:00:00Z,"['0.0575', '0.9425']",397998,highest-temperature-in-beijing-on-april-22-2026,Highest temperature in Beijing on April 22?
2029781,Will the highest temperature in Beijing be 23°C on April 22?,Yes,No,74427510737330193851850188140096775710505004448599867305784988358259305016401,34339228815579876025779735767944385083711902120270061210189980949534595060371,0x14d67abbff6f11f4c79d148d5483850a346feebaed777cac2c144d178a782920,True,highest-temperature-in-beijing-on-april-22-2026-23c,3393.1034059999993,2026-04-20 04:05:41.944610+00:00,False,True,False,2026-04-22T12:00:00Z,"['0.165', '0.835']",397998,highest-temperature-in-beijing-on-april-22-2026,Highest temperature in Beijing on April 22?
2029782,Will the highest temperature in Beijing be 24°C on April 22?,Yes,No,93263803643171490857620411029891716281525870424554353350593724753325665354476,15250382110929622945639152634420308374378251762490527923382874071171533042732,0xb659e76190d977acfedfc2816ce02791876806bcea0283c57344b5530ec651f6,True,highest-temperature-in-beijing-on-april-22-2026-24c,849.6904900000001,2026-04-20 04:05:42.047047+00:00,False,True,False,2026-04-22T12:00:00Z,"['0.395', '0.605']",397998,highest-temperature-in-beijing-on-april-22-2026,Highest temperature in Beijing on April 22?
2029783,Will the highest temperature in Beijing be 25°C on April 22?,Yes,No,6551389640771769762452516797592796466215995582391960570268085098654760879693,65036338861960289015577592534074434030610898258018972783670331338860178423486,0xbe48a746c4c85c29a6c2d009ea9a83b78c038c14ce4e5e68375cbc64d07ea354,True,highest-temperature-in-beijing-on-april-22-2026-25c,799.691827,2026-04-20 04:05:42.148078+00:00,False,True,False,2026-04-22T12:00:00Z,"['0.32', '0.68']",397998,highest-temperature-in-beijing-on-april-22-2026,Highest temperature in Beijing on April 22?
2029784,Will the highest temperature in Beijing be 26°C on April 22?,Yes,No,91974525146184698089620066748132222422983361220272304785056976146169422177719,52994312504400037712595162248883825178345363757259112844829415503142731908042,0x82f98accc73c864e2112071f2d18ca71f23f668e0d85ebfa7229e41c5dce0012,True,highest-temperature-in-beijing-on-april-22-2026-26c,2174.240184,2026-04-20 04:05:42.249492+00:00,False,True,False,2026-04-22T12:00:00Z,"['0.085', '0.915']",397998,highest-temperature-in-beijing-on-april-22-2026,Highest temperature in Beijing on April 22?
2029785,Will the highest temperature in Beijing be 27°C on April 22?,Yes,No,109518071251484027225625913752174832712363287020732777408438104380576653109428,100041258758861645150168457778513265517476657037996693869242329851090837900719,0x865156e97d9796268188cc365bb60599d865e4f79233106cc0271e91577df66c,True,highest-temperature-in-beijing-on-april-22-2026-27c,2347.2912640000004,2026-04-20 04:05:42.352228+00:00,False,True,False,2026-04-22T12:00:00Z,"['0.0075', '0.9925']",397998,highest-temperature-in-beijing-on-april-22-2026,Highest temperature in Beijing on April 22?
2029786,Will the highest temperature in Beijing be 28°C on April 22?,Yes,No,34394926774701917785530755720091400735127585172155653027184805915860028896960,86936806060593324063531918001661686353702763557351344809679149539402616868906,0x1f70429eb8f2d399ec14873fbe9bc1f9a3a568926786c2cc4ca6eb36fb162906,True,highest-temperature-in-beijing-on-april-22-2026-28c,1680.5268390000003,2026-04-20 04:05:42.453676+00:00,False,True,False,2026-04-22T12:00:00Z,"['0.0035', '0.9965']",397998,highest-temperature-in-beijing-on-april-22-2026,Highest temperature in Beijing on April 22?
2029787,Will the highest temperature in Beijing be 29°C on April 22?,Yes,No,103797876979776140024884240877097332527056494640526171575553705047300017377253,34445932571883784480117268098035038077410766379718500683201911371085357073451,0x45e50ff2eac5ed20dd6ab129a93720789667214d300f6c4ef28ac6be7d98481b,True,highest-temperature-in-beijing-on-april-22-2026-29c,947.1540320000003,2026-04-20 04:05:42.555914+00:00,False,True,False,2026-04-22T12:00:00Z,"['0.0025', '0.9975']",397998,highest-temperature-in-beijing-on-april-22-2026,Highest temperature in Beijing on April 22?
2029788,Will the highest temperature in Beijing be 30°C or higher on April 22?,Yes,No,111660478644714941079864023916932245869359110015936857424778717830115097649554,16185767715291074510640706792226202940210201309343362532195856022792153426356,0x6537a65895435634a3aad7e875bc84bd97a34dacba6e0499690244ec753d2074,True,highest-temperature-in-beijing-on-april-22-2026-30corhigher,1975.3423050000001,2026-04-20 04:05:42.661181+00:00,False,True,False,2026-04-22T12:00:00Z,"['0.0025', '0.9975']",397998,highest-temperature-in-beijing-on-april-22-2026,Highest temperature in Beijing on April 22?
2029789,Will the highest temperature in Wuhan be 9°C or below on April 22?,Yes,No,13069657784068757814549632021533061206532121963566698609627071649258858354344,58314699486974745668269094422566006997711021037990550441558816530290733903208,0x269b0a8667bb403b9ef3ec546f7a4b2f7c413bb1dcd39d62b4fbeccaf8fb69f9,True,highest-temperature-in-wuhan-on-april-22-2026-9corbelow,3198.1164500000004,2026-04-20 04:05:46.957604+00:00,False,True,False,2026-04-22T12:00:00Z,"['0.0005', '0.9995']",397999,highest-temperature-in-wuhan-on-april-22-2026,Highest temperature in Wuhan on April 22?
2029790,Will the highest temperature in Wuhan be 10°C on April 22?,Yes,No,233673145865521151327712420614884666696391016695854817877970873181110387500,28675268630182369763600973287049185461294943415605576095578340825587619996511,0x711dc217b22e3c186d817a41d9801494c92463950e83e51081950a48856519f2,True,highest-temperature-in-wuhan-on-april-22-2026-10c,805.4901079999999,2026-04-20 04:05:47.060777+00:00,False,True,False,2026-04-22T12:00:00Z,"['0.0005', '0.9995']",397999,highest-temperature-in-wuhan-on-april-22-2026,Highest temperature in Wuhan on April 22?
2029791,Will the highest temperature in Wuhan be 11°C on April 22?,Yes,No,104305338448059210216287027291120840037193158607306667330553693669503979424766,12212501620501309979356278454068534308942222392266783471077912545150826224372,0x129e45e82b500bbc5d9a40e0558bd902fe22a40ee21cb0776facb89d5cf07d5d,True,highest-temperature-in-wuhan-on-april-22-2026-11c,461.653,2026-04-20 04:05:47.163038+00:00,False,True,False,2026-04-22T12:00:00Z,"['0.003', '0.997']",397999,highest-temperature-in-wuhan-on-april-22-2026,Highest temperature in Wuhan on April 22?
2029792,Will the highest temperature in Wuhan be 12°C on April 22?,Yes,No,24201501711092031935920350086659872961026174143351731279823116071509676139283,47525339349858259876726214272843508967065197112788007840143964086750753989956,0x2d154b30d936c6b59cf951861d3187c7910ce366ca74a1e725f16ac9e161b63e,True,highest-temperature-in-wuhan-on-april-22-2026-12c,821.2059680000003,2026-04-20 04:05:47.265440+00:00,False,True,False,2026-04-22T12:00:00Z,"['0.0085', '0.9915']",397999,highest-temperature-in-wuhan-on-april-22-2026,Highest temperature in Wuhan on April 22?
2029793,Will the highest temperature in Wuhan be 13°C on April 22?,Yes,No,7111447492847881579652605408478503118699961390661147214275369205722544201979,107379329096247295766621262455074040354296362118844228115463458063751418417600,0x0c03d8d1f7ed67ad579a703cdd56a6c8554c1fbd407486cf31708050c0dcc580,True,highest-temperature-in-wuhan-on-april-22-2026-13c,875.113493,2026-04-20 04:05:47.367639+00:00,False,True,False,2026-04-22T12:00:00Z,"['0.025', '0.975']",397999,highest-temperature-in-wuhan-on-april-22-2026,Highest temperature in Wuhan on April 22?
2029794,Will the highest temperature in Wuhan be 14°C on April 22?,Yes,No,112167696484519711953586186850536435746365063274566311470783969217813326020229,16614164958728754913401036350488854142275586085005088160043411651228565824467,0x2aad3fa37e498eeb64d036bdf044cf1751d55f4ffec515d888ad1ff8c39e1940,True,highest-temperature-in-wuhan-on-april-22-2026-14c,569.460016,2026-04-20 04:05:47.468272+00:00,False,True,False,2026-04-22T12:00:00Z,"['0.295', '0.705']",397999,highest-temperature-in-wuhan-on-april-22-2026,Highest temperature in Wuhan on April 22?
2029795,Will the highest temperature in Wuhan be 15°C on April 22?,Yes,No,66436239222518073166317532179116082094795190252581542462694557983969393874604,87711062311167553512476343530985813175544839216534279434563327787580861002494,0xf67e237e4766e990c3eafb7cd6219da7ec86f77504ced8269110d6f6c54b19ed,True,highest-temperature-in-wuhan-on-april-22-2026-15c,338.68826800000005,2026-04-20 04:05:47.569315+00:00,False,True,False,2026-04-22T12:00:00Z,"['0.465', '0.535']",397999,highest-temperature-in-wuhan-on-april-22-2026,Highest temperature in Wuhan on April 22?
2029796,Will the highest temperature in Wuhan be 16°C on April 22?,Yes,No,105747606357540133260113332679235715331491455046604233247583000424398891667371,83247638238085745352070572719164188931497412283482141981048329297308740706564,0xf456ed5fcbb4439f838a1f14c3e7682c2e5603c6aca86532bf178b22e3913890,True,highest-temperature-in-wuhan-on-april-22-2026-16c,3107.1046959999985,2026-04-20 04:05:47.670540+00:00,False,True,False,2026-04-22T12:00:00Z,"['0.175', '0.825']",397999,highest-temperature-in-wuhan-on-april-22-2026,Highest temperature in Wuhan on April 22?
2029797,Will the highest temperature in Wuhan be 17°C on April 22?,Yes,No,56362870786132662554581223226424575099555439162073958798178789497011190925174,17291952171510041223798791595154365539814321166773309701870998581172390339645,0x454182169f18319fab02f2075e6c9b129e06f05a2ef22dc9bb600b2e2d1f138b,True,highest-temperature-in-wuhan-on-april-22-2026-17c,3468.923926000001,2026-04-20 04:05:47.772667+00:00,False,True,False,2026-04-22T12:00:00Z,"['0.0455', '0.9545']",397999,highest-temperature-in-wuhan-on-april-22-2026,Highest temperature in Wuhan on April 22?
2029798,Will the highest temperature in Wuhan be 18°C on April 22?,Yes,No,112201251632217921815795871754572562259548782517490271968024739835061117926040,51070295253930063502879542485956476362065269366736802902513542437718521252269,0xf525488882446dbcc4690df0c635a46c7d63dfe5d78b3f3a9bdf1772e339fe87,True,highest-temperature-in-wuhan-on-april-22-2026-18c,1612.5625489999998,2026-04-20 04:05:47.874600+00:00,False,True,False,2026-04-22T12:00:00Z,"['0.0185', '0.9815']",397999,highest-temperature-in-wuhan-on-april-22-2026,Highest temperature in Wuhan on April 22?
2029799,Will the highest temperature in Wuhan be 19°C or higher on April 22?,Yes,No,92767798978781095054658586236089755984225946303272308501514551976903504409336,110772196173962376883454665502814213009439460813834298252711046690236396008808,0xc14d09bdcd090bfbb166d06d40145fe9fb9b18b3f6e58e67aa577f9b612154b2,True,highest-temperature-in-wuhan-on-april-22-2026-19corhigher,1804.8977630000004,2026-04-20 04:05:47.976955+00:00,False,True,False,2026-04-22T12:00:00Z,"['0.0175', '0.9825']",397999,highest-temperature-in-wuhan-on-april-22-2026,Highest temperature in Wuhan on April 22?
2029800,Will the highest temperature in Chengdu be 16°C or below on April 22?,Yes,No,100825755662152997056600317563953765026111888117897004326616323007760499152864,43253839673141968601501066909609349580398046613760412818159579822092738965250,0xff3a6b58bfa7dd4279e1f2f1ccfeb107c41ec2008ce5f51a3e572769787d9ba2,True,highest-temperature-in-chengdu-on-april-22-2026-16corbelow,4414.964164999999,2026-04-20 04:05:51.018700+00:00,False,True,False,2026-04-22T12:00:00Z,"['0.0015', '0.9985']",398000,highest-temperature-in-chengdu-on-april-22-2026,Highest temperature in Chengdu on April 22?
2029801,Will the highest temperature in Chengdu be 17°C on April 22?,Yes,No,83043095253237276010751231005442919924677718010728531026432847433789956494661,25773029606981704551960313280849929512692693917637652297462637277998375723958,0x201ccea93065369c7006c8a766e46fdef49d095408d6bddb40e366e378a493c0,True,highest-temperature-in-chengdu-on-april-22-2026-17c,2842.9492999999993,2026-04-20 04:05:51.121670+00:00,False,True,False,2026-04-22T12:00:00Z,"['0.0015', '0.9985']",398000,highest-temperature-in-chengdu-on-april-22-2026,Highest temperature in Chengdu on April 22?
2029802,Will the highest temperature in Chengdu be 18°C on April 22?,Yes,No,35292870691461931757487497621507152037422885906305872753116968973943577838714,104897082189087841418691288026003315939697224982548843672407232636172564117835,0xae025126f93eae228669ea00fa860905ec5482e5a7d85ec70cfa59f2f73d5c76,True,highest-temperature-in-chengdu-on-april-22-2026-18c,1273.1706909999998,2026-04-20 04:05:51.222828+00:00,False,True,False,2026-04-22T12:00:00Z,"['0.0025', '0.9975']",398000,highest-temperature-in-chengdu-on-april-22-2026,Highest temperature in Chengdu on April 22?
2029803,Will the highest temperature in Chengdu be 19°C on April 22?,Yes,No,66647908011234079314435083927409430264263237859122998373859222019456108538529,55091048890818446185166778304753114061684170871729242643822586969017203961956,0x3029d15d763cfea914b8b42fabdaf096a7b6a1110d87a678f678fcd5ffd8194e,True,highest-temperature-in-chengdu-on-april-22-2026-19c,942.308733,2026-04-20 04:05:52.448997+00:00,False,True,False,2026-04-22T12:00:00Z,"['0.0045', '0.9955']",398000,highest-temperature-in-chengdu-on-april-22-2026,Highest temperature in Chengdu on April 22?
2029804,Will the highest temperature in Chengdu be 20°C on April 22?,Yes,No,90650723481171844230582856160706600020653764953581424336107844254979928019991,433040386247506204047841908354572799412393665020734668069966648912784203222,0xe0f8ce82020db76f45ad4a6847f762ebfeb6356f1227ab14550f7401b5151c5f,True,highest-temperature-in-chengdu-on-april-22-2026-20c,1551.1708509999992,2026-04-20 04:05:52.550058+00:00,False,True,False,2026-04-22T12:00:00Z,"['0.0035', '0.9965']",398000,highest-temperature-in-chengdu-on-april-22-2026,Highest temperature in Chengdu on April 22?
2029805,Will the highest temperature in Chengdu be 21°C on April 22?,Yes,No,54850905180395360003694329245207500014567408536533066269482236246482061888095,74118558463270962242339907600168581019231645249303860541811952533353438562678,0xd999c07f94cc10e4cded6c4c09d7429cb04a1a16211a5423b81684583ea99cd9,True,highest-temperature-in-chengdu-on-april-22-2026-21c,1168.9260829999998,2026-04-20 04:05:52.654170+00:00,False,True,False,2026-04-22T12:00:00Z,"['0.0455', '0.9545']",398000,highest-temperature-in-chengdu-on-april-22-2026,Highest temperature in Chengdu on April 22?
2029806,Will the highest temperature in Chengdu be 22°C on April 22?,Yes,No,17421764987491013358887614072859534728349689085344491507758394290539579071450,29581475465222958681836399040915745187419185220159747056371854385983715617992,0xa19d75d1f6c115a294d08bccb1156c3dea5103c829f1c58d5d2b6bf2c5f0e467,True,highest-temperature-in-chengdu-on-april-22-2026-22c,1019.1561439999999,2026-04-20 04:05:52.757333+00:00,False,True,False,2026-04-22T12:00:00Z,"['0.17', '0.83']",398000,highest-temperature-in-chengdu-on-april-22-2026,Highest temperature in Chengdu on April 22?
2029807,Will the highest temperature in Chengdu be 23°C on April 22?,Yes,No,53564402055590085047986150256372775404962854169278638411311736301560403004402,14767410155225087329289579427765787848943837328608633309435008608947549547919,0xb545410fb9774754dd36c076c07c29db7ccda9804b38a5ceeb9c88ae60885c2f,True,highest-temperature-in-chengdu-on-april-22-2026-23c,531.678211,2026-04-20 04:05:52.858959+00:00,False,True,False,2026-04-22T12:00:00Z,"['0.365', '0.635']",398000,highest-temperature-in-chengdu-on-april-22-2026,Highest temperature in Chengdu on April 22?
2029808,Will the highest temperature in Chengdu be 24°C on April 22?,Yes,No,2472571351448027239844908869089704669440575295205069954841454221071665309917,33835382197305961882605684754964144237821180324260458326446897785388661212709,0x63800acdabf9a7276f7da3fc89e7bf50a7b18cd7e234d89e4d61b2f5e1dd754f,True,highest-temperature-in-chengdu-on-april-22-2026-24c,810.9372520000001,2026-04-20 04:05:52.961272+00:00,False,True,False,2026-04-22T12:00:00Z,"['0.31', '0.69']",398000,highest-temperature-in-chengdu-on-april-22-2026,Highest temperature in Chengdu on April 22?
2029809,Will the highest temperature in Chengdu be 25°C on April 22?,Yes,No,16198477704173405257139588317286073504904646798879889627436602678490838985811,83966744389145554648988979078603565543788347726034871069425097435707604117877,0x60c07c0630f26104984cac08524fe0953c5c2423f813f9bf657af3d9fddd33b8,True,highest-temperature-in-chengdu-on-april-22-2026-25c,784.6424159999999,2026-04-20 04:05:53.063047+00:00,False,True,False,2026-04-22T12:00:00Z,"['0.105', '0.895']",398000,highest-temperature-in-chengdu-on-april-22-2026,Highest temperature in Chengdu on April 22?
2029810,Will the highest temperature in Chengdu be 26°C or higher on April 22?,Yes,No,53982779741985314497877746314571865327558687885769925499410312654620342145802,72343436103476596128680506918049638667073317320148347109626810686965467323109,0x1621fab06c8baa3542934ae321ad35a7c007794798366212da1202d338c109f8,True,highest-temperature-in-chengdu-on-april-22-2026-26corhigher,2695.2539270000007,2026-04-20 04:05:53.165108+00:00,False,True,False,2026-04-22T12:00:00Z,"['0.0245', '0.9755']",398000,highest-temperature-in-chengdu-on-april-22-2026,Highest temperature in Chengdu on April 22?
2029811,Will the highest temperature in Shenzhen be 22°C or below on April 22?,Yes,No,58954000918663492001805183799352422081976413849297644639535777494395657448228,21550317863386672901949431932561150926550500294206637596669524581288771921390,0xae3690f4500e9b14c24b69fefd4d99aa216986cb5126fa008de2538b2d91c87f,True,highest-temperature-in-shenzhen-on-april-22-2026-22corbelow,3013.3929999999996,2026-04-20 04:05:57.486556+00:00,False,True,False,2026-04-22T12:00:00Z,"['0.0005', '0.9995']",398001,highest-temperature-in-shenzhen-on-april-22-2026,Highest temperature in Shenzhen on April 22?
2029812,Will the highest temperature in Shenzhen be 23°C on April 22?,Yes,No,93118911667370590714380584083876514725906793964729950960063941842805259148865,112022945582324020166973425872722119719377924637966284707511844592621394318530,0x9f13c8c7feb7b7cc41f535f96f52e05a0174699874f588665941ff0d229ab554,True,highest-temperature-in-shenzhen-on-april-22-2026-23c,937.49945,2026-04-20 04:05:57.590146+00:00,False,True,False,2026-04-22T12:00:00Z,"['0.0005', '0.9995']",398001,highest-temperature-in-shenzhen-on-april-22-2026,Highest temperature in Shenzhen on April 22?
2029813,Will the highest temperature in Shenzhen be 24°C on April 22?,Yes,No,98823814380792609308289164149054273282399401544765678280606661474191525240266,60015762140803345136427313256825013092315448548588966188364741270829477455676,0xb44691d04e0180d3026fe123afd1a5118ac09b0be6d4ecc069fe567841390dc0,True,highest-temperature-in-shenzhen-on-april-22-2026-24c,3624.074442999999,2026-04-20 04:05:57.691478+00:00,False,True,False,2026-04-22T12:00:00Z,"['0.0005', '0.9995']",398001,highest-temperature-in-shenzhen-on-april-22-2026,Highest temperature in Shenzhen on April 22?
2029814,Will the highest temperature in Shenzhen be 25°C on April 22?,Yes,No,21510253624782430824558803899321949837947048608912824959152809395357793023377,78521741399965644395862179897484678547296625541352734228672458971016199913555,0xf39f86680f6e530120e4e7688d4e1d909bfac1ce1f7372e4c7f7bbacd4c2a328,True,highest-temperature-in-shenzhen-on-april-22-2026-25c,3001.059468000001,2026-04-20 04:05:57.793529+00:00,False,True,False,2026-04-22T12:00:00Z,"['0.0005', '0.9995']",398001,highest-temperature-in-shenzhen-on-april-22-2026,Highest temperature in Shenzhen on April 22?
2029815,Will the highest temperature in Shenzhen be 26°C on April 22?,Yes,No,44220141937188666625586495890287532511734794771618684333229605615607146345269,104685079448615951903432756708627404973541619311958953312999087776898010145739,0xf8ccb46ae85fe41046a1fdca8dd13cd7f4830d1b68cce3d67638f1c5feb80ad7,True,highest-temperature-in-shenzhen-on-april-22-2026-26c,4503.970011999999,2026-04-20 04:05:57.894063+00:00,False,True,False,2026-04-22T12:00:00Z,"['0.0015', '0.9985']",398001,highest-temperature-in-shenzhen-on-april-22-2026,Highest temperature in Shenzhen on April 22?
2029816,Will the highest temperature in Shenzhen be 27°C on April 22?,Yes,No,10429260312494922423257327201576282815415590336876980529663913107064117044933,98917952683891158448565974290623639633499919422265546531174884079477108394254,0x89d6f93956f57b1a8b9e745832ee9b51437217defa29bda7f4389e48bda41146,True,highest-temperature-in-shenzhen-on-april-22-2026-27c,8218.144867000003,2026-04-20 04:05:57.995043+00:00,False,True,False,2026-04-22T12:00:00Z,"['0.0245', '0.9755']",398001,highest-temperature-in-shenzhen-on-april-22-2026,Highest temperature in Shenzhen on April 22?
2029817,Will the highest temperature in Shenzhen be 28°C on April 22?,Yes,No,84841785666905508123206042931646547121181521767018775213376532366495428276551,97076280333433672163517995541751314871686024103933151324154597443408868397641,0xf69a44344168e7437d5e8643e3e7d783ead94fdb3b057b7254ff5eadfea2f7ac,True,highest-temperature-in-shenzhen-on-april-22-2026-28c,1444.336059,2026-04-20 04:05:58.095170+00:00,False,True,False,2026-04-22T12:00:00Z,"['0.115', '0.885']",398001,highest-temperature-in-shenzhen-on-april-22-2026,Highest temperature in Shenzhen on April 22?
2029818,Will the highest temperature in Shenzhen be 29°C on April 22?,Yes,No,79261937514694563827300840215163740627001977309271194949093065035610794470798,103156034194214060918302713891492651048860125275419185289423658545585572546553,0x2943877e194d0ba75407b61ca10d8a9c81c72a18c082bb975f5b7c73e022093e,True,highest-temperature-in-shenzhen-on-april-22-2026-29c,704.163559,2026-04-20 04:05:58.195921+00:00,False,True,False,2026-04-22T12:00:00Z,"['0.295', '0.705']",398001,highest-temperature-in-shenzhen-on-april-22-2026,Highest temperature in Shenzhen on April 22?
2029819,Will the highest temperature in Shenzhen be 30°C on April 22?,Yes,No,109866966081618369804372312073511751066702115483575112626684332878743299024394,86661424445760315232959253184445952289142550929509610423007419143879099708970,0x92641529e94d652dad1311d8b2a8af50ccf391cf0f0a8a8e23a7f81566844e87,True,highest-temperature-in-shenzhen-on-april-22-2026-30c,624.8901559999999,2026-04-20 04:05:58.301958+00:00,False,True,False,2026-04-22T12:00:00Z,"['0.355', '0.645']",398001,highest-temperature-in-shenzhen-on-april-22-2026,Highest temperature in Shenzhen on April 22?
2029820,Will the highest temperature in Shenzhen be 31°C on April 22?,Yes,No,29636283954229272648285532514098497005643548178478076656936055131649772988219,72746096627041282295625883977132499223308484281464405542773809263753744061559,0x534049231d37e401067480f9ed7bdb15ec35e9dafcca7267500d9f4b1d2700f1,True,highest-temperature-in-shenzhen-on-april-22-2026-31c,1037.394945,2026-04-20 04:05:58.405984+00:00,False,True,False,2026-04-22T12:00:00Z,"['0.23', '0.77']",398001,highest-temperature-in-shenzhen-on-april-22-2026,Highest temperature in Shenzhen on April 22?
2029821,Will the highest temperature in Shenzhen be 32°C or higher on April 22?,Yes,No,65135109869628706186934686234718799202907048535627066470262011087046861348584,42889194538136939334874717070895624267952704103978782321565651352523520888214,0x8b8326d33d7d75d3aaae1e38c31a932ac2b3efc98f5f46bc1e2b7cf85115589d,True,highest-temperature-in-shenzhen-on-april-22-2026-32corhigher,2948.2491989999994,2026-04-20 04:05:58.507695+00:00,False,True,False,2026-04-22T12:00:00Z,"['0.025', '0.975']",398001,highest-temperature-in-shenzhen-on-april-22-2026,Highest temperature in Shenzhen on April 22?
2029822,Will the highest temperature in Austin be 55°F or below on April 22?,Yes,No,79004272555545517393220480547188377270753811292324605169133035299875087100124,67538181535782029672762561024791101353331050098979964146095308910802844087453,0xf31a84b33190bfe9663c450d183649bd80b012b0f3b945aeacc8c415acc9b112,True,highest-temperature-in-austin-on-april-22-2026-55forbelow,2985.005534,2026-04-20 04:06:01.834594+00:00,False,True,False,2026-04-22T12:00:00Z,"['0.0005', '0.9995']",398002,highest-temperature-in-austin-on-april-22-2026,Highest temperature in Austin on April 22?
2029823,Will the highest temperature in Austin be between 56-57°F on April 22?,Yes,No,108689729143043431571782523040106192862146322532840131214513340019969283815461,41720814124048757131862837633204395067354856449482043118568868469540605166840,0x15a61da258c7cc390b0af99d8513536f7d8b6374a8fcdf3dd4af8ddc03b4b4b1,True,highest-temperature-in-austin-on-april-22-2026-56-57f,1474.2084999999995,2026-04-20 04:06:01.946129+00:00,False,True,False,2026-04-22T12:00:00Z,"['0.0015', '0.9985']",398002,highest-temperature-in-austin-on-april-22-2026,Highest temperature in Austin on April 22?
2029824,Will the highest temperature in Austin be between 58-59°F on April 22?,Yes,No,98262605339616556266116616249288945860394048815801282992919855240962329268367,70285973409508592339570367964732419704945473728818985134033929552408916376920,0xfc3af6d29ac938556d296b072c0728552c62823b26057a24442207090302a9a9,True,highest-temperature-in-austin-on-april-22-2026-58-59f,1970.0534999999995,2026-04-20 04:06:02.054314+00:00,False,True,False,2026-04-22T12:00:00Z,"['0.0005', '0.9995']",398002,highest-temperature-in-austin-on-april-22-2026,Highest temperature in Austin on April 22?
2029825,Will the highest temperature in Austin be between 60-61°F on April 22?,Yes,No,81667570961303655195448135783688841400013664100195331549442914924570936725833,74308861057491802575038683884059478670590141611623300499930955357763321718272,0xb57ee49ab40e412515027e3f81f823efde344ae006aa58239c87c31636c00112,True,highest-temperature-in-austin-on-april-22-2026-60-61f,1701.9189659999995,2026-04-20 04:06:02.163485+00:00,False,True,False,2026-04-22T12:00:00Z,"['0.004', '0.996']",398002,highest-temperature-in-austin-on-april-22-2026,Highest temperature in Austin on April 22?
2029826,Will the highest temperature in Austin be between 62-63°F on April 22?,Yes,No,48757289942579200164217952983289045751792495756465295415121629957853595762761,23602252043052289931188743037822959054907468373794886237295089933034503997210,0xe4249c463a39d3fe10c86c550c01c6c138ff1b35cc348f6194828d71cac6f36c,True,highest-temperature-in-austin-on-april-22-2026-62-63f,3487.67,2026-04-20 04:06:02.269972+00:00,False,True,False,2026-04-22T12:00:00Z,"['0.0005', '0.9995']",398002,highest-temperature-in-austin-on-april-22-2026,Highest temperature in Austin on April 22?
2029827,Will the highest temperature in Austin be between 64-65°F on April 22?,Yes,No,2001414015702704007637251453384955485642729649474714667093370670055097379506,23842447981175636894310597934028408183118698740635331260005544887577376724924,0x0fc73fcf972a65387c83b3c88c33a681675fa7e2ed067b8d65b31018db021e23,True,highest-temperature-in-austin-on-april-22-2026-64-65f,6941.156014999998,2026-04-20 04:06:02.379733+00:00,False,True,False,2026-04-22T12:00:00Z,"['0.0025', '0.9975']",398002,highest-temperature-in-austin-on-april-22-2026,Highest temperature in Austin on April 22?
2029828,Will the highest temperature in Austin be between 66-67°F on April 22?,Yes,No,96963545576152918602276458074886349824402483238681418009680873263543534574787,104662785121561773812684573963969465447368333308291835676282842807040914836948,0x2412895a134e53864bdf00c5bc51f3f9cf568699254485325b18e19c3cb161fe,True,highest-temperature-in-austin-on-april-22-2026-66-67f,6058.560683999997,2026-04-20 04:06:02.488892+00:00,False,True,False,2026-04-22T12:00:00Z,"['0.0015', '0.9985']",398002,highest-temperature-in-austin-on-april-22-2026,Highest temperature in Austin on April 22?
2029829,Will the highest temperature in Austin be between 68-69°F on April 22?,Yes,No,115021700858006150172946913914933515721291284093214824904571992804411865930050,20386308928260906533251672105245514108231273868971690309349457341972429503279,0x4862d2c620b68af6aecd53d0c26d785bfb5f31bf6ca5e832374a29ce902cd538,True,highest-temperature-in-austin-on-april-22-2026-68-69f,3780.633198999999,2026-04-20 04:06:02.596068+00:00,False,True,False,2026-04-22T12:00:00Z,"['0.0015', '0.9985']",398002,highest-temperature-in-austin-on-april-22-2026,Highest temperature in Austin on April 22?
2029830,Will the highest temperature in Austin be between 70-71°F on April 22?,Yes,No,14529539834781013088308825438623556119360464154149771113079022057086573657503,103545394409053145219610533953737003658966436391461325214765275787468121132043,0x007c3aa8601d08fa598f153eca44b7cf746e0de250b29ebde480e207a5e40328,True,highest-temperature-in-austin-on-april-22-2026-70-71f,1297.3060660000003,2026-04-20 04:06:02.702537+00:00,False,True,False,2026-04-22T12:00:00Z,"['0.0015', '0.9985']",398002,highest-temperature-in-austin-on-april-22-2026,Highest temperature in Austin on April 22?
2029831,Will the highest temperature in Austin be between 72-73°F on April 22?,Yes,No,28730313579298297866540126973313384969600930580315673810055244853800598845317,19080000530056420886561898068957700870016323026511351888535528523458905888951,0x80025f83fad32ee61ac5acde9581206e1e632ce50716825279734eb5f62ae9c2,True,highest-temperature-in-austin-on-april-22-2026-72-73f,1120.7875739999997,2026-04-20 04:06:02.810078+00:00,False,True,False,2026-04-22T12:00:00Z,"['0.0135', '0.9865']",398002,highest-temperature-in-austin-on-april-22-2026,Highest temperature in Austin on April 22?
2029832,Will the highest temperature in Austin be 74°F or higher on April 22?,Yes,No,52232651299911602722702296058803917678944761120798597022233683896442720194923,107453043704580666066949237944205044337968277641229485067578991313702589465496,0x271360edecb77df6b2add09c4cdab7be4b3563c6afb6ca128497c2f2eb9bc159,True,highest-temperature-in-austin-on-april-22-2026-74forhigher,1802.9819329999998,2026-04-20 04:06:02.920718+00:00,False,True,False,2026-04-22T12:00:00Z,"['0.9795', '0.0205']",398002,highest-temperature-in-austin-on-april-22-2026,Highest temperature in Austin on April 22?
2029833,Will the highest temperature in Denver be 45°F or below on April 22?,Yes,No,62660656998197257897729966921578834516585051175429199602507352560427216950595,4687060255723991475631860298092544738559295866236967021649934947876737494770,0xc088d87ff3a5084d37194631929aec61230aed70298126a6eceeb5d62d77d3c8,True,highest-temperature-in-denver-on-april-22-2026-45forbelow,1842.6479989999993,2026-04-20 04:06:07.329938+00:00,False,True,False,2026-04-22T12:00:00Z,"['0.0005', '0.9995']",398003,highest-temperature-in-denver-on-april-22-2026,Highest temperature in Denver on April 22?
2029834,Will the highest temperature in Denver be between 46-47°F on April 22?,Yes,No,77054813839825817500781914847426837514768351673062953074374546868348726940447,11716330827817135983779078360006764075145041879731105942808862526049552220591,0x1f5b154f5b0b1cf52657f8976f731f4a9cd392f0c2720310189c7799673926e8,True,highest-temperature-in-denver-on-april-22-2026-46-47f,1090.055,2026-04-20 04:06:07.433563+00:00,False,True,False,2026-04-22T12:00:00Z,"['0.0005', '0.9995']",398003,highest-temperature-in-denver-on-april-22-2026,Highest temperature in Denver on April 22?
2029835,Will the highest temperature in Denver be between 48-49°F on April 22?,Yes,No,57702225172055875038321115709187949264028976627863742496016067171054509624706,90979014460720095491183390144651722375791321487073439159092888348363156887015,0x99f5219cb546492665c99682d9f7f39296e8e0efc23b641811bd6b47cf6ef4a0,True,highest-temperature-in-denver-on-april-22-2026-48-49f,854.844,2026-04-20 04:06:07.535368+00:00,False,True,False,2026-04-22T12:00:00Z,"['0.0005', '0.9995']",398003,highest-temperature-in-denver-on-april-22-2026,Highest temperature in Denver on April 22?
2029836,Will the highest temperature in Denver be between 50-51°F on April 22?,Yes,No,9364341442398066678311807680726135311448047068253476768545158657877503315606,27633328756134536493920874089836084588550088482113084987707675037898988544146,0x414d2f57085535838da47e293302e7f27bb46537ac0005ce56904f5126459a76,True,highest-temperature-in-denver-on-april-22-2026-50-51f,1071.9450000000002,2026-04-20 04:06:07.639155+00:00,False,True,False,2026-04-22T12:00:00Z,"['0.0005', '0.9995']",398003,highest-temperature-in-denver-on-april-22-2026,Highest temperature in Denver on April 22?
2029837,Will the highest temperature in Denver be between 52-53°F on April 22?,Yes,No,75956969486271373629117822165351798405385003527431559452871229204909866440443,17806408597894085778796776398454942387021038654414122115702663250638977001136,0xe3e6a43b8742fe32c3de4a6b92a93129ec93746a611a88294851c1c78631a590,True,highest-temperature-in-denver-on-april-22-2026-52-53f,2468.1620000000003,2026-04-20 04:06:07.742266+00:00,False,True,False,2026-04-22T12:00:00Z,"['0.0005', '0.9995']",398003,highest-temperature-in-denver-on-april-22-2026,Highest temperature in Denver on April 22?
2029838,Will the highest temperature in Denver be between 54-55°F on April 22?,Yes,No,50779943399993080582058074921344404232180837952582413430842157382909131825449,59090608530484191186084717282176170628949120151635342848953736290194186348826,0xdab6222e5f2df56931416e7b77b0f60a2310f4e68ca67b474353c1466bc24134,True,highest-temperature-in-denver-on-april-22-2026-54-55f,1201.1036659999995,2026-04-20 04:06:07.843004+00:00,False,True,False,2026-04-22T12:00:00Z,"['0.0005', '0.9995']",398003,highest-temperature-in-denver-on-april-22-2026,Highest temperature in Denver on April 22?
2029839,Will the highest temperature in Denver be between 56-57°F on April 22?,Yes,No,94780508742445391330061062079678276024376436851023082785211452028197453521788,41511424842832376160870852041906979096064789076010596035432257731988959021432,0xcbac7b6513c7c9a08b95150e2e05d535085aa41dc206e6a56c1114d2b7efc2ac,True,highest-temperature-in-denver-on-april-22-2026-56-57f,1731.911,2026-04-20 04:06:07.948507+00:00,False,True,False,2026-04-22T12:00:00Z,"['0.0005', '0.9995']",398003,highest-temperature-in-denver-on-april-22-2026,Highest temperature in Denver on April 22?
2029840,Will the highest temperature in Denver be between 58-59°F on April 22?,Yes,No,95530540342320963439346516458264678577691263212373600827010925417831802766836,32677471469263716006800382115060217727392890404017962406159202044402420077192,0x1c7e43642baca754d9c16705f5f3129cfb83dedb2302363f5412f3ec60629028,True,highest-temperature-in-denver-on-april-22-2026-58-59f,1372.0579999999995,2026-04-20 04:06:08.057804+00:00,False,True,False,2026-04-22T12:00:00Z,"['0.0005', '0.9995']",398003,highest-temperature-in-denver-on-april-22-2026,Highest temperature in Denver on April 22?
2029841,Will the highest temperature in Denver be between 60-61°F on April 22?,Yes,No,259646144386279365674203679997578774901352670070779415851217142390823674237,93655499656236456782789917257886465797501475325337626302894480905356649749448,0xc5e201834c2f8dd96cf71cd9df5eab67b29f4a705bb703a2ccece75f73b185b4,True,highest-temperature-in-denver-on-april-22-2026-60-61f,1195.9984,2026-04-20 04:06:08.162773+00:00,False,True,False,2026-04-22T12:00:00Z,"['0.0005', '0.9995']",398003,highest-temperature-in-denver-on-april-22-2026,Highest temperature in Denver on April 22?
2029842,Will the highest temperature in Denver be between 62-63°F on April 22?,Yes,No,75581870350749625073159023915915705511830561251082239606064387430054547690091,50586881166485545432881428751680827463601491186732566465942457573216610537491,0x5097b41ec9292b3ec85eab22c77f94b11b35904411c8a1f52a0df8c076ee48c9,True,highest-temperature-in-denver-on-april-22-2026-62-63f,2396.8963999999996,2026-04-20 04:06:08.268388+00:00,False,True,False,2026-04-22T12:00:00Z,"['0.0005', '0.9995']",398003,highest-temperature-in-denver-on-april-22-2026,Highest temperature in Denver on April 22?
2029843,Will the highest temperature in Denver be 64°F or higher on April 22?,Yes,No,90666573734664777588451064158373715428901628359161045703005197023230220402842,49130264930549578801070632963063458240056095208763941846896703768063422325396,0xccd40af3c0ae030419ee7ddf39c0a17d665b71d0971f1766bb8f7b2809e5bf94,True,highest-temperature-in-denver-on-april-22-2026-64forhigher,9561.333168,2026-04-20 04:06:08.373084+00:00,False,True,False,2026-04-22T12:00:00Z,"['0.9955', '0.0045']",398003,highest-temperature-in-denver-on-april-22-2026,Highest temperature in Denver on April 22?
2029844,Will the highest temperature in Houston be 57°F or below on April 22?,Yes,No,56994190048052718521995093106893651529744685103492979287975158112923497548411,77204555699916857588665321976178971953979000974156171059516541987588503225627,0xee693680a4ca73380374bc45f7cd8f4673fda9b1e3e10b7a7528372c8316addc,True,highest-temperature-in-houston-on-april-22-2026-57forbelow,7286.967966999998,2026-04-20 04:06:12.701320+00:00,False,True,False,2026-04-22T12:00:00Z,"['0.0015', '0.9985']",398004,highest-temperature-in-houston-on-april-22-2026,Highest temperature in Houston on April 22?
2029845,Will the highest temperature in Houston be between 58-59°F on April 22?,Yes,No,107106838010080306631216311783090769541847327899537520901725814630218895421868,70095686491096235971998992735480355197443709067340932180333432179070926063936,0xd0d9fb726cc73229043f5cf818d4c8ee9cbee18bfafde1a7fc0da2f8d8e2526c,True,highest-temperature-in-houston-on-april-22-2026-58-59f,1015.7894109999999,2026-04-20 04:06:12.804997+00:00,False,True,False,2026-04-22T12:00:00Z,"['0.0005', '0.9995']",398004,highest-temperature-in-houston-on-april-22-2026,Highest temperature in Houston on April 22?
2029846,Will the highest temperature in Houston be between 60-61°F on April 22?,Yes,No,53492709467450465071635421489243884184839255614699083136227929145642250420847,19444713120647096117974635768880101831413163588025445948499652051410742553300,0xadc988a20fb5e34da5016891f55c38bc530369d808014f08a78f46334373ae03,True,highest-temperature-in-houston-on-april-22-2026-60-61f,2952.0799999999977,2026-04-20 04:06:12.905029+00:00,False,True,False,2026-04-22T12:00:00Z,"['0.0005', '0.9995']",398004,highest-temperature-in-houston-on-april-22-2026,Highest temperature in Houston on April 22?
2029847,Will the highest temperature in Houston be between 62-63°F on April 22?,Yes,No,37839830077998460026596322599050711035124716466222876397806977906123086517469,65775645475559596313842159535025670012983191593051020937066195940437974030154,0x6ab97eee58993d7d0ba29587c20f9d80dff9f40404b0f48acb1346dba6f755a2,True,highest-temperature-in-houston-on-april-22-2026-62-63f,4879.3889629999985,2026-04-20 04:06:13.007480+00:00,False,True,False,2026-04-22T12:00:00Z,"['0.0015', '0.9985']",398004,highest-temperature-in-houston-on-april-22-2026,Highest temperature in Houston on April 22?
2029848,Will the highest temperature in Houston be between 64-65°F on April 22?,Yes,No,10962579341970945693067007498900832646280927375842976231231653718250833694379,41305977296339517338699549552523137265500485765364884831882242719489073920928,0xcc0ccc648fc51de015b52194b1301c60e15439ed9bc3e405c99ae5520e81e8db,True,highest-temperature-in-houston-on-april-22-2026-64-65f,1771.8770000000002,2026-04-20 04:06:13.108826+00:00,False,True,False,2026-04-22T12:00:00Z,"['0.0015', '0.9985']",398004,highest-temperature-in-houston-on-april-22-2026,Highest temperature in Houston on April 22?
2029849,Will the highest temperature in Houston be between 66-67°F on April 22?,Yes,No,94821457604113606005365779223675813886922079491362054753058802683850255013639,72579936591604416475846243378526655126895997353967046750974516564464938655121,0x45c3a77b5c349c11fa11797e5bd6f9633bce43ec7cfb068b10c9a1ed21779335,True,highest-temperature-in-houston-on-april-22-2026-66-67f,3612.658070999998,2026-04-20 04:06:13.211088+00:00,False,True,False,2026-04-22T12:00:00Z,"['0.0015', '0.9985']",398004,highest-temperature-in-houston-on-april-22-2026,Highest temperature in Houston on April 22?
2029850,Will the highest temperature in Houston be between 68-69°F on April 22?,Yes,No,41747690274247867056562968904276771695264449439672646390104604016616042391837,14859761599397785227311434899881031912559145030638143198007574578428477948264,0xc3bd01d05bddcf64018514b4501108f4f2748b6a4d262cef7a1326e653722c0e,True,highest-temperature-in-houston-on-april-22-2026-68-69f,1752.7632089999997,2026-04-20 04:06:13.314153+00:00,False,True,False,2026-04-22T12:00:00Z,"['0.0065', '0.9935']",398004,highest-temperature-in-houston-on-april-22-2026,Highest temperature in Houston on April 22?
2029851,Will the highest temperature in Houston be between 70-71°F on April 22?,Yes,No,20844453771648981830461186067591369879799336416336505770232443700190428034511,55975052670960331786385035267926330559766869787094046341732430864793078517252,0x00c0ddca59beddf468df03a353fa7c15dd8592bf5e9db2bfacbc3c577323551b,True,highest-temperature-in-houston-on-april-22-2026-70-71f,2865.551593,2026-04-20 04:06:13.413532+00:00,False,True,False,2026-04-22T12:00:00Z,"['0.0135', '0.9865']",398004,highest-temperature-in-houston-on-april-22-2026,Highest temperature in Houston on April 22?
2029852,Will the highest temperature in Houston be between 72-73°F on April 22?,Yes,No,89932104839979712738895025600203905004641454273763942214182871519245153028974,115274818090347203732576256216489353274277332905736436842459567048853848348396,0x267b8aa2309d98ce53382555e0a012a9dfb788a752e7622a28f8e159552f7a75,True,highest-temperature-in-houston-on-april-22-2026-72-73f,2434.680163,2026-04-20 04:06:13.544508+00:00,False,True,False,2026-04-22T12:00:00Z,"['0.019', '0.981']",398004,highest-temperature-in-houston-on-april-22-2026,Highest temperature in Houston on April 22?
2029853,Will the highest temperature in Houston be between 74-75°F on April 22?,Yes,No,5053881490865182368471662195573746213468895743537453758675198065986429135480,95840949346057354980771510121089411670124407453797546319001425043976719176133,0xb12c904765df947d02d3127ec8e6a62fda6179520a73c21c8117147bf13163b7,True,highest-temperature-in-houston-on-april-22-2026-74-75f,1288.0153449999996,2026-04-20 04:06:13.647028+00:00,False,True,False,2026-04-22T12:00:00Z,"['0.085', '0.915']",398004,highest-temperature-in-houston-on-april-22-2026,Highest temperature in Houston on April 22?
2029854,Will the highest temperature in Houston be 76°F or higher on April 22?,Yes,No,79292689389163042999978772115136780928079549720425436542533093970480125682727,64914197121198732616902341220942093705699982614378375672078169743993018796808,0xcd65349a5df9e4dc133842b8d0b91118685ef55503b4f753031b361b50e6ad4a,True,highest-temperature-in-houston-on-april-22-2026-76forhigher,2710.4407750000023,2026-04-20 04:06:13.751324+00:00,False,True,False,2026-04-22T12:00:00Z,"['0.84', '0.16']",398004,highest-temperature-in-houston-on-april-22-2026,Highest temperature in Houston on April 22?
2029855,Will the highest temperature in Los Angeles be 55°F or below on April 22?,Yes,No,28832944445525454499401392623794752875419607011315037330903065978691665851413,115457917770102531485218539055160811505862565274093807852401774150883773310129,0xa9ef055f3a1b740a1afcfa988ab8fe64771f92f1533219edb74efe890d1e5d06,True,highest-temperature-in-los-angeles-on-april-22-2026-55forbelow,2369.055300000001,2026-04-20 04:06:17.265919+00:00,False,True,False,2026-04-22T12:00:00Z,"['0.0005', '0.9995']",398005,highest-temperature-in-los-angeles-on-april-22-2026,Highest temperature in Los Angeles on April 22?
2029856,Will the highest temperature in Los Angeles be between 56-57°F on April 22?,Yes,No,115593894542751404390019645127639546482115531511392363293178102077292668383593,31241081070838348943300343263595456440532896223818972801128688003236256786893,0x5101319f26078828a00efa8ebcbb31de222021ef91870e8fd03a15bac25ceace,True,highest-temperature-in-los-angeles-on-april-22-2026-56-57f,2490.213,2026-04-20 04:06:17.369291+00:00,False,True,False,2026-04-22T12:00:00Z,"['0.0005', '0.9995']",398005,highest-temperature-in-los-angeles-on-april-22-2026,Highest temperature in Los Angeles on April 22?
2029857,Will the highest temperature in Los Angeles be between 58-59°F on April 22?,Yes,No,59112971826802351007978344789917181720873446300509708595086775715132429596791,42565553422322017111435435724059014767952156557523208980895479919528787876069,0x525c2f4a65aecc8e3a5e41ec882108828a14a3024231bbb613baf5ef5a114d59,True,highest-temperature-in-los-angeles-on-april-22-2026-58-59f,2267.218,2026-04-20 04:06:17.471770+00:00,False,True,False,2026-04-22T12:00:00Z,"['0.0005', '0.9995']",398005,highest-temperature-in-los-angeles-on-april-22-2026,Highest temperature in Los Angeles on April 22?
2029858,Will the highest temperature in Los Angeles be between 60-61°F on April 22?,Yes,No,6831603600722506895286077174599187502998741319204763404225342509000284455309,8361653712015927827313271373844497118013797790274217135825335277099228497349,0xd35b42cfe803a47cae4dd7acdb8923511a6518fc51acd4a17bc080dd18a9034a,True,highest-temperature-in-los-angeles-on-april-22-2026-60-61f,1991.0837960000001,2026-04-20 04:06:17.572603+00:00,False,True,False,2026-04-22T12:00:00Z,"['0.0045', '0.9955']",398005,highest-temperature-in-los-angeles-on-april-22-2026,Highest temperature in Los Angeles on April 22?
2029859,Will the highest temperature in Los Angeles be between 62-63°F on April 22?,Yes,No,12766923590340492584717629448144938164586293038726793098266585606243170676539,97673063570839749301994625563060736462312228766305503091989732446677253019514,0xcddebdebf8c49aeed93c06dddb041e2139dc7270059a5892b13fe4a483b8d6bb,True,highest-temperature-in-los-angeles-on-april-22-2026-62-63f,1086.087761,2026-04-20 04:06:17.674235+00:00,False,True,False,2026-04-22T12:00:00Z,"['0.0145', '0.9855']",398005,highest-temperature-in-los-angeles-on-april-22-2026,Highest temperature in Los Angeles on April 22?
2029860,Will the highest temperature in Los Angeles be between 64-65°F on April 22?,Yes,No,20113588903107505694186085764447219206624410894862014181713201291090419776546,88037991239820184992251375442396714555667908406666779179271541421633987043093,0xb7fe301d0b95e059c8684d250fc4a4e6c75d14de7e72c702133dfc37224e4b49,True,highest-temperature-in-los-angeles-on-april-22-2026-64-65f,652.3566159999999,2026-04-20 04:06:17.774435+00:00,False,True,False,2026-04-22T12:00:00Z,"['0.19', '0.81']",398005,highest-temperature-in-los-angeles-on-april-22-2026,Highest temperature in Los Angeles on April 22?
2029861,Will the highest temperature in Los Angeles be between 66-67°F on April 22?,Yes,No,10814234507376441232322187753223731262872366955254835368994773336573513945451,86652215687181753339228979182518456596110714688697047689893160888194304084447,0x37d05836dc8cec71fe6e0988ee6276344d3eb4de7658f1b1022c5cdf5c3f5fe0,True,highest-temperature-in-los-angeles-on-april-22-2026-66-67f,545.2289129999999,2026-04-20 04:06:17.872648+00:00,False,True,False,2026-04-22T12:00:00Z,"['0.34', '0.66']",398005,highest-temperature-in-los-angeles-on-april-22-2026,Highest temperature in Los Angeles on April 22?
2029862,Will the highest temperature in Los Angeles be between 68-69°F on April 22?,Yes,No,98390980948443648460117319163913895098510998045158216103086080245580851323148,93342426259880479722114464492455226453565391245022474499488973138967212770101,0x1f7a4f81bbba966b4b5e71760646b9754fb6fea09312fb5f00daa5356a063048,True,highest-temperature-in-los-angeles-on-april-22-2026-68-69f,1049.181425,2026-04-20 04:06:17.975567+00:00,False,True,False,2026-04-22T12:00:00Z,"['0.36', '0.64']",398005,highest-temperature-in-los-angeles-on-april-22-2026,Highest temperature in Los Angeles on April 22?
2029863,Will the highest temperature in Los Angeles be between 70-71°F on April 22?,Yes,No,91148724068199275094223426315193511133212253679844731803992862346107308205063,97237212330391042902650293726196493848156142466349369261765039979248614835582,0x33a75a390b14f26623d485b0f3b370388c7878254e840d59383bc19a8329fde2,True,highest-temperature-in-los-angeles-on-april-22-2026-70-71f,427.8921439999999,2026-04-20 04:06:18.075675+00:00,False,True,False,2026-04-22T12:00:00Z,"['0.12', '0.88']",398005,highest-temperature-in-los-angeles-on-april-22-2026,Highest temperature in Los Angeles on April 22?
2029864,Will the highest temperature in Los Angeles be between 72-73°F on April 22?,Yes,No,91855012547306320879085383730522484264746395353449562871171146412508124326641,1564370701038922973502982829226662468994761899571261462633641711870703113508,0x93fc31bdfd7a85416ad4a6635b323d50ab3989f210430a5ee6a542039611d0b6,True,highest-temperature-in-los-angeles-on-april-22-2026-72-73f,846.3812,2026-04-20 04:06:18.174461+00:00,False,True,False,2026-04-22T12:00:00Z,"['0.0205', '0.9795']",398005,highest-temperature-in-los-angeles-on-april-22-2026,Highest temperature in Los Angeles on April 22?
2029865,Will the highest temperature in Los Angeles be 74°F or higher on April 22?,Yes,No,32483323350936173411997334544245344556625274849994087746297048200781057702892,10487233051876603978274940442556701451938121091057751752117649302329358832776,0x71f1bd2f81f3596a5f56ae502ab8b917a2cfa4b2fc6964ab300911b290cb98fc,True,highest-temperature-in-los-angeles-on-april-22-2026-74forhigher,802.70493,2026-04-20 04:06:18.273698+00:00,False,True,False,2026-04-22T12:00:00Z,"['0.008', '0.992']",398005,highest-temperature-in-los-angeles-on-april-22-2026,Highest temperature in Los Angeles on April 22?
2029866,Will the highest temperature in San Francisco be 53°F or below on April 22?,Yes,No,37955731497468215850243782671229818926974226441603472881121122829061279937666,68741296457694433769325474172324408069312746448230953356588053562191824288852,0x3ce89b9730eecca05e6682e3a225aefec18dd2d249d7cb47b4e97739ad69eb01,True,highest-temperature-in-san-francisco-on-april-22-2026-53forbelow,871.8785,2026-04-20 04:06:21.418754+00:00,False,True,False,2026-04-22T12:00:00Z,"['0.0015', '0.9985']",398006,highest-temperature-in-san-francisco-on-april-22-2026,Highest temperature in San Francisco on April 22?
2029867,Will the highest temperature in San Francisco be between 54-55°F on April 22?,Yes,No,73671742246449593179771948195194677517804795544482743993167040069284114911511,100534449286794102209735313718191901839593822151535589067671375435394382511259,0x1706158083f085a1d851690b43c35efdc2a561ab7636a42ba73de276bde8b229,True,highest-temperature-in-san-francisco-on-april-22-2026-54-55f,548.54118,2026-04-20 04:06:21.519974+00:00,False,True,False,2026-04-22T12:00:00Z,"['0.006', '0.994']",398006,highest-temperature-in-san-francisco-on-april-22-2026,Highest temperature in San Francisco on April 22?
2029868,Will the highest temperature in San Francisco be between 56-57°F on April 22?,Yes,No,107691920715015422644098235904390391828007162274112172065522071905383184007183,9366593796912325768938302521446969096545598765805589361686712613386833880386,0x3ee7c9683970c5b993cc952baad96cac784702407d1bb26eefecc533353f5c99,True,highest-temperature-in-san-francisco-on-april-22-2026-56-57f,831.5169779999998,2026-04-20 04:06:21.624914+00:00,False,True,False,2026-04-22T12:00:00Z,"['0.0155', '0.9845']",398006,highest-temperature-in-san-francisco-on-april-22-2026,Highest temperature in San Francisco on April 22?
2029869,Will the highest temperature in San Francisco be between 58-59°F on April 22?,Yes,No,32168023651073746920106759663296689378161786338564982199863018610927992870645,59501483608853185024193405742250306137059214026047929234074097690447871255351,0xc8bc96fcaec45bf7cc35ce74a60b20aa022d430ea85392f5ffae47729b03e2c5,True,highest-temperature-in-san-francisco-on-april-22-2026-58-59f,903.689625,2026-04-20 04:06:21.903007+00:00,False,True,False,2026-04-22T12:00:00Z,"['0.038', '0.962']",398006,highest-temperature-in-san-francisco-on-april-22-2026,Highest temperature in San Francisco on April 22?
2029870,Will the highest temperature in San Francisco be between 60-61°F on April 22?,Yes,No,5319995544608955143252774736477825735551764665089630391721297197409960922094,22000472213325822891050402068255668936317561998438200840753091409145003494264,0x7f10b8c5ecd90c49020a426d83e6618f8d5704eca010c0589126999721ab7a2b,True,highest-temperature-in-san-francisco-on-april-22-2026-60-61f,623.9293630000001,2026-04-20 04:06:22.016425+00:00,False,True,False,2026-04-22T12:00:00Z,"['0.135', '0.865']",398006,highest-temperature-in-san-francisco-on-april-22-2026,Highest temperature in San Francisco on April 22?
2029871,Will the highest temperature in San Francisco be between 62-63°F on April 22?,Yes,No,44220183934716309723745710621497187442402577021015915316573448044570985276327,7856374631156243622850333845068644680423700296938883015951992557799999415862,0x06304f9cdd38ac64a7ca3936aabe2999a0b64fa340c2292503d71db7cf5bda5a,True,highest-temperature-in-san-francisco-on-april-22-2026-62-63f,475.793103,2026-04-20 04:06:22.115518+00:00,False,True,False,2026-04-22T12:00:00Z,"['0.44', '0.56']",398006,highest-temperature-in-san-francisco-on-april-22-2026,Highest temperature in San Francisco on April 22?
2029872,Will the highest temperature in San Francisco be between 64-65°F on April 22?,Yes,No,26276181997271351594632722563021727792729025211193105974252440818711978335751,79591947180001585296697596127415844191526337246339718381019381708028404599460,0xc9b46cc1516001a668fcad1c57ddcfa471a36d5f427cbe879ea2389fcdc9952d,True,highest-temperature-in-san-francisco-on-april-22-2026-64-65f,728.4885889999999,2026-04-20 04:06:22.215649+00:00,False,True,False,2026-04-22T12:00:00Z,"['0.35', '0.65']",398006,highest-temperature-in-san-francisco-on-april-22-2026,Highest temperature in San Francisco on April 22?
2029873,Will the highest temperature in San Francisco be between 66-67°F on April 22?,Yes,No,48233408857072223979573962901795648863944020123877958893764601457286447590284,99790224709534672923108008790190374880554739059399611641716116956052023060623,0xd9f6cfc73ac322679b4edb2d4f85b42b1d0ae58b51ac553136c2985141951d75,True,highest-temperature-in-san-francisco-on-april-22-2026-66-67f,901.5259560000001,2026-04-20 04:06:22.316691+00:00,False,True,False,2026-04-22T12:00:00Z,"['0.0505', '0.9495']",398006,highest-temperature-in-san-francisco-on-april-22-2026,Highest temperature in San Francisco on April 22?
2029874,Will the highest temperature in San Francisco be between 68-69°F on April 22?,Yes,No,22984484436883402369492018162065951049104003889304222201749017406346446163644,84789633317640106030181819519847872983091400412472917993602376214963393362558,0x4fe8c674854a52ed8d27f9f9544f01f03da2fcac9ae1e08b7727a59fd4eb8e0a,True,highest-temperature-in-san-francisco-on-april-22-2026-68-69f,599.7456830000003,2026-04-20 04:06:22.414821+00:00,False,True,False,2026-04-22T12:00:00Z,"['0.0175', '0.9825']",398006,highest-temperature-in-san-francisco-on-april-22-2026,Highest temperature in San Francisco on April 22?
2029875,Will the highest temperature in San Francisco be between 70-71°F on April 22?,Yes,No,46186107449369291481445472545317879539563692837311864483619504840706040986889,11785465116386629114714685917992232031693297297219981376631691848474391093959,0xbd51b8cd6bc91d0a230f1320217d5ed3e926683b2414673388165180576217a2,True,highest-temperature-in-san-francisco-on-april-22-2026-70-71f,434.2625,2026-04-20 04:06:22.512648+00:00,False,True,False,2026-04-22T12:00:00Z,"['0.006', '0.994']",398006,highest-temperature-in-san-francisco-on-april-22-2026,Highest temperature in San Francisco on April 22?
2029876,Will the highest temperature in San Francisco be 72°F or higher on April 22?,Yes,No,40076143990673481446152775585738420143643438307474768682242225876909524537718,82515705319888218261787071253079881922814617272539022746768572523093019633182,0xdc240da1934343f7bece5416b1843d297473dd71b4bf933ecf06f178c2c66300,True,highest-temperature-in-san-francisco-on-april-22-2026-72forhigher,955.7286970000001,2026-04-20 04:06:22.612750+00:00,False,True,False,2026-04-22T12:00:00Z,"['0.0025', '0.9975']",398006,highest-temperature-in-san-francisco-on-april-22-2026,Highest temperature in San Francisco on April 22?
2029877,Will the highest temperature in Moscow be 6°C or below on April 22?,Yes,No,19126521543099707797382297164052661947948462234336936077301508057921987555003,82868700313775887305073264177358516812706585269472830294494509592066128900454,0x42c393a7b944f2e12c346e5026338c428e445a8e12aa3316727a603f5a025326,True,highest-temperature-in-moscow-on-april-22-2026-6corbelow,3486.4117109999984,2026-04-20 04:06:25.598683+00:00,False,True,False,2026-04-22T12:00:00Z,"['0.0015', '0.9985']",398007,highest-temperature-in-moscow-on-april-22-2026,Highest temperature in Moscow on April 22?
2029878,Will the highest temperature in Moscow be 7°C on April 22?,Yes,No,71193695283689051433754989961615777252427873682909801650660336755017018386146,35814523998258520998999294370565195893119507973810945640113487099524568813882,0x96aecc13bdb3227b17a7435141aa9a73f3719de65b9adc3509a36a90766b78bc,True,highest-temperature-in-moscow-on-april-22-2026-7c,1339.2107439999997,2026-04-20 04:06:26.828844+00:00,False,True,False,2026-04-22T12:00:00Z,"['0.0015', '0.9985']",398007,highest-temperature-in-moscow-on-april-22-2026,Highest temperature in Moscow on April 22?
2029879,Will the highest temperature in Moscow be 8°C on April 22?,Yes,No,13884280594436345708327828604398913345270029176928090055689736758512733926790,90130620014485376710623752457042155052060663541620818326139063489696088897655,0x733c9d9269c89dfed21c70a8a910d3335d3f3fc0389c465097a870992b64b54c,True,highest-temperature-in-moscow-on-april-22-2026-8c,2354.1484769999997,2026-04-20 04:06:26.930258+00:00,False,True,False,2026-04-22T12:00:00Z,"['0.0025', '0.9975']",398007,highest-temperature-in-moscow-on-april-22-2026,Highest temperature in Moscow on April 22?
2029880,Will the highest temperature in Moscow be 9°C on April 22?,Yes,No,37267291165619448276518048713766857171025988991588116716627448291735725779416,40676959315578159646383282665754514011567220208081924555084592449632976369907,0xee4465110f211f0445abc65cc225859a06694ceb4add25c8e268739a45c36591,True,highest-temperature-in-moscow-on-april-22-2026-9c,1388.3995810000001,2026-04-20 04:06:27.031679+00:00,False,True,False,2026-04-22T12:00:00Z,"['0.015', '0.985']",398007,highest-temperature-in-moscow-on-april-22-2026,Highest temperature in Moscow on April 22?
2029881,Will the highest temperature in Moscow be 10°C on April 22?,Yes,No,104757241764988797001376708956190322605369206956762720630927696692609272380269,82808066451624393180766654525944758247948837456575477916503003082167939039677,0x62b2ece2e21dd4e4dfed208f846ca24f1bba53b3f30bab654b465e167aa5b289,True,highest-temperature-in-moscow-on-april-22-2026-10c,930.1324330000002,2026-04-20 04:06:27.130865+00:00,False,True,False,2026-04-22T12:00:00Z,"['0.045', '0.955']",398007,highest-temperature-in-moscow-on-april-22-2026,Highest temperature in Moscow on April 22?
2029882,Will the highest temperature in Moscow be 11°C on April 22?,Yes,No,2876215449081601574554613790215105504012854689824785168565423324902648570258,75512044937532001028994689425925453958268410310053506881938000878360060061979,0xc6b860b186722702570ee8bafe41766461de838c945676407b8aa88acab5adcd,True,highest-temperature-in-moscow-on-april-22-2026-11c,1011.883454,2026-04-20 04:06:27.231849+00:00,False,True,False,2026-04-22T12:00:00Z,"['0.185', '0.815']",398007,highest-temperature-in-moscow-on-april-22-2026,Highest temperature in Moscow on April 22?
2029883,Will the highest temperature in Moscow be 12°C on April 22?,Yes,No,34608005246065327976179767175004065302283772962403349756389887325384411854584,32092626433688687364558302148191247312109334081639586483707417366391894160860,0x7b0ae5fd22fbe023335f87ce40b5932d9b3e811c465842d69ffebd83c13cefa1,True,highest-temperature-in-moscow-on-april-22-2026-12c,1180.687076,2026-04-20 04:06:27.333019+00:00,False,True,False,2026-04-22T12:00:00Z,"['0.275', '0.725']",398007,highest-temperature-in-moscow-on-april-22-2026,Highest temperature in Moscow on April 22?
2029884,Will the highest temperature in Moscow be 13°C on April 22?,Yes,No,59872187133887895922217123450575871449341256421113957426766412387999789427378,91263579883054421777473719042174931841245188821070200876267717186589213867827,0x2cc0260fe5c525205f94e478bac281f84a9143dbe3d73c6b0c0c3acc6795674a,True,highest-temperature-in-moscow-on-april-22-2026-13c,1127.3569929999999,2026-04-20 04:06:27.432414+00:00,False,True,False,2026-04-22T12:00:00Z,"['0.35', '0.65']",398007,highest-temperature-in-moscow-on-april-22-2026,Highest temperature in Moscow on April 22?
2029885,Will the highest temperature in Moscow be 14°C on April 22?,Yes,No,63937406640059150065897685488214287606024361259066025992808726686774128018873,35074942617421051800272539734257946523075397699573789406984022780797616110643,0xa7a577a6dcdce06b04d493c8435f2bfc65d791a365b3a93a599dc925dbdcb1e9,True,highest-temperature-in-moscow-on-april-22-2026-14c,1122.056833,2026-04-20 04:06:27.532564+00:00,False,True,False,2026-04-22T12:00:00Z,"['0.135', '0.865']",398007,highest-temperature-in-moscow-on-april-22-2026,Highest temperature in Moscow on April 22?
2029886,Will the highest temperature in Moscow be 15°C on April 22?,Yes,No,49407842627440586248544265393741618629707634217104725586842184749858917609750,99305088303340975514782241793864486495036382927344668836610703179931394882992,0x7d027a132bd9b401ae73c2ddf49e87e6918a9acc0890572ce76c33224063a660,True,highest-temperature-in-moscow-on-april-22-2026-15c,1432.0448970000002,2026-04-20 04:06:27.633150+00:00,False,True,False,2026-04-22T12:00:00Z,"['0.032', '0.968']",398007,highest-temperature-in-moscow-on-april-22-2026,Highest temperature in Moscow on April 22?
2029887,Will the highest temperature in Moscow be 16°C or higher on April 22?,Yes,No,100748144483049991102121329831526909049048863995250572052718655752210647931215,88418838652160453118002271565657430033272162469673779105258344219339588476402,0x47a92f828d7170c11263ecb03a5629dd6683ca041389680916894c1d5455b522,True,highest-temperature-in-moscow-on-april-22-2026-16corhigher,1501.8465939999999,2026-04-20 04:06:27.733118+00:00,False,True,False,2026-04-22T12:00:00Z,"['0.0205', '0.9795']",398007,highest-temperature-in-moscow-on-april-22-2026,Highest temperature in Moscow on April 22?
2029888,Will the highest temperature in Istanbul be 6°C or below on April 22?,Yes,No,102762086570864595479185832715805417188634140119740876259457159416582373425089,22582597006761558722147353369262064092023279289663868481613536662435826078570,0xcff45795301c2df112fe1d81a5d0c96a8b95cbd1a1fb6e46ca6193e757dfa036,True,highest-temperature-in-istanbul-on-april-22-2026-6corbelow,207.53375,2026-04-20 04:06:31.079215+00:00,False,True,False,2026-04-22T12:00:00Z,"['0.0035', '0.9965']",398008,highest-temperature-in-istanbul-on-april-22-2026,Highest temperature in Istanbul on April 22?
2029889,Will the highest temperature in Istanbul be 7°C on April 22?,Yes,No,77530700013497419388369536047594576923906224986385112776649081945777457527858,111361215803957432354386430294746568617521790912949437276262395142208861512735,0x6e3e46bf4c0dc3c8da4c659b82b2f54e544e1a8d5fd200a38f360b6af63d843c,True,highest-temperature-in-istanbul-on-april-22-2026-7c,356.250582,2026-04-20 04:06:31.178501+00:00,False,True,False,2026-04-22T12:00:00Z,"['0.004', '0.996']",398008,highest-temperature-in-istanbul-on-april-22-2026,Highest temperature in Istanbul on April 22?
2029890,Will the highest temperature in Istanbul be 8°C on April 22?,Yes,No,89942778401043185246927413549888464046511022380895224164170992312827010379683,82361852113564663880579147500331125293348350163162088578148751195379017978875,0x69d266b6c1bb09bf1f85e086d2f1a8024583a9d35477e20dedbf1f03eed1b86c,True,highest-temperature-in-istanbul-on-april-22-2026-8c,1676.756927,2026-04-20 04:06:32.814049+00:00,False,True,False,2026-04-22T12:00:00Z,"['0.007', '0.993']",398008,highest-temperature-in-istanbul-on-april-22-2026,Highest temperature in Istanbul on April 22?
2029891,Will the highest temperature in Istanbul be 9°C on April 22?,Yes,No,1530583979852095211203059922383707366873691657856420970843702986810320303836,52913875292878815569750121028124785691726258770530994748895519003257446768439,0x1f3a06cb3501639480ca7cacb4f1f9e95f68a6507ee2e1b0f97d7fded3cea508,True,highest-temperature-in-istanbul-on-april-22-2026-9c,1051.617241,2026-04-20 04:06:32.916235+00:00,False,True,False,2026-04-22T12:00:00Z,"['0.04', '0.96']",398008,highest-temperature-in-istanbul-on-april-22-2026,Highest temperature in Istanbul on April 22?
2029892,Will the highest temperature in Istanbul be 10°C on April 22?,Yes,No,104994210217020862773265173534364009753722005558562107610185463519693563153993,47287630847505567983172202918583845426111273537111010849564987614169571588039,0xc0eb200294934d11236020db192a8a0874b6a012c45b7d77733b302848466279,True,highest-temperature-in-istanbul-on-april-22-2026-10c,353.9482279999999,2026-04-20 04:06:33.015819+00:00,False,True,False,2026-04-22T12:00:00Z,"['0.4', '0.6']",398008,highest-temperature-in-istanbul-on-april-22-2026,Highest temperature in Istanbul on April 22?
2029893,Will the highest temperature in Istanbul be 11°C on April 22?,Yes,No,28830402463707239094912082115912877137916499904937299877199467966554444024522,56725828952736065577700143685945416841052583199375571847141766748725373726752,0x2a9541d44c0a4c76dd638074d40932461cee083d4ed8e01eb721dfeaec278177,True,highest-temperature-in-istanbul-on-april-22-2026-11c,414.90439699999996,2026-04-20 04:06:33.115811+00:00,False,True,False,2026-04-22T12:00:00Z,"['0.425', '0.575']",398008,highest-temperature-in-istanbul-on-april-22-2026,Highest temperature in Istanbul on April 22?
2029894,Will the highest temperature in Istanbul be 12°C on April 22?,Yes,No,96948861819673512433607468361250604504824020013915503174597040785296327827749,36113510886886737977175523135014657203223593855116191353132585507828224441702,0x5cafed4ee5617929952ad29dd57eb0fca3cce7ceef4e95bc4a64c4402f90fad2,True,highest-temperature-in-istanbul-on-april-22-2026-12c,2970.8380179999995,2026-04-20 04:06:33.216052+00:00,False,True,False,2026-04-22T12:00:00Z,"['0.11', '0.89']",398008,highest-temperature-in-istanbul-on-april-22-2026,Highest temperature in Istanbul on April 22?
2029895,Will the highest temperature in Istanbul be 13°C on April 22?,Yes,No,20101760676457914122863158616103124988958083982973187479047353123948802592924,54428437582247474998855605501655470533946455948972968685975247619527480036325,0x82e22c18fa1e37ecc3d29826431ebbbf569b877645457595aca081d83798bcec,True,highest-temperature-in-istanbul-on-april-22-2026-13c,2785.030908000001,2026-04-20 04:06:33.317124+00:00,False,True,False,2026-04-22T12:00:00Z,"['0.0255', '0.9745']",398008,highest-temperature-in-istanbul-on-april-22-2026,Highest temperature in Istanbul on April 22?
2029896,Will the highest temperature in Istanbul be 14°C on April 22?,Yes,No,84859416042138111934722189783335205442082795823091356643135878811651256608392,106732801142763972101284440452234760585631018111767839184055526978683706381992,0x71f15a37b27af7d31f6827c7be9cb162e98c84b1e92ef58fdbf1c05ed4898246,True,highest-temperature-in-istanbul-on-april-22-2026-14c,2382.6037639999986,2026-04-20 04:06:33.415888+00:00,False,True,False,2026-04-22T12:00:00Z,"['0.018', '0.982']",398008,highest-temperature-in-istanbul-on-april-22-2026,Highest temperature in Istanbul on April 22?
2029897,Will the highest temperature in Istanbul be 15°C on April 22?,Yes,No,22793611904643187156091995804251714134122075137058714567453713350240169251260,83723036778092494433130077537085975735095158890810843744794573092671716438372,0xd3c938aec34c42bd4cb4aecb0cceffd7924c52cadc85923e85156b71e9a61fad,True,highest-temperature-in-istanbul-on-april-22-2026-15c,1080.130646,2026-04-20 04:06:33.515037+00:00,False,True,False,2026-04-22T12:00:00Z,"['0.004', '0.996']",398008,highest-temperature-in-istanbul-on-april-22-2026,Highest temperature in Istanbul on April 22?
2029898,Will the highest temperature in Istanbul be 16°C or higher on April 22?,Yes,No,93020579777028275105389822592828495506507341471418341349201493132927774909018,8081973185283331367034090577747845085834407609899024473572332230436830868741,0x20b487dd78cb950a1fbe4db58723c8627c886f9dcf96455da02710e6286ff920,True,highest-temperature-in-istanbul-on-april-22-2026-16corhigher,384.10310000000004,2026-04-20 04:06:33.617033+00:00,False,True,False,2026-04-22T12:00:00Z,"['0.006', '0.994']",398008,highest-temperature-in-istanbul-on-april-22-2026,Highest temperature in Istanbul on April 22?
2029899,Will the highest temperature in Mexico City be 13°C or below on April 22?,Yes,No,38036667182545845192390706189546556748693628253895861011719458231403989052327,36585105682078679335626456462565216039204089296034975731270931713625033587349,0x5887e52077d944bd3c0d426703b04ddfd228f322b218137bfebb62ca675a3bd6,True,highest-temperature-in-mexico-city-on-april-22-2026-13corbelow,1092.7079999999999,2026-04-20 04:06:37.144545+00:00,False,True,False,2026-04-22T12:00:00Z,"['0.0015', '0.9985']",398009,highest-temperature-in-mexico-city-on-april-22-2026,Highest temperature in Mexico City on April 22?
2029900,Will the highest temperature in Mexico City be 14°C on April 22?,Yes,No,67875464863391127357781718844538849410963317754769307961538392009158335104694,81324520013430336664667914687523349234063923580606901522724664038041901473504,0x4e6a6881302441e3f38270f2406726d2fdd68f6eacffe6f3b6fa9e141b679c55,True,highest-temperature-in-mexico-city-on-april-22-2026-14c,957.9847500000001,2026-04-20 04:06:37.247532+00:00,False,True,False,2026-04-22T12:00:00Z,"['0.0005', '0.9995']",398009,highest-temperature-in-mexico-city-on-april-22-2026,Highest temperature in Mexico City on April 22?
2029901,Will the highest temperature in Mexico City be 15°C on April 22?,Yes,No,17685260125689575453928995612978344137554973391576787614088340280499638989417,12772743210530402965215024401534260520144609460595150867848190364214167565013,0xc7c1a9810f735a810756714d32ebcb8c1276e86c58420e354eb4b7443f06bace,True,highest-temperature-in-mexico-city-on-april-22-2026-15c,2271.853,2026-04-20 04:06:37.350516+00:00,False,True,False,2026-04-22T12:00:00Z,"['0.0015', '0.9985']",398009,highest-temperature-in-mexico-city-on-april-22-2026,Highest temperature in Mexico City on April 22?
2029902,Will the highest temperature in Mexico City be 16°C on April 22?,Yes,No,51891065122312902703046299250736920956209331916810736594949350241296421435068,73277258971608092933500336486605938855391483174861559947535289561272449126798,0xa52705fa018fdfb24d603b0f13f2c6425c6f1ee7e4e7b48c2c315fe59f0d34ab,True,highest-temperature-in-mexico-city-on-april-22-2026-16c,1812.3300000000002,2026-04-20 04:06:37.451219+00:00,False,True,False,2026-04-22T12:00:00Z,"['0.003', '0.997']",398009,highest-temperature-in-mexico-city-on-april-22-2026,Highest temperature in Mexico City on April 22?
2029903,Will the highest temperature in Mexico City be 17°C on April 22?,Yes,No,43684168198135489686349393293358067970434020788014763902512416950252377255425,13054817989037576293656178849755030745847153769523697959784957687151645854012,0x0ea439c806363086f7e7e5933ccdccf6c4f7adfb8a69ee823e51b65fbbe0d34c,True,highest-temperature-in-mexico-city-on-april-22-2026-17c,1474.2545699999998,2026-04-20 04:06:37.550709+00:00,False,True,False,2026-04-22T12:00:00Z,"['0.003', '0.997']",398009,highest-temperature-in-mexico-city-on-april-22-2026,Highest temperature in Mexico City on April 22?
2029904,Will the highest temperature in Mexico City be 18°C on April 22?,Yes,No,24979850084861926778255506131022683397351803884201318566352297288632558380190,98395346531194279264532363840130118845837008311872167507709499718839599073883,0x36ac634b6dca89ab55881aff7bb79ca3ae73791de71f00a0a2c3dbac1e192828,True,highest-temperature-in-mexico-city-on-april-22-2026-18c,1501.2070659999997,2026-04-20 04:06:37.650182+00:00,False,True,False,2026-04-22T12:00:00Z,"['0.0005', '0.9995']",398009,highest-temperature-in-mexico-city-on-april-22-2026,Highest temperature in Mexico City on April 22?
2029905,Will the highest temperature in Mexico City be 19°C on April 22?,Yes,No,78157386167848029638131945013316611929586915602857977591615966511124315969232,54745760447241084901036255947568964433562779496100569705813339176733292345780,0x0b9737d4dcd786813b16ca135d305e39f893652e3a01ab6b41ceaa0b27a3c73d,True,highest-temperature-in-mexico-city-on-april-22-2026-19c,1536.351541,2026-04-20 04:06:37.750822+00:00,False,True,False,2026-04-22T12:00:00Z,"['0.0015', '0.9985']",398009,highest-temperature-in-mexico-city-on-april-22-2026,Highest temperature in Mexico City on April 22?
2029906,Will the highest temperature in Mexico City be 20°C on April 22?,Yes,No,44895694543919491112679643678401119780572069806129784093043717810737324645168,11334557369925221330255725468849472357563803536068947377883734998232663663999,0x7e24a2da206fdd96d62bf0008aecb1b533b10dfd3197df5f9db0a84f74da529f,True,highest-temperature-in-mexico-city-on-april-22-2026-20c,1565.8303999999998,2026-04-20 04:06:37.852948+00:00,False,True,False,2026-04-22T12:00:00Z,"['0.0005', '0.9995']",398009,highest-temperature-in-mexico-city-on-april-22-2026,Highest temperature in Mexico City on April 22?
2029907,Will the highest temperature in Mexico City be 21°C on April 22?,Yes,No,50430340047058015742975629492880383484335048484386443107647617088318901814230,65105383052003744744677157638164987740246544452054814959512491423084245431164,0xa6c09a52ea8b0b5e75a01bf456861e41215c4e2f2070a1addaf6cf47196e0534,True,highest-temperature-in-mexico-city-on-april-22-2026-21c,1679.6245999999999,2026-04-20 04:06:37.953475+00:00,False,True,False,2026-04-22T12:00:00Z,"['0.0015', '0.9985']",398009,highest-temperature-in-mexico-city-on-april-22-2026,Highest temperature in Mexico City on April 22?
2029908,Will the highest temperature in Mexico City be 22°C on April 22?,Yes,No,55932144872747048441191307986591278388705015967637728412710527120159169401319,19472369094769620003683288056334027309858708747275434404842560750348474642782,0x042afd81ed088510c46ae404484537bce6bf15e512cbe468f1aa2a579bc099dd,True,highest-temperature-in-mexico-city-on-april-22-2026-22c,1695.047251,2026-04-20 04:06:38.053550+00:00,False,True,False,2026-04-22T12:00:00Z,"['0.004', '0.996']",398009,highest-temperature-in-mexico-city-on-april-22-2026,Highest temperature in Mexico City on April 22?
2029909,Will the highest temperature in Mexico City be 23°C or higher on April 22?,Yes,No,46959677179088900450993881040794666940895210400876964436403958182982228767506,91761014947432375990180914177708415126491490997972257126998721255590773301488,0x32e5773a4cb30b710ef2a814909ac53fd3de8aab5b57d06ee46e569bfac86b7e,True,highest-temperature-in-mexico-city-on-april-22-2026-23corhigher,4582.247808000002,2026-04-20 04:06:38.153643+00:00,False,True,False,2026-04-22T12:00:00Z,"['0.9885', '0.0115']",398009,highest-temperature-in-mexico-city-on-april-22-2026,Highest temperature in Mexico City on April 22?
2029910,Will the highest temperature in Busan be 14°C or below on April 22?,Yes,No,99078869668769852774223405776456410220062781240976110899228491536709359849028,26365991493977010868806016579276200036716471125942589411595209027511375263762,0xc80c1d768d3dee7ef3d72c8a0d82bf555d12fff6e677dbe405009cd54bdf812e,True,highest-temperature-in-busan-on-april-22-2026-14corbelow,1195.0058780000002,2026-04-20 04:06:41.141975+00:00,False,True,False,2026-04-22T12:00:00Z,"['0.0015', '0.9985']",398010,highest-temperature-in-busan-on-april-22-2026,Highest temperature in Busan on April 22?
2029911,Will the highest temperature in Busan be 15°C on April 22?,Yes,No,47522384075270798180073397684941903576536760671309530214196221838500024832398,19974892654367024918232202982564512183913618845242188640927439168735498428783,0xf10bc85e76b3d770dc85b3fdf7667f768f9d8e5d621bea661fb863db84502c39,True,highest-temperature-in-busan-on-april-22-2026-15c,1813.76129,2026-04-20 04:06:41.243295+00:00,False,True,False,2026-04-22T12:00:00Z,"['0.006', '0.994']",398010,highest-temperature-in-busan-on-april-22-2026,Highest temperature in Busan on April 22?
2029912,Will the highest temperature in Busan be 16°C on April 22?,Yes,No,14235546215926700009046028070067849642887718072806453436095104974785990792124,114588609753619180691123007515496388223994175464252093301847646375062833101764,0xe9b620b444e3f2a337758ba84fcfa8f40af9474bce594d71243d4bd5e02c3c31,True,highest-temperature-in-busan-on-april-22-2026-16c,923.8528379999999,2026-04-20 04:06:41.345625+00:00,False,True,False,2026-04-22T12:00:00Z,"['0.0155', '0.9845']",398010,highest-temperature-in-busan-on-april-22-2026,Highest temperature in Busan on April 22?
2029913,Will the highest temperature in Busan be 17°C on April 22?,Yes,No,92847194362265341017470407968455445654394069441684118101674939004316579756995,5625537476326074235711608052609404468868461756685336317386093721277350538483,0x98ce1c7185de59f9f42993be37566d9b4a90a24806eac1bb877bfa1fd1936381,True,highest-temperature-in-busan-on-april-22-2026-17c,1115.083382,2026-04-20 04:06:41.444614+00:00,False,True,False,2026-04-22T12:00:00Z,"['0.033', '0.967']",398010,highest-temperature-in-busan-on-april-22-2026,Highest temperature in Busan on April 22?
2029914,Will the highest temperature in Busan be 18°C on April 22?,Yes,No,91619977479951683602564468059147313399302846541695573384919677893411183061472,71594971498793008241722212219967450476738754527971049958357950633724879983730,0xfe91b515f87137450354d0cc8cc77d3deb732e2c1c6abb4fb567f4a7b20a27c7,True,highest-temperature-in-busan-on-april-22-2026-18c,1139.1636990000002,2026-04-20 04:06:41.542640+00:00,False,True,False,2026-04-22T12:00:00Z,"['0.22', '0.78']",398010,highest-temperature-in-busan-on-april-22-2026,Highest temperature in Busan on April 22?
2029915,Will the highest temperature in Busan be 19°C on April 22?,Yes,No,29431054877614100562425430714285961875156825711234100138177768205171940105880,38901320053521721380531403135749713519165060147990516768466647833702319150844,0xd1bbf85a2f8bfaf2cd360031d9df3a22cae2676e2abc1d37d54b227db74b66f2,True,highest-temperature-in-busan-on-april-22-2026-19c,149.495802,2026-04-20 04:06:41.643887+00:00,False,True,False,2026-04-22T12:00:00Z,"['0.315', '0.685']",398010,highest-temperature-in-busan-on-april-22-2026,Highest temperature in Busan on April 22?
2029916,Will the highest temperature in Busan be 20°C on April 22?,Yes,No,10710532663414482543810244256387927784716474434314247448923607774635618451535,94879190026711251775795912325738920691099952449064689067503844896063570206253,0x21ebd3cb9dc12d75a6ac0dc124b6c892e45d925fd1b63dfddff3c21876c8111e,True,highest-temperature-in-busan-on-april-22-2026-20c,222.13218400000002,2026-04-20 04:06:41.742355+00:00,False,True,False,2026-04-22T12:00:00Z,"['0.345', '0.655']",398010,highest-temperature-in-busan-on-april-22-2026,Highest temperature in Busan on April 22?
2029917,Will the highest temperature in Busan be 21°C on April 22?,Yes,No,44818561718950565468440434982007096407769624049376604784484515809028140576985,7739783049834417080662974355191382642556044994338799341498135087055396574775,0x387e0cd10669994d528fd477038bd11a784cdba99c68a92265e60c0fb5f4f3bb,True,highest-temperature-in-busan-on-april-22-2026-21c,264.125665,2026-04-20 04:06:41.842828+00:00,False,True,False,2026-04-22T12:00:00Z,"['0.125', '0.875']",398010,highest-temperature-in-busan-on-april-22-2026,Highest temperature in Busan on April 22?
2029918,Will the highest temperature in Busan be 22°C on April 22?,Yes,No,68069277275420404313208909148769374912620533941867011953547465262457013376631,95754206883301984066264433000112402057096870528181296402213730381802912946719,0x88b9578d4ef67813fa6c3f1b3824b8eecf5c139a796d96ba9496fda8edc3a4a3,True,highest-temperature-in-busan-on-april-22-2026-22c,1084.0198839999998,2026-04-20 04:06:41.941368+00:00,False,True,False,2026-04-22T12:00:00Z,"['0.0155', '0.9845']",398010,highest-temperature-in-busan-on-april-22-2026,Highest temperature in Busan on April 22?
2029919,Will the highest temperature in Busan be 23°C on April 22?,Yes,No,17262364602401204358521803474894554043851101893965267064191109420528535911257,49620793824720210037726033925236520588237734453363941457666758226410301838939,0xbe5dea31ef469750d67ba340725331633cf84c3f95571ce46ea8be8f1940ddc7,True,highest-temperature-in-busan-on-april-22-2026-23c,221.37176200000002,2026-04-20 04:06:42.049909+00:00,False,True,False,2026-04-22T12:00:00Z,"['0.0075', '0.9925']",398010,highest-temperature-in-busan-on-april-22-2026,Highest temperature in Busan on April 22?
2029920,Will the highest temperature in Busan be 24°C or higher on April 22?,Yes,No,28613047404780386675543932000067101176169179580949395594436506471498016546289,7766919045425506803492156562352320601329194405346603915341430989506135244827,0x70c7eb70a97592387e834b9829fb6cc40d10172669541c06af320b5e934ecd76,True,highest-temperature-in-busan-on-april-22-2026-24corhigher,309.21520000000004,2026-04-20 04:06:42.149432+00:00,False,True,False,2026-04-22T12:00:00Z,"['0.005', '0.995']",398010,highest-temperature-in-busan-on-april-22-2026,Highest temperature in Busan on April 22?
2029921,Will the highest temperature in Amsterdam be 10°C or below on April 22?,Yes,No,6192241492879008062507841118336059548120362321191014441367480727563488739114,8043251093935489320581146370055512150835096941038164129533734159258182471761,0x1ba486ededf46908e70843ca9f2741bfe2fa09ed4c16775da97c22bf4128634a,True,highest-temperature-in-amsterdam-on-april-22-2026-10corbelow,270.88405,2026-04-20 04:06:45.416262+00:00,False,True,False,2026-04-22T12:00:00Z,"['0.002', '0.998']",398011,highest-temperature-in-amsterdam-on-april-22-2026,Highest temperature in Amsterdam on April 22?
2029922,Will the highest temperature in Amsterdam be 11°C on April 22?,Yes,No,3569413706454987598553404985191755208262836377292774291779274411977502055842,52404201728801056407352585194670117918827589904861779944232707554116971323694,0x1e82e2427c2436c5c61c0196f11aae023710b5790e00d7dbe79e5f2018fd4902,True,highest-temperature-in-amsterdam-on-april-22-2026-11c,401.47205,2026-04-20 04:06:45.518187+00:00,False,True,False,2026-04-22T12:00:00Z,"['0.0015', '0.9985']",398011,highest-temperature-in-amsterdam-on-april-22-2026,Highest temperature in Amsterdam on April 22?
2029923,Will the highest temperature in Amsterdam be 12°C on April 22?,Yes,No,48093582154792007013249372555267968985980201489293420147199032721447985827575,17073920445629987518456037916198911277675121929975225979759862716216861679478,0x93472b2a35d2a1bb8fa2135d086730ca55f09f9cd05793b48453f47b14114821,True,highest-temperature-in-amsterdam-on-april-22-2026-12c,1406.4904999999999,2026-04-20 04:06:45.618563+00:00,False,True,False,2026-04-22T12:00:00Z,"['0.0025', '0.9975']",398011,highest-temperature-in-amsterdam-on-april-22-2026,Highest temperature in Amsterdam on April 22?
2029924,Will the highest temperature in Amsterdam be 13°C on April 22?,Yes,No,104223376230442244021437968697825426910215242104992571103818199454551350494500,51608321361061113794241140830172930576648015077890445718134090812310567192132,0xc36b8ca7912118378e001a13baec81d887840283f68b7b108f444fec23f34196,True,highest-temperature-in-amsterdam-on-april-22-2026-13c,963.2521939999998,2026-04-20 04:06:47.014478+00:00,False,True,False,2026-04-22T12:00:00Z,"['0.0025', '0.9975']",398011,highest-temperature-in-amsterdam-on-april-22-2026,Highest temperature in Amsterdam on April 22?
2029925,Will the highest temperature in Amsterdam be 14°C on April 22?,Yes,No,2314342189947067669619438590156511269178360495999874705543251138959949347677,77924987714052512158454027358054325272364783246168834204459199095100247061021,0xdff71188af790781714c6182d13831da9bfacb018ad06589359a0169471bccaf,True,highest-temperature-in-amsterdam-on-april-22-2026-14c,2996.769995999999,2026-04-20 04:06:47.115285+00:00,False,True,False,2026-04-22T12:00:00Z,"['0.0245', '0.9755']",398011,highest-temperature-in-amsterdam-on-april-22-2026,Highest temperature in Amsterdam on April 22?
2029926,Will the highest temperature in Amsterdam be 15°C on April 22?,Yes,No,74862428805168030480200827802050713837509027716598651328123255743323504881665,29636248158884077721845482508408648054718630674338856727483510181630540600348,0x3d524d34335fdfe0e76e9909a39d39d9a3ded96fa138399616c30865b5cee9ec,True,highest-temperature-in-amsterdam-on-april-22-2026-15c,879.503895,2026-04-20 04:06:47.215860+00:00,False,True,False,2026-04-22T12:00:00Z,"['0.11', '0.89']",398011,highest-temperature-in-amsterdam-on-april-22-2026,Highest temperature in Amsterdam on April 22?
2029927,Will the highest temperature in Amsterdam be 16°C on April 22?,Yes,No,1893161530861571522831154122865503163270861008802689209586851466454384416133,20607094727573231478178827343510882712664020555674316562192851271552477059451,0x469ab61dd0830e4f8280f25b4ce19f5b3095a16c4b92bbe2a7e1ad686853dd5e,True,highest-temperature-in-amsterdam-on-april-22-2026-16c,428.89776900000004,2026-04-20 04:06:47.315398+00:00,False,True,False,2026-04-22T12:00:00Z,"['0.485', '0.515']",398011,highest-temperature-in-amsterdam-on-april-22-2026,Highest temperature in Amsterdam on April 22?
2029928,Will the highest temperature in Amsterdam be 17°C on April 22?,Yes,No,71153345614296786981861286925430245412026432629353152065096772182999457361420,76138839486711317395181372671121142969278549290201088539514191969482560848675,0xfdb120cccf82f38b895db63f7bc8da2335bad3126ddd711dee6ca9f9e786c6c0,True,highest-temperature-in-amsterdam-on-april-22-2026-17c,798.2912450000002,2026-04-20 04:06:47.414530+00:00,False,True,False,2026-04-22T12:00:00Z,"['0.32', '0.68']",398011,highest-temperature-in-amsterdam-on-april-22-2026,Highest temperature in Amsterdam on April 22?
2029929,Will the highest temperature in Amsterdam be 18°C on April 22?,Yes,No,2302609549687864946939689288031537510779124060017922628576443793731014130951,643243949618964289788654428215395713783239437293282524124564484401931253418,0x980342f4cff8f3481329baba97f99fc86eef7416d2824a30d345d91256b25229,True,highest-temperature-in-amsterdam-on-april-22-2026-18c,462.287708,2026-04-20 04:06:47.513648+00:00,False,True,False,2026-04-22T12:00:00Z,"['0.075', '0.925']",398011,highest-temperature-in-amsterdam-on-april-22-2026,Highest temperature in Amsterdam on April 22?
2029930,Will the highest temperature in Amsterdam be 19°C on April 22?,Yes,No,47496450231383758285880811531924419567274341214242866544774670148638775693139,48066418982660580765026054785877705941314259774680961832492801378595710796483,0x61374c6824d37cc5feda7606198ffdb85630aca76395aca6b213b2453747d17f,True,highest-temperature-in-amsterdam-on-april-22-2026-19c,442.47894500000007,2026-04-20 04:06:47.613012+00:00,False,True,False,2026-04-22T12:00:00Z,"['0.0065', '0.9935']",398011,highest-temperature-in-amsterdam-on-april-22-2026,Highest temperature in Amsterdam on April 22?
2029931,Will the highest temperature in Amsterdam be 20°C or higher on April 22?,Yes,No,88319316266169606245247217544879877580285622418608436875619827300431336586184,110388051339800131828582156940195659554620836039968461069857230007266492234922,0xe01f59ebe88fc2fccb156d22c02aff6bb20aa7af011214c39c4197b034672a09,True,highest-temperature-in-amsterdam-on-april-22-2026-20corhigher,209.87977399999994,2026-04-20 04:06:47.712746+00:00,False,True,False,2026-04-22T12:00:00Z,"['0.0045', '0.9955']",398011,highest-temperature-in-amsterdam-on-april-22-2026,Highest temperature in Amsterdam on April 22?
2029932,Will the highest temperature in Helsinki be 6°C or below on April 22?,Yes,No,34523785888731138518003151962688240575114889048129513577210736350047267061282,76000413325293860799166334037920216155649810338617877066171867033012225578892,0x3b7795522c763aeb1e8d1647e628244ca0a96f6a93f41e88ea8feb3922d4747c,True,highest-temperature-in-helsinki-on-april-22-2026-6corbelow,339.25600000000003,2026-04-20 04:06:50.905380+00:00,False,True,False,2026-04-22T12:00:00Z,"['0.003', '0.997']",398012,highest-temperature-in-helsinki-on-april-22-2026,Highest temperature in Helsinki on April 22?
2029933,Will the highest temperature in Helsinki be 7°C on April 22?,Yes,No,22172888072164258845027984776409918399071695586090934146761236415177507122929,18136315963961103466414706192981170665094925320238060938092664004556465077066,0x83cc3382dfb7e6004535ffd278e4f1cccd96b9ebb0d0be53fc4f1eb6c25ac5b5,True,highest-temperature-in-helsinki-on-april-22-2026-7c,374.18899999999996,2026-04-20 04:06:51.005339+00:00,False,True,False,2026-04-22T12:00:00Z,"['0.003', '0.997']",398012,highest-temperature-in-helsinki-on-april-22-2026,Highest temperature in Helsinki on April 22?
2029934,Will the highest temperature in Helsinki be 8°C on April 22?,Yes,No,5314110373410953428796554275144480460925747939243559545816247173506438011081,79060034808373163935280777948666126873168105180713008553031402199526015212027,0x63a8cad59a944a61574a1e36d51307db441083465c419da979c9636241af4bd6,True,highest-temperature-in-helsinki-on-april-22-2026-8c,375.56352400000003,2026-04-20 04:06:51.105325+00:00,False,True,False,2026-04-22T12:00:00Z,"['0.006', '0.994']",398012,highest-temperature-in-helsinki-on-april-22-2026,Highest temperature in Helsinki on April 22?
2029935,Will the highest temperature in Helsinki be 9°C on April 22?,Yes,No,55822735972543485758835429688605199596759368363610588660389948076423016242567,51323042065599617791180304511261442389048436140306086552852730642023611948006,0xaa57c76c2ad410502dd1e011c0eb48d7fe174ba229d11483c86c4dc0467e3dac,True,highest-temperature-in-helsinki-on-april-22-2026-9c,266.796375,2026-04-20 04:06:51.205801+00:00,False,True,False,2026-04-22T12:00:00Z,"['0.006', '0.994']",398012,highest-temperature-in-helsinki-on-april-22-2026,Highest temperature in Helsinki on April 22?
2029936,Will the highest temperature in Helsinki be 10°C on April 22?,Yes,No,5193987407654243841861645093156641818712623894135341163476431055314700597963,57503051636236070990477290101811840708673735037199838212127729094494928519082,0xb8455998c5aa0228a5e0df04fd38294bfb1541e6bafe6467244676fb4a4e4fde,True,highest-temperature-in-helsinki-on-april-22-2026-10c,531.4991,2026-04-20 04:06:52.459033+00:00,False,True,False,2026-04-22T12:00:00Z,"['0.007', '0.993']",398012,highest-temperature-in-helsinki-on-april-22-2026,Highest temperature in Helsinki on April 22?
2029937,Will the highest temperature in Helsinki be 11°C on April 22?,Yes,No,50159740136824726109853118520962386793633135832572679618902323094215310896054,10265561016522333540312954288782549727451278935642679572502380475215782651259,0x217423075dbb09064943cd218699194c2aafac72900b7581947379a679dfbd01,True,highest-temperature-in-helsinki-on-april-22-2026-11c,329.828813,2026-04-20 04:06:52.561256+00:00,False,True,False,2026-04-22T12:00:00Z,"['0.041', '0.959']",398012,highest-temperature-in-helsinki-on-april-22-2026,Highest temperature in Helsinki on April 22?
2029938,Will the highest temperature in Helsinki be 12°C on April 22?,Yes,No,102776833109934390568701757439377915881011240151420088298558859139056660522455,415401936159887518805157815463201523363225024290013217856282791988681052562,0x9fa6f7d02a48419cd17d382f81b0600d0f84d68b660206cface72880e6288bd5,True,highest-temperature-in-helsinki-on-april-22-2026-12c,517.105787,2026-04-20 04:06:52.660536+00:00,False,True,False,2026-04-22T12:00:00Z,"['0.355', '0.645']",398012,highest-temperature-in-helsinki-on-april-22-2026,Highest temperature in Helsinki on April 22?
2029939,Will the highest temperature in Helsinki be 13°C on April 22?,Yes,No,112597590273240775345538204864840215809717943630006673229164199316379252231363,97191787013050945026559608495464430501872188415273389863588760674364875709809,0xae9053954b05fba3c89997db9eb517378bb66412a86c0d295ca3afc8d205cd7e,True,highest-temperature-in-helsinki-on-april-22-2026-13c,229.728718,2026-04-20 04:06:52.761232+00:00,False,True,False,2026-04-22T12:00:00Z,"['0.405', '0.595']",398012,highest-temperature-in-helsinki-on-april-22-2026,Highest temperature in Helsinki on April 22?
2029940,Will the highest temperature in Helsinki be 14°C on April 22?,Yes,No,1131406401496648585226317123716949283999921125470065247234221356546657633753,55709356373916843431119233041465242402970425479932955334034899767896560925092,0x0b7159fa64bd27134a3c08a14cd1ee0145fa60d252eecf025f1055c1335ba60a,True,highest-temperature-in-helsinki-on-april-22-2026-14c,411.670179,2026-04-20 04:06:52.861733+00:00,False,True,False,2026-04-22T12:00:00Z,"['0.175', '0.825']",398012,highest-temperature-in-helsinki-on-april-22-2026,Highest temperature in Helsinki on April 22?
2029941,Will the highest temperature in Helsinki be 15°C on April 22?,Yes,No,79078904200264410821998499422884825599719978071412835922523788644845676460599,98920096497279757052163697963624410463449027994917275461237362991956428568898,0x4cb0d521ea7aecef1c3f4e9fa2fb5b0428a20eda5c951afc84b22e0062546017,True,highest-temperature-in-helsinki-on-april-22-2026-15c,814.3198819999999,2026-04-20 04:06:52.962522+00:00,False,True,False,2026-04-22T12:00:00Z,"['0.0255', '0.9745']",398012,highest-temperature-in-helsinki-on-april-22-2026,Highest temperature in Helsinki on April 22?
2029942,Will the highest temperature in Helsinki be 16°C or higher on April 22?,Yes,No,67482088549593526453741582876131208596421157740477387135770769556836701010480,14795292730800302796359154224369104052229216845314814816920117165755369609948,0xba05cfaf16f4c0ff62aa67727985ecc96f6bd2b07418ded30ccf7e534fd36e09,True,highest-temperature-in-helsinki-on-april-22-2026-16corhigher,1311.664223,2026-04-20 04:06:53.064521+00:00,False,True,False,2026-04-22T12:00:00Z,"['0.0125', '0.9875']",398012,highest-temperature-in-helsinki-on-april-22-2026,Highest temperature in Helsinki on April 22?
2029943,Will the highest temperature in Panama City be 21°C or below on April 22?,Yes,No,65364741759672380826241591682177208926893778491627290593878856896300062997092,81633087341592567766480963794760512246842307868944358062024231697179377129500,0xecddb219fcdadda1a38dbaaefaa17b76aea0a0e9ca7db433c80c39aad94f8f43,True,highest-temperature-in-panama-city-on-april-22-2026-21corbelow,735.653041,2026-04-20 04:06:57.415211+00:00,False,True,False,2026-04-22T12:00:00Z,"['0.0005', '0.9995']",398013,highest-temperature-in-panama-city-on-april-22-2026,Highest temperature in Panama City on April 22?
2029944,Will the highest temperature in Panama City be 22°C on April 22?,Yes,No,53196056266467096868889702485354988584975593446301602544118259361808735388964,5706012273311290011533051875386922669887848239783485218688034453288240823177,0xd5985b8fd268ec035d2b854deff5cfbc5e2a47d5ae4a64c71999aaddf15bcd96,True,highest-temperature-in-panama-city-on-april-22-2026-22c,393.62,2026-04-20 04:06:57.517502+00:00,False,True,False,2026-04-22T12:00:00Z,"['0.0015', '0.9985']",398013,highest-temperature-in-panama-city-on-april-22-2026,Highest temperature in Panama City on April 22?
2029945,Will the highest temperature in Panama City be 23°C on April 22?,Yes,No,33450662727500045543871454299981788296208391566472838411675473737214902418636,37969372155205944220412264817647447937329436592040237355448815152412184326568,0xb8ae7f9a0199f6d93d18bbbf3cb32f3fcdfe2dd4f291e218f42af2939f5395ed,True,highest-temperature-in-panama-city-on-april-22-2026-23c,435.81000000000006,2026-04-20 04:06:57.617880+00:00,False,True,False,2026-04-22T12:00:00Z,"['0.0015', '0.9985']",398013,highest-temperature-in-panama-city-on-april-22-2026,Highest temperature in Panama City on April 22?
2029946,Will the highest temperature in Panama City be 24°C on April 22?,Yes,No,32822461126237037486029453425375270495718117128569014467353557714156181769272,4402927936076746037812578954887455919280066120933637544517941077366068204066,0x9f63d3cb7568444ffc5cad9b9318f1fe83e28038264a0bcb48c94df36dd7edb4,True,highest-temperature-in-panama-city-on-april-22-2026-24c,452.63699999999994,2026-04-20 04:06:57.720150+00:00,False,True,False,2026-04-22T12:00:00Z,"['0.0015', '0.9985']",398013,highest-temperature-in-panama-city-on-april-22-2026,Highest temperature in Panama City on April 22?
2029947,Will the highest temperature in Panama City be 25°C on April 22?,Yes,No,51935392939219093322666489575768914181098876342095634829080141008464379833291,77277188801060999569527585848346680391134636919435312791004910303603095238625,0x92983c55aa7dc3b4566f3e6bbe9917c1d11d570dd856e13349254b0bc46288b6,True,highest-temperature-in-panama-city-on-april-22-2026-25c,445.20000000000005,2026-04-20 04:06:57.822460+00:00,False,True,False,2026-04-22T12:00:00Z,"['0.0015', '0.9985']",398013,highest-temperature-in-panama-city-on-april-22-2026,Highest temperature in Panama City on April 22?
2029948,Will the highest temperature in Panama City be 26°C on April 22?,Yes,No,25383681141160309159412255825878147544533293680673279140114086863879094013092,1179339913999974175206777409951424942719356507606192474617966957186355740249,0x41f4edc13e3411428e6d451ba788123d55f25e45b028c75535092126f2667ee9,True,highest-temperature-in-panama-city-on-april-22-2026-26c,635.11,2026-04-20 04:06:57.921256+00:00,False,True,False,2026-04-22T12:00:00Z,"['0.0015', '0.9985']",398013,highest-temperature-in-panama-city-on-april-22-2026,Highest temperature in Panama City on April 22?
2029949,Will the highest temperature in Panama City be 27°C on April 22?,Yes,No,78304674999121494587637398668076728018818510539004331754239061480358839475694,77954963421608639474610448252196327964524020002335362668714968470996614163490,0xdb6b8e56304e8c5099346e9dcf34c84c18ef2598ea9b698debf03fba8e9235c2,True,highest-temperature-in-panama-city-on-april-22-2026-27c,385.82009999999997,2026-04-20 04:06:58.021463+00:00,False,True,False,2026-04-22T12:00:00Z,"['0.0025', '0.9975']",398013,highest-temperature-in-panama-city-on-april-22-2026,Highest temperature in Panama City on April 22?
2029950,Will the highest temperature in Panama City be 28°C on April 22?,Yes,No,46181602993609504889497815312663763201778824584683125800110474739234224911172,30078006824171721362081075122047635534272090561595711915672503115902643283239,0x170c22945f42b304afdd8ee02c3228b1a09b7643dc53738669faff5f0ee81de1,True,highest-temperature-in-panama-city-on-april-22-2026-28c,423.1001,2026-04-20 04:06:58.124686+00:00,False,True,False,2026-04-22T12:00:00Z,"['0.0025', '0.9975']",398013,highest-temperature-in-panama-city-on-april-22-2026,Highest temperature in Panama City on April 22?
2029951,Will the highest temperature in Panama City be 29°C on April 22?,Yes,No,10807535142882104776920514295211802456380882887450728599089835899377022279595,73153970982125160767585738105820483553672851581906826832270539899759569963757,0x6274527a47cb037c4f4448b40b38e8a567ef76d969c14cc07798350e8234363e,True,highest-temperature-in-panama-city-on-april-22-2026-29c,396.67548600000003,2026-04-20 04:06:58.226464+00:00,False,True,False,2026-04-22T12:00:00Z,"['0.007', '0.993']",398013,highest-temperature-in-panama-city-on-april-22-2026,Highest temperature in Panama City on April 22?
2029952,Will the highest temperature in Panama City be 30°C on April 22?,Yes,No,29600111086297494566211358815389382148186577364406773616257297574010773790973,67825204929487398797745600742308785353200286958944512316458547582283572612693,0x87aa9276593b8ea3834512352d9ed9ade3c4ff0b6797168b76a71b21fe1e5a9b,True,highest-temperature-in-panama-city-on-april-22-2026-30c,1180.0696289999998,2026-04-20 04:06:58.328648+00:00,False,True,False,2026-04-22T12:00:00Z,"['0.025', '0.975']",398013,highest-temperature-in-panama-city-on-april-22-2026,Highest temperature in Panama City on April 22?
2029953,Will the highest temperature in Panama City be 31°C or higher on April 22?,Yes,No,33527087011521640565139427981669110943612141538073024946778239492403820546975,73762774611855495077063182931232986632562080622355566888039418636395278087046,0x8c1936e50f646b342f57a11a3bdf4ce1d8381ac114654f935f6db571dd746f5a,True,highest-temperature-in-panama-city-on-april-22-2026-31corhigher,1883.0830019999994,2026-04-20 04:06:58.431852+00:00,False,True,False,2026-04-22T12:00:00Z,"['0.9645', '0.0355']",398013,highest-temperature-in-panama-city-on-april-22-2026,Highest temperature in Panama City on April 22?
2029954,Will the highest temperature in Kuala Lumpur be 25°C or below on April 22?,Yes,No,82902713391944441903565910530640797350093556403599560510155304348036035562521,57030057054948748147974586023492356815639901596486456104265054450640093482536,0xdecc43a2d286ff64ab2a3dd2c34f1ae492fa17a86e5ccca5ac21bc0d45d6cb76,True,highest-temperature-in-kuala-lumpur-on-april-22-2026-25corbelow,2205.642211,2026-04-20 04:07:01.547794+00:00,False,True,False,2026-04-22T12:00:00Z,"['0.0025', '0.9975']",398014,highest-temperature-in-kuala-lumpur-on-april-22-2026,Highest temperature in Kuala Lumpur on April 22?
2029955,Will the highest temperature in Kuala Lumpur be 26°C on April 22?,Yes,No,80765483843054563630623927737573234021313901040549901270383957685734327469779,76774712807303591067839609797940118884597760318275765654570274058667417079679,0xbb0a69f222bf9ee99f863a57c2da73f0893f2a6ae3b6df08dc37d5f8ae3ebeee,True,highest-temperature-in-kuala-lumpur-on-april-22-2026-26c,469.61766599999993,2026-04-20 04:07:01.649262+00:00,False,True,False,2026-04-22T12:00:00Z,"['0.0025', '0.9975']",398014,highest-temperature-in-kuala-lumpur-on-april-22-2026,Highest temperature in Kuala Lumpur on April 22?
2029956,Will the highest temperature in Kuala Lumpur be 27°C on April 22?,Yes,No,42498926065111866557857130283732814509810875127867028101440426359162571636642,45794488165115199940927036997115056432305619457879011290827559772774894029411,0xfb96d54c90a179acb02c50d9e19d973e122ad84cd2ba1aaeb1e7ff675182bdc6,True,highest-temperature-in-kuala-lumpur-on-april-22-2026-27c,509.00499999999994,2026-04-20 04:07:01.749813+00:00,False,True,False,2026-04-22T12:00:00Z,"['0.0025', '0.9975']",398014,highest-temperature-in-kuala-lumpur-on-april-22-2026,Highest temperature in Kuala Lumpur on April 22?
2029957,Will the highest temperature in Kuala Lumpur be 28°C on April 22?,Yes,No,25973623877124289230416773927841620264292772403772522736415575902463002146907,70849703310683843954304809700497621319216332158089605459040667489251923726133,0x434cbc5e77e6eb1a39c98c194c89de120b63d91c66a8b7ba9b0ea6b493d89301,True,highest-temperature-in-kuala-lumpur-on-april-22-2026-28c,404.09099999999995,2026-04-20 04:07:01.850106+00:00,False,True,False,2026-04-22T12:00:00Z,"['0.0035', '0.9965']",398014,highest-temperature-in-kuala-lumpur-on-april-22-2026,Highest temperature in Kuala Lumpur on April 22?
2029958,Will the highest temperature in Kuala Lumpur be 29°C on April 22?,Yes,No,25722855060090426743048150458626915046596857164381308587587316730130825949713,95141761183708017046763567731970772738348090212016751792732359815273330271117,0xb69bf337bb631995ca034cee795dd1e7c41d3346dea055c9b51c0e3b890fd912,True,highest-temperature-in-kuala-lumpur-on-april-22-2026-29c,1341.2873110000003,2026-04-20 04:07:01.951510+00:00,False,True,False,2026-04-22T12:00:00Z,"['0.0055', '0.9945']",398014,highest-temperature-in-kuala-lumpur-on-april-22-2026,Highest temperature in Kuala Lumpur on April 22?
2029959,Will the highest temperature in Kuala Lumpur be 30°C on April 22?,Yes,No,68956816598470883380470832420004256747504364021132278539012844307552946021101,47082057426009226637935667205104448874288458155925638959905547967405497922618,0xe3ce7787b74e748ffa48c228d1a3df695588788abe3e8044f3c0bd953203da24,True,highest-temperature-in-kuala-lumpur-on-april-22-2026-30c,1739.8021670000003,2026-04-20 04:07:02.053843+00:00,False,True,False,2026-04-22T12:00:00Z,"['0.0165', '0.9835']",398014,highest-temperature-in-kuala-lumpur-on-april-22-2026,Highest temperature in Kuala Lumpur on April 22?
2029960,Will the highest temperature in Kuala Lumpur be 31°C on April 22?,Yes,No,114281460956776196144178056937397752021671194819961626022280228532539232432136,46757495999523277682992181314784487250045191725918862562230908533154067242859,0xe0ca1a6ce4390165603045b77468a3fe202e2c278ed48f33e99099892b76f0db,True,highest-temperature-in-kuala-lumpur-on-april-22-2026-31c,1286.9498870000002,2026-04-20 04:07:02.153267+00:00,False,True,False,2026-04-22T12:00:00Z,"['0.07', '0.93']",398014,highest-temperature-in-kuala-lumpur-on-april-22-2026,Highest temperature in Kuala Lumpur on April 22?
2029961,Will the highest temperature in Kuala Lumpur be 32°C on April 22?,Yes,No,94353011061253493769706755207179222742643222983820734258694771451879408315979,34218272594818255389655571055255120305077263172338542058660610444356760850734,0x7303013aee552b1138170a5c1730892a44b5c6242f1afaecf8b560ab3ba4b938,True,highest-temperature-in-kuala-lumpur-on-april-22-2026-32c,582.438771,2026-04-20 04:07:02.433175+00:00,False,True,False,2026-04-22T12:00:00Z,"['0.25', '0.75']",398014,highest-temperature-in-kuala-lumpur-on-april-22-2026,Highest temperature in Kuala Lumpur on April 22?
2029962,Will the highest temperature in Kuala Lumpur be 33°C on April 22?,Yes,No,78161394439488268913532215315859365590540758056152675335910582441424521648506,110251597724880848764037801078201869451492605802807905223832803360284613180431,0x6a056feb1fe86fba2bc14fbc4c986630e128637bb1c6287943cf1e5beb831aa3,True,highest-temperature-in-kuala-lumpur-on-april-22-2026-33c,284.0228370000001,2026-04-20 04:07:02.532074+00:00,False,True,False,2026-04-22T12:00:00Z,"['0.35', '0.65']",398014,highest-temperature-in-kuala-lumpur-on-april-22-2026,Highest temperature in Kuala Lumpur on April 22?
2029963,Will the highest temperature in Kuala Lumpur be 34°C on April 22?,Yes,No,51926320690831249560933456479271734712430535319206227675304351540189417892810,28276446025358395878267495535963966788146169309993216946545495168621948013115,0x5c275b6a1e72813a2ff2d7fe4b654308bbb96d5b798535caf0f17e1c9087e99d,True,highest-temperature-in-kuala-lumpur-on-april-22-2026-34c,490.8869699999999,2026-04-20 04:07:02.630873+00:00,False,True,False,2026-04-22T12:00:00Z,"['0.225', '0.775']",398014,highest-temperature-in-kuala-lumpur-on-april-22-2026,Highest temperature in Kuala Lumpur on April 22?
2029964,Will the highest temperature in Kuala Lumpur be 35°C or higher on April 22?,Yes,No,40821629351251729051778921401987904536545979544032618724120964414359332065597,13335123533617766005899959436888460667856151941685962194545646430701748081052,0xdf79d8d48015db2f573ceca8050f9d2e67a86f038fe247629c4abf58192763cd,True,highest-temperature-in-kuala-lumpur-on-april-22-2026-35corhigher,1537.8566759999994,2026-04-20 04:07:02.733333+00:00,False,True,False,2026-04-22T12:00:00Z,"['0.055', '0.945']",398014,highest-temperature-in-kuala-lumpur-on-april-22-2026,Highest temperature in Kuala Lumpur on April 22?
2029965,Will the highest temperature in Jakarta be 27°C or below on April 22?,Yes,No,108726532763435327766892146623615073830775211752094346381441383399759348239752,21964028963794881741283353510292483562368890000016187472973728597235027212590,0xefd4d5d92846b0cda5199f604f60f8f59e0354242df8eb2d007aed11caa012df,True,highest-temperature-in-jakarta-on-april-22-2026-27corbelow,258.817,2026-04-20 04:07:07.083486+00:00,False,True,False,2026-04-22T12:00:00Z,"['0.003', '0.997']",398015,highest-temperature-in-jakarta-on-april-22-2026,Highest temperature in Jakarta on April 22?
2029966,Will the highest temperature in Jakarta be 28°C on April 22?,Yes,No,112963380677561350804594589596188330103082113048734509864977632338843222003479,38644247133949432628558581309459447577231598612186431496592516040999423716397,0x1b8ecfba11480c4a30eef7c11de1cf4c1ef71407fa8ddb2126246abdaaddf60e,True,highest-temperature-in-jakarta-on-april-22-2026-28c,268.78700000000003,2026-04-20 04:07:07.225003+00:00,False,True,False,2026-04-22T12:00:00Z,"['0.0035', '0.9965']",398015,highest-temperature-in-jakarta-on-april-22-2026,Highest temperature in Jakarta on April 22?
2029967,Will the highest temperature in Jakarta be 29°C on April 22?,Yes,No,61667146788460514888493446440406955541161382338037944762791706330465599460729,1077926538338445360954583525168706512833514461018367280294029484595046094778,0xe7b2c08dcddad544c7cac99f16bbb6307807b0475f2bc1c1aa91e20b2988b8fa,True,highest-temperature-in-jakarta-on-april-22-2026-29c,4161.678452,2026-04-20 04:07:07.367697+00:00,False,True,False,2026-04-22T12:00:00Z,"['0.0015', '0.9985']",398015,highest-temperature-in-jakarta-on-april-22-2026,Highest temperature in Jakarta on April 22?
2029968,Will the highest temperature in Jakarta be 30°C on April 22?,Yes,No,111297223368200026547496984288385713528697689026282931152891430392069556265044,5317190235358166232159252741484241398268997723981675289427071114190967949098,0x16b3ec86f693000621c79513ed3c7540612a62dbf4161e07c44ee167bca097f1,True,highest-temperature-in-jakarta-on-april-22-2026-30c,1767.5225999999998,2026-04-20 04:07:07.507680+00:00,False,True,False,2026-04-22T12:00:00Z,"['0.0075', '0.9925']",398015,highest-temperature-in-jakarta-on-april-22-2026,Highest temperature in Jakarta on April 22?
2029969,Will the highest temperature in Jakarta be 31°C on April 22?,Yes,No,37586768445356064553310134411098596013902895933946101222757615727293810392942,33915341593108446296577694053083861328091877749467504509670248461782732842576,0x028380fe02f4f3573208890b3021344b2aa77bd1b1b2946c7de58165905edd2c,True,highest-temperature-in-jakarta-on-april-22-2026-31c,1826.7362579999997,2026-04-20 04:07:07.649582+00:00,False,True,False,2026-04-22T12:00:00Z,"['0.0375', '0.9625']",398015,highest-temperature-in-jakarta-on-april-22-2026,Highest temperature in Jakarta on April 22?
2029970,Will the highest temperature in Jakarta be 32°C on April 22?,Yes,No,110790358095115224775131431605519858469791477063688704484511395661706090102360,103968001515040067913990607965929509160254571983765989548042583236347497791450,0x80b337887d9e62ac36393b5b77ff5df6a38586ac393194166c33bcfa7bbefa61,True,highest-temperature-in-jakarta-on-april-22-2026-32c,695.961731,2026-04-20 04:07:07.799308+00:00,False,True,False,2026-04-22T12:00:00Z,"['0.165', '0.835']",398015,highest-temperature-in-jakarta-on-april-22-2026,Highest temperature in Jakarta on April 22?
2029971,Will the highest temperature in Jakarta be 33°C on April 22?,Yes,No,56561068482797810609549440839959596086321325020335830165369806454372125911877,35804069895719838563423825245504059039104307090745247718341865655853118323942,0xd42d78c24da111356aa04bd20aa6601dc3079c8178c88e48fd8174432ae9c505,True,highest-temperature-in-jakarta-on-april-22-2026-33c,434.105618,2026-04-20 04:07:07.901351+00:00,False,True,False,2026-04-22T12:00:00Z,"['0.35', '0.65']",398015,highest-temperature-in-jakarta-on-april-22-2026,Highest temperature in Jakarta on April 22?
2029972,Will the highest temperature in Jakarta be 34°C on April 22?,Yes,No,95667592994938854190882874004609827538909627374025644432410094845844400370672,109371201797395910923182263690323986790176043333465498000106398218665191786056,0xa5f5f9550539cdf3343ba8ad640741d45efb7bc0b977a17141bb7d9d7bb62d73,True,highest-temperature-in-jakarta-on-april-22-2026-34c,650.521828,2026-04-20 04:07:08.024308+00:00,False,True,False,2026-04-22T12:00:00Z,"['0.365', '0.635']",398015,highest-temperature-in-jakarta-on-april-22-2026,Highest temperature in Jakarta on April 22?
2029973,Will the highest temperature in Jakarta be 35°C on April 22?,Yes,No,16641639835269529852505833416960809215405086369197868964195413386999354706055,101011224155820904470117741303628562464649088814863600795268263215548014998386,0x8530db3d1ce9137220cc9f7df4ebc6ba3f05e846027515115036fb4df6c384f1,True,highest-temperature-in-jakarta-on-april-22-2026-35c,489.519549,2026-04-20 04:07:08.123388+00:00,False,True,False,2026-04-22T12:00:00Z,"['0.085', '0.915']",398015,highest-temperature-in-jakarta-on-april-22-2026,Highest temperature in Jakarta on April 22?
2029974,Will the highest temperature in Jakarta be 36°C on April 22?,Yes,No,32200777293410970208356370976497225954134715014259531057857885000076192096343,70421523678567203239912012986754352251418827185316365505191826705071605686861,0xb99455ef7eba8935b78981514ba98e046bb91f2bd8fa6607d6933ca028d5e3e4,True,highest-temperature-in-jakarta-on-april-22-2026-36c,751.5873250000001,2026-04-20 04:07:08.221715+00:00,False,True,False,2026-04-22T12:00:00Z,"['0.0105', '0.9895']",398015,highest-temperature-in-jakarta-on-april-22-2026,Highest temperature in Jakarta on April 22?
2029975,Will the highest temperature in Jakarta be 37°C or higher on April 22?,Yes,No,672562587479549965865111360919743852828726678321904160640098004316910100464,43484044131575572755506969392684646203958885429910931790263655406514656742631,0x49b599635fc747db011835340026e5fcbcb5d4e77ef902cb6367b4176e1a0e13,True,highest-temperature-in-jakarta-on-april-22-2026-37corhigher,1051.2433479999997,2026-04-20 04:07:08.319720+00:00,False,True,False,2026-04-22T12:00:00Z,"['0.007', '0.993']",398015,highest-temperature-in-jakarta-on-april-22-2026,Highest temperature in Jakarta on April 22?
2029976,Will the highest temperature in Jeddah be 25°C or below on April 22?,Yes,No,103658015283812394966019478275369225274362066480431897864471710775847079675368,109916207084695746338956082625624930255250512892755978336374174016768844460068,0x9845e68cde4469cf4581a294dc41b9bbf533170942519f6e71d40021e25983e3,True,highest-temperature-in-jeddah-on-april-22-2026-25corbelow,659.703,2026-04-20 04:07:12.784556+00:00,False,True,False,2026-04-22T12:00:00Z,"['0.0015', '0.9985']",398016,highest-temperature-in-jeddah-on-april-22-2026,Highest temperature in Jeddah on April 22?
2029977,Will the highest temperature in Jeddah be 26°C on April 22?,Yes,No,68266004679753378510679068852972612845819605725925100427224915753357497405387,111317059618960217555178184717836178443449452608124585347208130237826549714185,0xae1b02ce2300b709031006af303bbcf05a9a2044ba9f3ad3972fea5065f8f16e,True,highest-temperature-in-jeddah-on-april-22-2026-26c,4817.571152999998,2026-04-20 04:07:12.887749+00:00,False,True,False,2026-04-22T12:00:00Z,"['0.0015', '0.9985']",398016,highest-temperature-in-jeddah-on-april-22-2026,Highest temperature in Jeddah on April 22?
2029978,Will the highest temperature in Jeddah be 27°C on April 22?,Yes,No,82375557594146245046417900912797929884550379874530799148426879760448657783932,24065900982585942758552551167803220452735205918132592276860213225503830406834,0x9ab046bf8eaa38a79e0b289f251f9675a600d4a83117a611e60b8aaf6bb1f5f4,True,highest-temperature-in-jeddah-on-april-22-2026-27c,3103.2454120000007,2026-04-20 04:07:12.989294+00:00,False,True,False,2026-04-22T12:00:00Z,"['0.0025', '0.9975']",398016,highest-temperature-in-jeddah-on-april-22-2026,Highest temperature in Jeddah on April 22?
2029979,Will the highest temperature in Jeddah be 28°C on April 22?,Yes,No,75604075500768784813774228351650871278385519939605316736126864353204129776386,110759384501003681070209689821322144103345438093629386856509250134845732282524,0x9ba8576e7147e13afb75069670dca05f323cdd459f3fd53bb68a661c91015980,True,highest-temperature-in-jeddah-on-april-22-2026-28c,1018.5127750000004,2026-04-20 04:07:13.089380+00:00,False,True,False,2026-04-22T12:00:00Z,"['0.0095', '0.9905']",398016,highest-temperature-in-jeddah-on-april-22-2026,Highest temperature in Jeddah on April 22?
2029980,Will the highest temperature in Jeddah be 29°C on April 22?,Yes,No,85976046429834330305778501818386575705019975630672745628668594318339587138259,112404500983747405866138593690611899164568989689112254468408057813542215669179,0x789e1f142c548216737c0aa39f90aace47c7d79b723ba1f91b74185778687127,True,highest-temperature-in-jeddah-on-april-22-2026-29c,378.359025,2026-04-20 04:07:13.187890+00:00,False,True,False,2026-04-22T12:00:00Z,"['0.013', '0.987']",398016,highest-temperature-in-jeddah-on-april-22-2026,Highest temperature in Jeddah on April 22?
2029981,Will the highest temperature in Jeddah be 30°C on April 22?,Yes,No,59036403940966605252183518346014659543828339808968694607150488406416860911010,33244901423844248749087477346668632083686803856194158483969170833147855866304,0xd79b35c466aedc37abe4c87649bc01ffecc11e17aea52a87d78ecd328c95617e,True,highest-temperature-in-jeddah-on-april-22-2026-30c,155.93075599999997,2026-04-20 04:07:13.288154+00:00,False,True,False,2026-04-22T12:00:00Z,"['0.035', '0.965']",398016,highest-temperature-in-jeddah-on-april-22-2026,Highest temperature in Jeddah on April 22?
2029982,Will the highest temperature in Jeddah be 31°C on April 22?,Yes,No,4879479347019268942361116101899006523685124915629313631567992955426298776704,37890443069325075162317757267237272331575459746194115342127308105008508272768,0xfe32bafbe1dc8843bdde912a739c626bbf18974035fab39d4deb536ab98e4a0e,True,highest-temperature-in-jeddah-on-april-22-2026-31c,287.24334100000004,2026-04-20 04:07:13.386278+00:00,False,True,False,2026-04-22T12:00:00Z,"['0.12', '0.88']",398016,highest-temperature-in-jeddah-on-april-22-2026,Highest temperature in Jeddah on April 22?
2029983,Will the highest temperature in Jeddah be 32°C on April 22?,Yes,No,77298444048029961307370770539729030255203952205520618616243557742512069943384,109604125806269288376293284014503725042722064848677856391300230192301069558738,0x98468fe1d906bc3635babcbb219e59e0cd832d07171c5db8aba4fd9008734a3f,True,highest-temperature-in-jeddah-on-april-22-2026-32c,55.465471,2026-04-20 04:07:13.524510+00:00,False,True,False,2026-04-22T12:00:00Z,"['0.225', '0.775']",398016,highest-temperature-in-jeddah-on-april-22-2026,Highest temperature in Jeddah on April 22?
2029984,Will the highest temperature in Jeddah be 33°C on April 22?,Yes,No,45280178930043757269559303430548841538113222364560893375107575898826750226207,52411426842348286459426024583660476195586988943085617928638274568821504286960,0xdd0455a722ddaa66f22c7f8def7ce0b103f1640d8228ee6eeffc14fcfc329ea1,True,highest-temperature-in-jeddah-on-april-22-2026-33c,90.037172,2026-04-20 04:07:13.672446+00:00,False,True,False,2026-04-22T12:00:00Z,"['0.345', '0.655']",398016,highest-temperature-in-jeddah-on-april-22-2026,Highest temperature in Jeddah on April 22?
2029985,Will the highest temperature in Jeddah be 34°C on April 22?,Yes,No,3682527073966971267548743114361293813248875439060050064681183328923040658607,88780297546022766979034401230812472212118211118651050645521342953171379361922,0x87767ea9843dbef7845dc216e2805040cf37c4a38149d13825fbccb447564ac0,True,highest-temperature-in-jeddah-on-april-22-2026-34c,126.4,2026-04-20 04:07:13.807681+00:00,False,True,False,2026-04-22T12:00:00Z,"['0.16', '0.84']",398016,highest-temperature-in-jeddah-on-april-22-2026,Highest temperature in Jeddah on April 22?
2029986,Will the highest temperature in Jeddah be 35°C or higher on April 22?,Yes,No,18788130701087276278386181854527754296964235814721237380064563425753078615866,105505700207872530342355506626467259253621491221588617940490028256303810696422,0x54bb6e272294271ec0e22849c8dae22c0bcba3cf0398da73518be6ec814fb0d9,True,highest-temperature-in-jeddah-on-april-22-2026-35corhigher,729.289768,2026-04-20 04:07:13.906769+00:00,False,True,False,2026-04-22T12:00:00Z,"['0.0325', '0.9675']",398016,highest-temperature-in-jeddah-on-april-22-2026,Highest temperature in Jeddah on April 22?
2029987,Will the highest temperature in Lagos be 29°C or below on April 22?,Yes,No,99330566147619109742284907712281021221532200482702215820673693029708009308999,111548804458285413013343414380203985739359689898835021437482311457054034986397,0x08c1202fb5b759518c939f3ce71c3d9079d8f0161d5f635381e194f20ff24557,True,highest-temperature-in-lagos-on-april-22-2026-29corbelow,3106.1186709999997,2026-04-20 04:07:17.281176+00:00,False,True,False,2026-04-22T12:00:00Z,"['0.0375', '0.9625']",398017,highest-temperature-in-lagos-on-april-22-2026,Highest temperature in Lagos on April 22?
2029988,Will the highest temperature in Lagos be 30°C on April 22?,Yes,No,26745877779874695930092471788673276294836097055810822551949307899593524740101,89706626872330045618042067339756872038619607314406401394194512342802191793518,0x43fa11b188f5ffa2c65eb5685384f942d2689fb8594fce1c019bf157e8fb3fbf,True,highest-temperature-in-lagos-on-april-22-2026-30c,944.0406679999999,2026-04-20 04:07:17.381319+00:00,False,True,False,2026-04-22T12:00:00Z,"['0.0125', '0.9875']",398017,highest-temperature-in-lagos-on-april-22-2026,Highest temperature in Lagos on April 22?
2029989,Will the highest temperature in Lagos be 31°C on April 22?,Yes,No,20477258690472759085236889606507324880872735279614464258235424614068585311226,40384841999284333872884483889465115089859694224526592187209894909474522818114,0xfa2d5783ce7bc723152752a1092a863045249d48eeadc2d4ed01cf94697240f2,True,highest-temperature-in-lagos-on-april-22-2026-31c,1023.7102219999999,2026-04-20 04:07:17.483145+00:00,False,True,False,2026-04-22T12:00:00Z,"['0.0755', '0.9245']",398017,highest-temperature-in-lagos-on-april-22-2026,Highest temperature in Lagos on April 22?
2029990,Will the highest temperature in Lagos be 32°C on April 22?,Yes,No,48249503353108444097571571287670066916813342913182746794331720527490527888521,79577297205284002865144209202428000434664856541036912481432443616951120142658,0x164461f4ace853eeaa5919c8d2f2c7cf7ddc0926813a9ecea824f04b3627b69c,True,highest-temperature-in-lagos-on-april-22-2026-32c,469.310886,2026-04-20 04:07:17.581956+00:00,False,True,False,2026-04-22T12:00:00Z,"['0.225', '0.775']",398017,highest-temperature-in-lagos-on-april-22-2026,Highest temperature in Lagos on April 22?
2029991,Will the highest temperature in Lagos be 33°C on April 22?,Yes,No,89141792567764107738561613340088299651002527184088230811422531812150246577735,31655655372412858489818435878692245213626294785905200200857427552998257647420,0xcda2d59610ddbbbcb4a6c69e9bc81bf803951bee8efa8d2a909b441bc89bb356,True,highest-temperature-in-lagos-on-april-22-2026-33c,333.621558,2026-04-20 04:07:17.680657+00:00,False,True,False,2026-04-22T12:00:00Z,"['0.35', '0.65']",398017,highest-temperature-in-lagos-on-april-22-2026,Highest temperature in Lagos on April 22?
2029992,Will the highest temperature in Lagos be 34°C on April 22?,Yes,No,53487506733170673423814207927748229023202197765912487347248849442611781168657,69381179158797012883731213013531650842283352179005768687104123135862903306658,0xf5ec7d5a107d30b6f284fa2192d9e90ada4082bed8254a0b43b904fb027d5c60,True,highest-temperature-in-lagos-on-april-22-2026-34c,216.97999999999996,2026-04-20 04:07:17.778757+00:00,False,True,False,2026-04-22T12:00:00Z,"['0.205', '0.795']",398017,highest-temperature-in-lagos-on-april-22-2026,Highest temperature in Lagos on April 22?
2029993,Will the highest temperature in Lagos be 35°C on April 22?,Yes,No,105369550998310508040523247335084661226771664174169857960939187170031103504679,111619689751741430881453970509121633860658382247739659823974099087256864148761,0x4adb9b30f174e08ad3865690d2a5549030fd724c075455f573ed4c986d8e9874,True,highest-temperature-in-lagos-on-april-22-2026-35c,160.14142699999996,2026-04-20 04:07:17.878356+00:00,False,True,False,2026-04-22T12:00:00Z,"['0.065', '0.935']",398017,highest-temperature-in-lagos-on-april-22-2026,Highest temperature in Lagos on April 22?
2029994,Will the highest temperature in Lagos be 36°C on April 22?,Yes,No,39433566894330407605447559051407481208031705261568454603225201234138626355293,33311689920119367329426133796843109207528695634941384982561684941817497304763,0x82086862615bc4c0837318c2ad599a68edb2b6ef85ecdfdb640d37808d257ad8,True,highest-temperature-in-lagos-on-april-22-2026-36c,348.347424,2026-04-20 04:07:17.979060+00:00,False,True,False,2026-04-22T12:00:00Z,"['0.065', '0.935']",398017,highest-temperature-in-lagos-on-april-22-2026,Highest temperature in Lagos on April 22?
2029995,Will the highest temperature in Lagos be 37°C on April 22?,Yes,No,39790575150005864502035112061767534106841339306960941347649609867025460648353,59486969731466414546548972518484951773248067869823213385348837465115547481681,0x13e081035bf10a67c7faf2adde3912d26da6986a5aa7c097d0a134ab4a075717,True,highest-temperature-in-lagos-on-april-22-2026-37c,544.1242800000001,2026-04-20 04:07:18.080020+00:00,False,True,False,2026-04-22T12:00:00Z,"['0.0095', '0.9905']",398017,highest-temperature-in-lagos-on-april-22-2026,Highest temperature in Lagos on April 22?
2029996,Will the highest temperature in Lagos be 38°C on April 22?,Yes,No,74394795141964861201393574728372712702334968668471136346042636908789022383020,70124399024253937088271250793854875636837788037350459837333488480132019489489,0x159449eb448f4c1e78fdf3a604f8496664d0181b039340df1def16f2c3cddcef,True,highest-temperature-in-lagos-on-april-22-2026-38c,702.705,2026-04-20 04:07:18.181199+00:00,False,True,False,2026-04-22T12:00:00Z,"['0.0025', '0.9975']",398017,highest-temperature-in-lagos-on-april-22-2026,Highest temperature in Lagos on April 22?
2029997,Will the highest temperature in Lagos be 39°C or higher on April 22?,Yes,No,40525094867487095160128366586619176719959608154468612148588188291567178723953,74496164118066578383547842189454948134222363728736522996874831483407638211197,0xd45c8b49f2eb7b97cb6d7967ef5dfe0fcbfff7c8285aa43d93bc3bfa43ebf265,True,highest-temperature-in-lagos-on-april-22-2026-39corhigher,713.7860000000001,2026-04-20 04:07:18.280886+00:00,False,True,False,2026-04-22T12:00:00Z,"['0.0015', '0.9985']",398017,highest-temperature-in-lagos-on-april-22-2026,Highest temperature in Lagos on April 22?
2029998,Will the highest temperature in Cape Town be 15°C or below on April 22?,Yes,No,83553121778503372429795380499740655957702070596330469211876325406959353983714,70673936367769058202196375556169906871444502528490297739772273207197132991394,0x6ce2830cb60319f073af31391a985fe269f6c34bef9ad0ac9db5bafd97f2c75f,True,highest-temperature-in-cape-town-on-april-22-2026-15corbelow,426.691,2026-04-20 04:07:21.280878+00:00,False,True,False,2026-04-22T12:00:00Z,"['0.003', '0.997']",398018,highest-temperature-in-cape-town-on-april-22-2026,Highest temperature in Cape Town on April 22?
2029999,Will the highest temperature in Cape Town be 16°C on April 22?,Yes,No,73486111923200100954264613488158642440518982751519521927643342291383029052636,76545055654109886989731840828292884183714627379046482809310157041691954659710,0x614781557ad94655961e2163e94160674527751ba8e7bbfa88f71c43f524dc32,True,highest-temperature-in-cape-town-on-april-22-2026-16c,686.575119,2026-04-20 04:07:21.379704+00:00,False,True,False,2026-04-22T12:00:00Z,"['0.0055', '0.9945']",398018,highest-temperature-in-cape-town-on-april-22-2026,Highest temperature in Cape Town on April 22?
2030000,Will the highest temperature in Cape Town be 17°C on April 22?,Yes,No,45034981107230944691055713913364430717361614276611287210899145689401398712839,108993137793104314749683814869251231598770366838863431993516581921132424041505,0x20c48731c452e664594544b18ed2f5122afc62af1ae348ac984d528533c541c6,True,highest-temperature-in-cape-town-on-april-22-2026-17c,413.02457400000003,2026-04-20 04:07:21.479966+00:00,False,True,False,2026-04-22T12:00:00Z,"['0.022', '0.978']",398018,highest-temperature-in-cape-town-on-april-22-2026,Highest temperature in Cape Town on April 22?
2030001,Will the highest temperature in Cape Town be 18°C on April 22?,Yes,No,49956809318602570605751929629285863200192410753124997176234493837717485274859,83831956252692447049215703096603358858311835448617705302052749324755844807176,0x9928da189ed681999ef38d1cb7dde4cf4fc4d5880ce656bc810003d26a1143d7,True,highest-temperature-in-cape-town-on-april-22-2026-18c,537.223756,2026-04-20 04:07:21.580373+00:00,False,True,False,2026-04-22T12:00:00Z,"['0.11', '0.89']",398018,highest-temperature-in-cape-town-on-april-22-2026,Highest temperature in Cape Town on April 22?
2030002,Will the highest temperature in Cape Town be 19°C on April 22?,Yes,No,57129024715458831221044297255479890611344193125699001428727986237578206011757,50049446956444394845254876218093857479994611264776181040820611272594354509263,0xa54d619a2461239312acf289d44fa48f30442f379849d5e9708d7385dc6bf00c,True,highest-temperature-in-cape-town-on-april-22-2026-19c,274.860553,2026-04-20 04:07:21.682422+00:00,False,True,False,2026-04-22T12:00:00Z,"['0.365', '0.635']",398018,highest-temperature-in-cape-town-on-april-22-2026,Highest temperature in Cape Town on April 22?
2030003,Will the highest temperature in Cape Town be 20°C on April 22?,Yes,No,75585380481444053899160852687398209346572401366439499074288265154172995211247,80668197684987281556301646351218296020166027107768884900413750012950467423285,0x249dc4c3248e5cd26a8c7194c8ebb0286a44563c52ecf3631d32ac260e5f7241,True,highest-temperature-in-cape-town-on-april-22-2026-20c,186.811895,2026-04-20 04:07:21.781446+00:00,False,True,False,2026-04-22T12:00:00Z,"['0.32', '0.68']",398018,highest-temperature-in-cape-town-on-april-22-2026,Highest temperature in Cape Town on April 22?
2030004,Will the highest temperature in Cape Town be 21°C on April 22?,Yes,No,99516453943212025256217653080418096563738505686761381864878493188774805665043,89169353202802789045008863380363132296834969442173387855461734264638475506526,0x7f96c2085fe9d038f8039b956de4737d53fda15a369689b8e33e317cefae6781,True,highest-temperature-in-cape-town-on-april-22-2026-21c,123.53,2026-04-20 04:07:21.880418+00:00,False,True,False,2026-04-22T12:00:00Z,"['0.235', '0.765']",398018,highest-temperature-in-cape-town-on-april-22-2026,Highest temperature in Cape Town on April 22?
2030005,Will the highest temperature in Cape Town be 22°C on April 22?,Yes,No,78076211383508763290742956791081324034145771919812074893958613487681446704347,61395808199327597484811505524333928754724939072366250257318277167734631532515,0xe92b8c3c82c2822bf0284e8f08a7cb1b5bc108f8f0c442448d7c56485f9843b0,True,highest-temperature-in-cape-town-on-april-22-2026-22c,556.458578,2026-04-20 04:07:21.978694+00:00,False,True,False,2026-04-22T12:00:00Z,"['0.025', '0.975']",398018,highest-temperature-in-cape-town-on-april-22-2026,Highest temperature in Cape Town on April 22?
2030006,Will the highest temperature in Cape Town be 23°C on April 22?,Yes,No,85090630773694208609094523447361912650367834267210195315626134295372282450318,92266546109471118664949941029169261481775233178514967853227305633839818595951,0x222f0ac2fddfe467a5846f329746676c8b941d1d14ab0d9ae95b9fb7724cf74f,True,highest-temperature-in-cape-town-on-april-22-2026-23c,435.71217499999995,2026-04-20 04:07:22.080102+00:00,False,True,False,2026-04-22T12:00:00Z,"['0.006', '0.994']",398018,highest-temperature-in-cape-town-on-april-22-2026,Highest temperature in Cape Town on April 22?
2030007,Will the highest temperature in Cape Town be 24°C on April 22?,Yes,No,40809132449840227782381841249806050366983077713464235043576543239237132381485,112641349595630010542304243161271276010051916972281977718636676279655339061509,0xae04e012554ab685d1a1a28c62f8a74a82424c7469f68de2d6e29f2d54dd5096,True,highest-temperature-in-cape-town-on-april-22-2026-24c,246.75,2026-04-20 04:07:22.182972+00:00,False,True,False,2026-04-22T12:00:00Z,"['0.0035', '0.9965']",398018,highest-temperature-in-cape-town-on-april-22-2026,Highest temperature in Cape Town on April 22?
2030008,Will the highest temperature in Cape Town be 25°C or higher on April 22?,Yes,No,75055872631515420041090566795086477963611787593693579134036359318375348621631,99879068588554550348166471734196711903654795830662749258813438837658380148431,0x1da9780680a0c34edcea68132981d63af770ce6966740dc694c14c7e19a2eb7b,True,highest-temperature-in-cape-town-on-april-22-2026-25corhigher,1105.461,2026-04-20 04:07:22.285520+00:00,False,True,False,2026-04-22T12:00:00Z,"['0.001', '0.999']",398018,highest-temperature-in-cape-town-on-april-22-2026,Highest temperature in Cape Town on April 22?
2030014,Will the highest temperature in Guangzhou be 27°C or below on April 22?,Yes,No,37042498734750508372374538992781832945132772789917245844844811169950896958931,25660897708104234360551940389689557512898208839667425171510776311108510264492,0x5c134c6685bdaf37a997471fc90e106ad0552a148e8934a1889416969e157462,True,highest-temperature-in-guangzhou-on-april-22-2026-27corbelow,888.9644230000001,2026-04-20 04:07:25.458241+00:00,False,True,False,2026-04-22T12:00:00Z,"['0.0075', '0.9925']",398024,highest-temperature-in-guangzhou-on-april-22-2026,Highest temperature in Guangzhou on April 22?
2030015,Will the highest temperature in Guangzhou be 28°C on April 22?,Yes,No,40969380617767402358001993512375578286515834926226338760645137816063049145965,72587934519380301617159230201636026225913557872661812352195542818409844739869,0xd36a632e94a25041d836a6ed0ffc780fa93e40b59cbaca823138bb1ba260b371,True,highest-temperature-in-guangzhou-on-april-22-2026-28c,1148.238576,2026-04-20 04:07:25.561528+00:00,False,True,False,2026-04-22T12:00:00Z,"['0.025', '0.975']",398024,highest-temperature-in-guangzhou-on-april-22-2026,Highest temperature in Guangzhou on April 22?
2030017,Will the highest temperature in Guangzhou be 29°C on April 22?,Yes,No,91164659103894129287130753706469173184795234517383076403534047746132047884141,67694520432399889097444728584795481516610515959229552272519000234385616400169,0xa17f561b0678959487ea528f607029c2e10a92150e4e5fd8ed920cec26ecb04b,True,highest-temperature-in-guangzhou-on-april-22-2026-29c,283.97738400000003,2026-04-20 04:07:25.661666+00:00,False,True,False,2026-04-22T12:00:00Z,"['0.115', '0.885']",398024,highest-temperature-in-guangzhou-on-april-22-2026,Highest temperature in Guangzhou on April 22?
2030027,Will the highest temperature in Guangzhou be 30°C on April 22?,Yes,No,94749368606364730874769512635800406845451872270332963033590478242975568942690,32190107751786122773885662854645512646698269795028576542901194449224545151850,0x0b103787e1334508aee8c1dd58841e0b90d5d3f9c1b16fd50933fae700edabcf,True,highest-temperature-in-guangzhou-on-april-22-2026-30c,257.724107,2026-04-20 04:07:26.849549+00:00,False,True,False,2026-04-22T12:00:00Z,"['0.34', '0.66']",398024,highest-temperature-in-guangzhou-on-april-22-2026,Highest temperature in Guangzhou on April 22?
2030028,Will the highest temperature in Guangzhou be 31°C on April 22?,Yes,No,84169505395065748713742353261025946331639827168448976419778321318579409238283,84687490200799447589802604174583143683846816628882999314737217443858668236699,0xf34e91bf66500e8b830a90beace84fff6ef086ce506917832a7e8b841ebf57d5,True,highest-temperature-in-guangzhou-on-april-22-2026-31c,190.152737,2026-04-20 04:07:26.950827+00:00,False,True,False,2026-04-22T12:00:00Z,"['0.345', '0.655']",398024,highest-temperature-in-guangzhou-on-april-22-2026,Highest temperature in Guangzhou on April 22?
2030029,Will the highest temperature in Guangzhou be 32°C on April 22?,Yes,No,1334873502648642738917857207408632546648675461858048307970308024076530996166,110569477617556346857299449146781407266048824038707957202191275439664393087240,0x2d489c00afde5c7103f67de52df7088b02dd7a3af75b71e142cd60cd28894a15,True,highest-temperature-in-guangzhou-on-april-22-2026-32c,403.537862,2026-04-20 04:07:27.053347+00:00,False,True,False,2026-04-22T12:00:00Z,"['0.195', '0.805']",398024,highest-temperature-in-guangzhou-on-april-22-2026,Highest temperature in Guangzhou on April 22?
2030031,Will the highest temperature in Guangzhou be 33°C on April 22?,Yes,No,33556555120402022535364348513277482108902552465795582593067153003178584064326,72438238833956051120859801915511983586446977849052085397003041831309033442283,0x038a7acb2b81ca575c6575be743cff7e38152ed8f3cb968b69b6a0c553e958f0,True,highest-temperature-in-guangzhou-on-april-22-2026-33c,433.57023899999996,2026-04-20 04:07:27.155653+00:00,False,True,False,2026-04-22T12:00:00Z,"['0.0375', '0.9625']",398024,highest-temperature-in-guangzhou-on-april-22-2026,Highest temperature in Guangzhou on April 22?
2030035,Will the highest temperature in Guangzhou be 34°C on April 22?,Yes,No,34400771398715013358623255468220463585828626953522335355852457661555889073266,11877590581238519061766599437736358761969678131097064549533361365473059507733,0x442c63f0a40a417034fd795fa32a60277cf33ff05ad15a8d90cbd6a93662efdd,True,highest-temperature-in-guangzhou-on-april-22-2026-34c,1283.395125,2026-04-20 04:07:27.257976+00:00,False,True,False,2026-04-22T12:00:00Z,"['0.0125', '0.9875']",398024,highest-temperature-in-guangzhou-on-april-22-2026,Highest temperature in Guangzhou on April 22?
2030036,Will the highest temperature in Guangzhou be 35°C on April 22?,Yes,No,52559124404929125310480957484427937002597162346085073124142520771958005612203,26280082993357144153499186447389146611103158592747104042329656918578849983355,0x06cd3f6f7c2dfe726422376b9308c2424bd2de46e1c1d967da49d683ea46eec8,True,highest-temperature-in-guangzhou-on-april-22-2026-35c,307.71700000000004,2026-04-20 04:07:27.360286+00:00,False,True,False,2026-04-22T12:00:00Z,"['0.0035', '0.9965']",398024,highest-temperature-in-guangzhou-on-april-22-2026,Highest temperature in Guangzhou on April 22?
2030038,Will the highest temperature in Guangzhou be 36°C on April 22?,Yes,No,50086012299912705288347136198088782091730812973385619530340831861031674903916,111935001435998593676872081947238905441783394119385722635663831020239224761376,0xeef29e62d2baad6c1706b949858a1f0a8879ee0cb83baddbb31e7d41b4dbca87,True,highest-temperature-in-guangzhou-on-april-22-2026-36c,613.06475,2026-04-20 04:07:27.461858+00:00,False,True,False,2026-04-22T12:00:00Z,"['0.003', '0.997']",398024,highest-temperature-in-guangzhou-on-april-22-2026,Highest temperature in Guangzhou on April 22?
2030039,Will the highest temperature in Guangzhou be 37°C or higher on April 22?,Yes,No,21916069627236776977406814923270131318298868758479519661752215915934346526990,22508006192648315786300198770215125675751440643061627862540403917652553921669,0x17c8cefdae34dc5521050fe200172ad0b4bc35f82b40631fc567de6414608ca2,True,highest-temperature-in-guangzhou-on-april-22-2026-37corhigher,783.799332,2026-04-20 04:07:27.564181+00:00,False,True,False,2026-04-22T12:00:00Z,"['0.002', '0.998']",398024,highest-temperature-in-guangzhou-on-april-22-2026,Highest temperature in Guangzhou on April 22?
2030041,Will the highest temperature in Karachi be 24°C or below on April 22?,Yes,No,11614546418885640956351277474408619070388145113431293365561521695001952274187,101625678678924141740035839321129069721286656094841610561202914047409856617951,0xabd3789ab714955aa3b6365a262f3372e8b47356ad1386c95fcd24259e7b6a90,True,highest-temperature-in-karachi-on-april-22-2026-24corbelow,636.187,2026-04-20 04:07:30.833839+00:00,False,True,False,2026-04-22T12:00:00Z,"['0.001', '0.999']",398041,highest-temperature-in-karachi-on-april-22-2026,Highest temperature in Karachi on April 22?
2030042,Will the highest temperature in Karachi be 25°C on April 22?,Yes,No,2140068050328870196778464775712422046174131724833263416343537505186190427768,43992378432528303248187585977791355822712042265864218677324215902610598117073,0xc7ec79d826cb8df2d817760fd67d29b6b62ee72aacff48619083184580ba49f3,True,highest-temperature-in-karachi-on-april-22-2026-25c,838.8354,2026-04-20 04:07:30.936657+00:00,False,True,False,2026-04-22T12:00:00Z,"['0.004', '0.996']",398041,highest-temperature-in-karachi-on-april-22-2026,Highest temperature in Karachi on April 22?
2030043,Will the highest temperature in Karachi be 26°C on April 22?,Yes,No,19551589585358859914093525277064261809082626538710905138032234033784899806739,26855402153800424993555200540396431946731525453634452244395006767440426569659,0xdaebdcb30b22266266fe495e975ed006c8dc607a02f6fc6ceed9316a541d7c8b,True,highest-temperature-in-karachi-on-april-22-2026-26c,629.2582,2026-04-20 04:07:31.037675+00:00,False,True,False,2026-04-22T12:00:00Z,"['0.0015', '0.9985']",398041,highest-temperature-in-karachi-on-april-22-2026,Highest temperature in Karachi on April 22?
2030044,Will the highest temperature in Karachi be 27°C on April 22?,Yes,No,75756727442988734177429041594185755513595400182353334841729772979295965697774,21321037224350964632398851831049548449457587240520164001829132127342254653903,0xf5a20ce2094b7d1b4d9861feb4b6d21518d64c641da094b3d8754d801fe87ba3,True,highest-temperature-in-karachi-on-april-22-2026-27c,563.570333,2026-04-20 04:07:31.140591+00:00,False,True,False,2026-04-22T12:00:00Z,"['0.0025', '0.9975']",398041,highest-temperature-in-karachi-on-april-22-2026,Highest temperature in Karachi on April 22?
2030045,Will the highest temperature in Karachi be 28°C on April 22?,Yes,No,108869538638825446079916908618391683074115755713447075303317086308873113930449,101117291596695760934197222211527403046337422020080245896871318241813665249676,0x64338a2bda51de911698a54864fc82e8ebab795c9ff2f47e1fb93658f48921a8,True,highest-temperature-in-karachi-on-april-22-2026-28c,458.8749189999999,2026-04-20 04:07:31.241588+00:00,False,True,False,2026-04-22T12:00:00Z,"['0.006', '0.994']",398041,highest-temperature-in-karachi-on-april-22-2026,Highest temperature in Karachi on April 22?
2030046,Will the highest temperature in Karachi be 29°C on April 22?,Yes,No,40420726525470099081875802280461484986469647554183565553196882910228864704602,83280709694103763016723670604535502891452570301459303637052275684605425078028,0xe993e7973ff5437579e0e231f88f1924a4c7121c4893c005cad5b2c9a391e4d8,True,highest-temperature-in-karachi-on-april-22-2026-29c,307.40392499999996,2026-04-20 04:07:32.439210+00:00,False,True,False,2026-04-22T12:00:00Z,"['0.008', '0.992']",398041,highest-temperature-in-karachi-on-april-22-2026,Highest temperature in Karachi on April 22?
2030047,Will the highest temperature in Karachi be 30°C on April 22?,Yes,No,73428036128124058689040954277422958107545457804417278513089840110397879641908,22350690361046835481826817220448415402039995962866343818495692773817201325096,0x35af8a294b49f661786edce9913d71d3af190ca4cc4aead8a9997d93f7688b01,True,highest-temperature-in-karachi-on-april-22-2026-30c,397.003148,2026-04-20 04:07:32.539749+00:00,False,True,False,2026-04-22T12:00:00Z,"['0.075', '0.925']",398041,highest-temperature-in-karachi-on-april-22-2026,Highest temperature in Karachi on April 22?
2030048,Will the highest temperature in Karachi be 31°C on April 22?,Yes,No,28023842380696162654347410559811731953924751488088256357954779745074706991593,102463779405881159199872953583072686528711185296409744329396650117037120676553,0x03ae16d63ddfc929cb6b525f63078d2a55723073666f5804fdb6e23531f7bb31,True,highest-temperature-in-karachi-on-april-22-2026-31c,165.65922899999998,2026-04-20 04:07:32.641457+00:00,False,True,False,2026-04-22T12:00:00Z,"['0.14', '0.86']",398041,highest-temperature-in-karachi-on-april-22-2026,Highest temperature in Karachi on April 22?
2030049,Will the highest temperature in Karachi be 32°C on April 22?,Yes,No,26066400312388596562755734001944543179828945733798747717657632989447691797999,70108918489978282243039923772834988253225342177972897053828346924751562040985,0xaed6cbecafbf08e86f1f0f9967bcc709aad2c84c816c1046b525cb2890508f39,True,highest-temperature-in-karachi-on-april-22-2026-32c,163.180865,2026-04-20 04:07:32.743073+00:00,False,True,False,2026-04-22T12:00:00Z,"['0.385', '0.615']",398041,highest-temperature-in-karachi-on-april-22-2026,Highest temperature in Karachi on April 22?
2030050,Will the highest temperature in Karachi be 33°C on April 22?,Yes,No,19356147853446429408543439696814467468057839058440689787569514693371122377029,27672123991264538019170344847972189514856675808761439414738115263111942412268,0x919b6ec6ecb4fcb6a3ee795fc9cf1ac11b359e7e103a990b82c89d7f44e0d7c3,True,highest-temperature-in-karachi-on-april-22-2026-33c,212.467402,2026-04-20 04:07:32.844977+00:00,False,True,False,2026-04-22T12:00:00Z,"['0.295', '0.705']",398041,highest-temperature-in-karachi-on-april-22-2026,Highest temperature in Karachi on April 22?
2030051,Will the highest temperature in Karachi be 34°C or higher on April 22?,Yes,No,69378750143251453826464092070366896568598682214916504493868459362850576165108,31223145885436194088977180598603625544346975553657870050047936474397748235812,0xbe4246135e82e3fcf9c408f39169d62431b41c921181b0c3bef659dce99b8842,True,highest-temperature-in-karachi-on-april-22-2026-34corhigher,344.37117900000004,2026-04-20 04:07:32.947495+00:00,False,True,False,2026-04-22T12:00:00Z,"['0.24', '0.76']",398041,highest-temperature-in-karachi-on-april-22-2026,Highest temperature in Karachi on April 22?
2030052,Will the highest temperature in Manila be 28°C or below on April 22?,Yes,No,85295726744533478289119650907210930611946336120860267760973315425984804330682,31132788812700781799879215256419113545671333493634758120062060321872560069775,0xffbb2e4e2eda9a82049115cc555f1377aaedf6a3fdc74d5f1e67153bb4cb9cb6,True,highest-temperature-in-manila-on-april-22-2026-28corbelow,1506.245087,2026-04-20 04:07:37.030862+00:00,False,True,False,2026-04-22T12:00:00Z,"['0.002', '0.998']",398042,highest-temperature-in-manila-on-april-22-2026,Highest temperature in Manila on April 22?
2030053,Will the highest temperature in Manila be 29°C on April 22?,Yes,No,73826961025506456978515365697293937643978751531733607993607363245242209039105,74392359607784690090608033384324365173666454293429538358527129617963204204586,0xf20ae21919ebf6be0ee04ed2de52c4b75f93e3d085c242f86b5eb4f559c09464,True,highest-temperature-in-manila-on-april-22-2026-29c,619.131006,2026-04-20 04:07:37.132256+00:00,False,True,False,2026-04-22T12:00:00Z,"['0.003', '0.997']",398042,highest-temperature-in-manila-on-april-22-2026,Highest temperature in Manila on April 22?
2030054,Will the highest temperature in Manila be 30°C on April 22?,Yes,No,51255194523158001437603036914022997631416531591107479474173293743911152608444,41860489254386914838853353114314406674049040878980255847241316367835072597627,0x6b9b8ae27d3e43c1ad3964e6af58a7d4cceeb2a2c8d16b59a785efd61361cf3a,True,highest-temperature-in-manila-on-april-22-2026-30c,579.358016,2026-04-20 04:07:37.235028+00:00,False,True,False,2026-04-22T12:00:00Z,"['0.002', '0.998']",398042,highest-temperature-in-manila-on-april-22-2026,Highest temperature in Manila on April 22?
2030055,Will the highest temperature in Manila be 31°C on April 22?,Yes,No,12170477261426877470464279838973627427137981907972638521416400167767461557119,42029130096004020108509814858494557724346365832386859078138680554881182603741,0x2c5ac92dc6fc7f464081339c395aa22f5a087e3dfa0fb344b1c3a93b11a1047d,True,highest-temperature-in-manila-on-april-22-2026-31c,1713.534799,2026-04-20 04:07:37.336704+00:00,False,True,False,2026-04-22T12:00:00Z,"['0.0065', '0.9935']",398042,highest-temperature-in-manila-on-april-22-2026,Highest temperature in Manila on April 22?
2030056,Will the highest temperature in Manila be 32°C on April 22?,Yes,No,45064136021565703258257088020970184068070873503632427928628017408813155754124,23390205213906561695898279938908745024622078162473996168307294442083475693268,0x775b0e9478a1e34b24fe7625f73a69443ca47cbd6a147146be9c6fb2bd10c270,True,highest-temperature-in-manila-on-april-22-2026-32c,1382.662988,2026-04-20 04:07:37.440877+00:00,False,True,False,2026-04-22T12:00:00Z,"['0.0105', '0.9895']",398042,highest-temperature-in-manila-on-april-22-2026,Highest temperature in Manila on April 22?
2030057,Will the highest temperature in Manila be 33°C on April 22?,Yes,No,106747721706979097307847323177746345090431359656088520959391003086579791368371,61469949623854212499395958559103678543504400375018066098820411548473411615825,0xd9b9a89990adf1872a640af864b4db07dfe20b09132b1d8e35394d2f032a9789,True,highest-temperature-in-manila-on-april-22-2026-33c,758.8954310000001,2026-04-20 04:07:37.544525+00:00,False,True,False,2026-04-22T12:00:00Z,"['0.074', '0.926']",398042,highest-temperature-in-manila-on-april-22-2026,Highest temperature in Manila on April 22?
2030058,Will the highest temperature in Manila be 34°C on April 22?,Yes,No,96144046608258112860160061477294974678004535439222085572667228288725568622631,87483395024713326918513671498596964394520491781188743794042675360144916484165,0x8e76970f93da49c95e996e42f21875627e52264a243591e98e5bb348d48512c9,True,highest-temperature-in-manila-on-april-22-2026-34c,174.565335,2026-04-20 04:07:37.644835+00:00,False,True,False,2026-04-22T12:00:00Z,"['0.325', '0.675']",398042,highest-temperature-in-manila-on-april-22-2026,Highest temperature in Manila on April 22?
2030059,Will the highest temperature in Manila be 35°C on April 22?,Yes,No,91706541577914190213319028076175241111809752040625375559072168350315040624742,11248068928131595325779476546844730488184998453212264479864960428002025136136,0xe465d9ba4bed878724aa6c9bc930b687d15094e975cee169b623afb8de668578,True,highest-temperature-in-manila-on-april-22-2026-35c,490.808331,2026-04-20 04:07:37.748208+00:00,False,True,False,2026-04-22T12:00:00Z,"['0.455', '0.545']",398042,highest-temperature-in-manila-on-april-22-2026,Highest temperature in Manila on April 22?
2030060,Will the highest temperature in Manila be 36°C on April 22?,Yes,No,15322652031957961968088296581771475781475174469485757838966387358953231914263,22816009561645708374951162007645403684776490726942353128999465988102551415223,0xa7483aad5b299871c01ce052b82272e13f6dc911e90f2442dab9b31c449a4e29,True,highest-temperature-in-manila-on-april-22-2026-36c,459.35222,2026-04-20 04:07:37.850071+00:00,False,True,False,2026-04-22T12:00:00Z,"['0.11', '0.89']",398042,highest-temperature-in-manila-on-april-22-2026,Highest temperature in Manila on April 22?
2030061,Will the highest temperature in Manila be 37°C on April 22?,Yes,No,38903699182248906970251710742745326232812756909919797841445188328091082683657,93324636147762084044408705515547709385193025988804470910769965949819009848601,0x5941c3dac1cd00543858f9039a510e8cd95571dc96736e66c2f1c6c76bf6b97b,True,highest-temperature-in-manila-on-april-22-2026-37c,802.0981719999999,2026-04-20 04:07:37.950139+00:00,False,True,False,2026-04-22T12:00:00Z,"['0.0205', '0.9795']",398042,highest-temperature-in-manila-on-april-22-2026,Highest temperature in Manila on April 22?
2030062,Will the highest temperature in Manila be 38°C or higher on April 22?,Yes,No,55984571157203044553207580693153455953221926838063870496165655248272697532268,17559660384244577012493174821831215787599441675927065495095030930388266860816,0x1876e134b7480b06a7dae4db616c3aacd8d7487d3c18393588474864a3ddfcec,True,highest-temperature-in-manila-on-april-22-2026-38corhigher,129.46633300000002,2026-04-20 04:07:38.050784+00:00,False,True,False,2026-04-22T12:00:00Z,"['0.007', '0.993']",398042,highest-temperature-in-manila-on-april-22-2026,Highest temperature in Manila on April 22?
2037588,Will the lowest temperature in London be 2°C or below on April 22?,Yes,No,48227186081701706808356515689231611053357298085620946463809230973463208712595,7121791103118679370543377881825939186875162556329684189033476654821439905026,0xc4f3f9203661a37965d45cf7229843f54f386b5033a7f9b41ae4c10f2ec98cff,True,lowest-temperature-in-london-on-april-22-2026-2corbelow,522.4383000000001,2026-04-20 22:00:01.455978+00:00,False,True,False,2026-04-22T12:00:00Z,"['0.004', '0.996']",400793,lowest-temperature-in-london-on-april-22-2026,Lowest temperature in London on April 22?
2037589,Will the lowest temperature in London be 3°C on April 22?,Yes,No,74493359923719576485401719509968734180589721433154301856934039291123678249128,23576700717805512531107568554497118586628994139082886243677142608463765493094,0x904c8754cbf31092e3526782e72859655ab61d378bdf0489fd58788e4ba383a8,True,lowest-temperature-in-london-on-april-22-2026-3c,232.76170999999997,2026-04-20 22:00:01.925848+00:00,False,True,False,2026-04-22T12:00:00Z,"['0.0075', '0.9925']",400793,lowest-temperature-in-london-on-april-22-2026,Lowest temperature in London on April 22?
2037590,Will the lowest temperature in London be 4°C on April 22?,Yes,No,114008701712748358930722341442011816103126679435821469905369598976746397927526,103809827205425200949003576334388253708645738415832131578280101010729686374620,0x01888cdc996237584c7189b5ccc9dab73b3c3ba67b0c797a78515433935dcf7a,True,lowest-temperature-in-london-on-april-22-2026-4c,162.56739999999994,2026-04-20 22:00:02.043587+00:00,False,True,False,2026-04-22T12:00:00Z,"['0.042', '0.958']",400793,lowest-temperature-in-london-on-april-22-2026,Lowest temperature in London on April 22?
2037591,Will the lowest temperature in London be 5°C on April 22?,Yes,No,47087027689526197181534107044184632442660265645493776932861864766229408344944,12487628356894027890750060457545669140888336028012607535629315864411321233822,0xe1b39c2ff06f96552b47494f900ec30bf707d8657a9a2f699912fc33f404dc46,True,lowest-temperature-in-london-on-april-22-2026-5c,341.47406600000005,2026-04-20 22:00:02.155518+00:00,False,True,False,2026-04-22T12:00:00Z,"['0.04', '0.96']",400793,lowest-temperature-in-london-on-april-22-2026,Lowest temperature in London on April 22?
2037592,Will the lowest temperature in London be 6°C on April 22?,Yes,No,115332847817209909701963826043003148742787310463548781526718184029912044386500,62481398895432351123168769571371622099360680984387737718408603602894143874959,0xffc85df18fb52e77370e8c33ce0be7250e51e24910dbf18fe17be7c1dfd9fecd,True,lowest-temperature-in-london-on-april-22-2026-6c,813.618995,2026-04-20 22:00:02.291619+00:00,False,True,False,2026-04-22T12:00:00Z,"['0.23', '0.77']",400793,lowest-temperature-in-london-on-april-22-2026,Lowest temperature in London on April 22?
2037593,Will the lowest temperature in London be 7°C on April 22?,Yes,No,83280707140507357134263160098375499330804426896680258752354537495765011241502,34363258234194837800812377875031545944327257412297450053102499253452842583095,0xb7964b10aeaa59d3d0819c39e57650351e90c81e4f6a075004ea31a5a3e72494,True,lowest-temperature-in-london-on-april-22-2026-7c,2046.0563139999997,2026-04-20 22:00:02.411202+00:00,False,True,False,2026-04-22T12:00:00Z,"['0.425', '0.575']",400793,lowest-temperature-in-london-on-april-22-2026,Lowest temperature in London on April 22?
2037594,Will the lowest temperature in London be 8°C on April 22?,Yes,No,48335155465557706738337344826675227338229197720887986668440206809827301301900,98641349996385980271984337957862792397474080847165513222957335068339381081805,0xc593b9098bb06d009174486f2e5a969015d64545466bf190021961036aa7c38c,True,lowest-temperature-in-london-on-april-22-2026-8c,631.54336,2026-04-20 22:00:02.523665+00:00,False,True,False,2026-04-22T12:00:00Z,"['0.1145', '0.8855']",400793,lowest-temperature-in-london-on-april-22-2026,Lowest temperature in London on April 22?
2037595,Will the lowest temperature in London be 9°C on April 22?,Yes,No,40167368178273353994095964303698816588727447458803407969322866414713694022067,923104317031745603217351178796601060961852975092483331816310610544691246319,0x411aad18dd51da99f2f0ada6ed833711f6d65ae9ff57ae141c43f50c0e037b51,True,lowest-temperature-in-london-on-april-22-2026-9c,266.78137799999996,2026-04-20 22:00:02.704500+00:00,False,True,False,2026-04-22T12:00:00Z,"['0.06', '0.94']",400793,lowest-temperature-in-london-on-april-22-2026,Lowest temperature in London on April 22?
2037597,Will the lowest temperature in London be 10°C on April 22?,Yes,No,105441325507275394545737948048543096564614546036152510442571182196706242712374,4716442084243265337331134753815363686012835463968042363004680204478570199358,0x87ad3f0876f50d567d0de7e0c37764b1bd2b94a571f34b0d38d82ee9ecb64a3b,True,lowest-temperature-in-london-on-april-22-2026-10c,284.28760300000005,2026-04-20 22:00:02.826162+00:00,False,True,False,2026-04-22T12:00:00Z,"['0.0155', '0.9845']",400793,lowest-temperature-in-london-on-april-22-2026,Lowest temperature in London on April 22?
2037598,Will the lowest temperature in London be 11°C on April 22?,Yes,No,1723294510459480100041252270488782759133359040800648523199097899608263314421,95424902851668537641937762915436674096529370743095939678670229735375898052500,0x2fd9bce842df60db445d3df7f01327c9402209504d607e78a6d78f7196df0b4b,True,lowest-temperature-in-london-on-april-22-2026-11c,563.6865,2026-04-20 22:00:02.943666+00:00,False,True,False,2026-04-22T12:00:00Z,"['0.0055', '0.9945']",400793,lowest-temperature-in-london-on-april-22-2026,Lowest temperature in London on April 22?
2037599,Will the lowest temperature in London be 12°C or higher on April 22?,Yes,No,98486744718676287685096850592610121274077009841022280648672010828118032587676,113098332884643443161434343042298276134868043050680918719217627480105793221246,0x363443a130d7c2853d8388353fff444aeff9c576197617ef6daf2ad8357e0f88,True,lowest-temperature-in-london-on-april-22-2026-12corhigher,2425.4737379999997,2026-04-20 22:00:03.057293+00:00,False,True,False,2026-04-22T12:00:00Z,"['0.0055', '0.9945']",400793,lowest-temperature-in-london-on-april-22-2026,Lowest temperature in London on April 22?
2037609,Will the lowest temperature in Seoul be 5°C or below on April 22?,Yes,No,22105706968821194304183037804068115254932332016269152390225115057190543014569,94178276193915111271059548467881080603516525675956990064363756753333568115815,0x121e316ce62159925308f9b898e05b8776da234e9cd51b062a6916b437908347,True,lowest-temperature-in-seoul-on-april-22-2026-5corbelow,477.8034,2026-04-20 22:00:06.463228+00:00,False,True,False,2026-04-22T12:00:00Z,"['0.005', '0.995']",400804,lowest-temperature-in-seoul-on-april-22-2026,Lowest temperature in Seoul on April 22?
2037610,Will the lowest temperature in Seoul be 6°C on April 22?,Yes,No,17842125130351527609689226956990402160915067490206653555486761263033557373494,73508939323133362124839067857962338883680961640674639418207541835238462341027,0xe91db78276981d22ba750ac2472ba5525b139f402aeaf96a83bef849fd3d49f7,True,lowest-temperature-in-seoul-on-april-22-2026-6c,53.13,2026-04-20 22:00:06.823621+00:00,False,True,False,2026-04-22T12:00:00Z,"['0.0075', '0.9925']",400804,lowest-temperature-in-seoul-on-april-22-2026,Lowest temperature in Seoul on April 22?
2037611,Will the lowest temperature in Seoul be 7°C on April 22?,Yes,No,112952527536038199448685052418742763319677403595706091115123605725410690288911,21181737230611979959705489449412260586120052710403629851076172627859326920953,0x84d73faa9eba4d67d2b0ba234e4a82c603d4744eccd11a50389b287a5a0bf73d,True,lowest-temperature-in-seoul-on-april-22-2026-7c,60.0505,2026-04-20 22:00:07.010061+00:00,False,True,False,2026-04-22T12:00:00Z,"['0.0295', '0.9705']",400804,lowest-temperature-in-seoul-on-april-22-2026,Lowest temperature in Seoul on April 22?
2037612,Will the lowest temperature in Seoul be 8°C on April 22?,Yes,No,97757389131328837596966560606984146595447983285007968724575846155327462139323,47016598143734845824430196540370659146181992582395362492889520300991834825289,0x01615a24cc450191b1a5a5c8c662491a89955eae62052149e5ed8aff392be0e8,True,lowest-temperature-in-seoul-on-april-22-2026-8c,127.76979399999999,2026-04-20 22:00:07.264967+00:00,False,True,False,2026-04-22T12:00:00Z,"['0.21', '0.79']",400804,lowest-temperature-in-seoul-on-april-22-2026,Lowest temperature in Seoul on April 22?
2037613,Will the lowest temperature in Seoul be 9°C on April 22?,Yes,No,63335299776172212798546019177712377637095151816735346849833007984272319541897,98988665199555908904746642978325137427168989285416928742018074465943553841813,0x4a2db9b1170473e837a9fbedfb085be9d2e9245b0822404548d030a5dbaa5d03,True,lowest-temperature-in-seoul-on-april-22-2026-9c,151.19953,2026-04-20 22:00:07.608540+00:00,False,True,False,2026-04-22T12:00:00Z,"['0.225', '0.775']",400804,lowest-temperature-in-seoul-on-april-22-2026,Lowest temperature in Seoul on April 22?
2037614,Will the lowest temperature in Seoul be 10°C on April 22?,Yes,No,87957107045854504156090395645809137953300809784768476680902170440123232613437,70920954626357890337317848520737938260679429407109376330476586829963022529485,0x2bc1f8bdef11391f6a235bbf849dea8f5a0fdbfbbd0e535a053676a6b754fc87,True,lowest-temperature-in-seoul-on-april-22-2026-10c,309.639027,2026-04-20 22:00:07.805185+00:00,False,True,False,2026-04-22T12:00:00Z,"['0.24', '0.76']",400804,lowest-temperature-in-seoul-on-april-22-2026,Lowest temperature in Seoul on April 22?
2037617,Will the lowest temperature in Seoul be 11°C on April 22?,Yes,No,58539546602510472071405375296604693057857151211263368207462841289584650842605,83632997927280535079468103540942665515334367174857091404517919477273124477643,0x432081d1417ccb7f3a2f8466ed5558dc854cea8ce20cc1af7d76f0eaef3d9156,True,lowest-temperature-in-seoul-on-april-22-2026-11c,198.832642,2026-04-20 22:00:07.983895+00:00,False,True,False,2026-04-22T12:00:00Z,"['0.15', '0.85']",400804,lowest-temperature-in-seoul-on-april-22-2026,Lowest temperature in Seoul on April 22?
2037618,Will the lowest temperature in Seoul be 12°C on April 22?,Yes,No,15082957501929383872736217846422774525188253397128991908540754021196353269265,66700091280954078907852066003875138476462854572239096960435895591417036337360,0xbacfbcd8633e4995bbb0145087268602441a817c3dd58d41540288cb7edc88ff,True,lowest-temperature-in-seoul-on-april-22-2026-12c,86.03999999999999,2026-04-20 22:00:08.200952+00:00,False,True,False,2026-04-22T12:00:00Z,"['0.012', '0.988']",400804,lowest-temperature-in-seoul-on-april-22-2026,Lowest temperature in Seoul on April 22?
2037619,Will the lowest temperature in Seoul be 13°C on April 22?,Yes,No,99552902831226011633629304002852459674756376197982328315289525226887035699057,79224002577197765781976476989243219934556295016290283180017865109870938001693,0x811524f5e574437fd8883c7d44e9980180a7abba6f3685735c2c0f9f13f52566,True,lowest-temperature-in-seoul-on-april-22-2026-13c,415.904518,2026-04-20 22:00:08.423782+00:00,False,True,False,2026-04-22T12:00:00Z,"['0.0055', '0.9945']",400804,lowest-temperature-in-seoul-on-april-22-2026,Lowest temperature in Seoul on April 22?
2037620,Will the lowest temperature in Seoul be 14°C on April 22?,Yes,No,35975532926387961037963195930306286251467826177555789077351513332342270688673,17125479137759659064750033164291854844775073790376994531600298175868010290336,0xbd368ddd65aee537b8bce1783d5d6479cc9b20c06e1ef1bf6a246231f6b94a70,True,lowest-temperature-in-seoul-on-april-22-2026-14c,754.876665,2026-04-20 22:00:08.607296+00:00,False,True,False,2026-04-22T12:00:00Z,"['0.004', '0.996']",400804,lowest-temperature-in-seoul-on-april-22-2026,Lowest temperature in Seoul on April 22?
2037621,Will the lowest temperature in Seoul be 15°C or higher on April 22?,Yes,No,624344822718585464907981059285900511031300367730428198427206113368055008001,102845430202251768413869763162032237514062750394198821379607080796546389920708,0x7b08769601f032679c93405599e7d2bd233e957740e4ffbaf00ac8f2214a4960,True,lowest-temperature-in-seoul-on-april-22-2026-15corhigher,2193.0897079999995,2026-04-20 22:00:08.782003+00:00,False,True,False,2026-04-22T12:00:00Z,"['0.0045', '0.9955']",400804,lowest-temperature-in-seoul-on-april-22-2026,Lowest temperature in Seoul on April 22?
2037625,Will the lowest temperature in New York City be 37°F or below on April 22?,Yes,No,60411969560044570924819076570693494537667083781954078685716149122457669626463,101781922351255646109577719710413401447294368413399633517496993686912861134875,0x76dc7846c757ac4959b15a960d51ec1716427bec65d0e06c55445f10e4a713e3,True,lowest-temperature-in-nyc-on-april-22-2026-37forbelow,763.1629879999996,2026-04-20 22:00:12.427662+00:00,False,True,False,2026-04-22T12:00:00Z,"['0.0025', '0.9975']",400810,lowest-temperature-in-nyc-on-april-22-2026,Lowest temperature in NYC on April 22?
2037626,Will the lowest temperature in New York City be between 38-39°F on April 22?,Yes,No,10484373929983474242915013740683154381986505005632430233887366778957641044113,102229319550497528029177219947336162434150447302343675319112514239014776257634,0x6d0ac972bc928097c4bbaa2b11e86bd97150873c472a85e6e3129b2f0e4f8e1c,True,lowest-temperature-in-nyc-on-april-22-2026-38-39f,676.058674,2026-04-20 22:00:12.605177+00:00,False,True,False,2026-04-22T12:00:00Z,"['0.007', '0.993']",400810,lowest-temperature-in-nyc-on-april-22-2026,Lowest temperature in NYC on April 22?
2037627,Will the lowest temperature in New York City be between 40-41°F on April 22?,Yes,No,68935435557947150038719458500249577034070630857629408817769451455199291400749,22829434851671496714182712987373942797186937851717406189916380320140163145552,0x706c6c34eff6e6a9f26dfda3ac7d6e41e1954f381e44e7e2990aebf95c209063,True,lowest-temperature-in-nyc-on-april-22-2026-40-41f,446.13786499999986,2026-04-20 22:00:12.796532+00:00,False,True,False,2026-04-22T12:00:00Z,"['0.0225', '0.9775']",400810,lowest-temperature-in-nyc-on-april-22-2026,Lowest temperature in NYC on April 22?
2037628,Will the lowest temperature in New York City be between 42-43°F on April 22?,Yes,No,15654862325235549486471121451755425959902936414422041969513759397985257811011,93883805620264461984426954974373787100696196117804931022717035966619013691819,0xde9db7026f10cf873b6dc61e46dc349da008058a274272c9e8e3bfaee71df2fd,True,lowest-temperature-in-nyc-on-april-22-2026-42-43f,2444.2945329999975,2026-04-20 22:00:12.974187+00:00,False,True,False,2026-04-22T12:00:00Z,"['0.065', '0.935']",400810,lowest-temperature-in-nyc-on-april-22-2026,Lowest temperature in NYC on April 22?
2037629,Will the lowest temperature in New York City be between 44-45°F on April 22?,Yes,No,54715300175287363669521587729907382353344687325027538079444142865761746597273,12181038884281803634934877618930236721024458399543972518729727726379565877449,0x4e5a10ef46296c97e674358a5a8668a72283332e5d92dde3c4f24846aaa95f46,True,lowest-temperature-in-nyc-on-april-22-2026-44-45f,4280.153892000002,2026-04-20 22:00:13.137462+00:00,False,True,False,2026-04-22T12:00:00Z,"['0.21', '0.79']",400810,lowest-temperature-in-nyc-on-april-22-2026,Lowest temperature in NYC on April 22?
2037630,Will the lowest temperature in New York City be between 46-47°F on April 22?,Yes,No,96129803528579244697853832732226623658962953380446580447319695008740045694037,93385261766527476249039983317787968575943782828622817109819989091318880706761,0x5e9ff7edaf1919c0943579eb99a312a30c56b8f9a02dba8428e81287537a89a8,True,lowest-temperature-in-nyc-on-april-22-2026-46-47f,4095.711454999989,2026-04-20 22:00:13.330630+00:00,False,True,False,2026-04-22T12:00:00Z,"['0.475', '0.525']",400810,lowest-temperature-in-nyc-on-april-22-2026,Lowest temperature in NYC on April 22?
2037631,Will the lowest temperature in New York City be between 48-49°F on April 22?,Yes,No,6423700988423377650506897117478725563036279096457259052994162287479810271167,36287773246946606511319489885129472469737711195883945257703677089026523186770,0x7a457850f0ed7edf4e857eeaa6cb16d818ebc8bdc2de9e079423173a1c93a35f,True,lowest-temperature-in-nyc-on-april-22-2026-48-49f,2690.347065000002,2026-04-20 22:00:13.493454+00:00,False,True,False,2026-04-22T12:00:00Z,"['0.165', '0.835']",400810,lowest-temperature-in-nyc-on-april-22-2026,Lowest temperature in NYC on April 22?
2037632,Will the lowest temperature in New York City be between 50-51°F on April 22?,Yes,No,55727097569131644242807421801754109208222197110866244662515542138967586855588,41321390584596905635295150483114432760880447450234341138182137005341417667733,0xef2f651b64fd26889e14f2a4834e7392322a1d8ba447aa160eefa348d89e4c21,True,lowest-temperature-in-nyc-on-april-22-2026-50-51f,2781.8713160000043,2026-04-20 22:00:13.665058+00:00,False,True,False,2026-04-22T12:00:00Z,"['0.048', '0.952']",400810,lowest-temperature-in-nyc-on-april-22-2026,Lowest temperature in NYC on April 22?
2037633,Will the lowest temperature in New York City be between 52-53°F on April 22?,Yes,No,103884984516701309728176732314998500025034997759069473998500707319375168194937,106375087847245259757827830672442820238457291861831890408668039039743366205512,0xf88740e7f20dd18106e00e901204da2d5209456f25c8558f57fb605b256189f1,True,lowest-temperature-in-nyc-on-april-22-2026-52-53f,1098.865617,2026-04-20 22:00:13.853454+00:00,False,True,False,2026-04-22T12:00:00Z,"['0.018', '0.982']",400810,lowest-temperature-in-nyc-on-april-22-2026,Lowest temperature in NYC on April 22?
2037634,Will the lowest temperature in New York City be between 54-55°F on April 22?,Yes,No,155973487661221676714451033260549927690991315066409796623383963831812983439,4321734716577808843324688293494861465548960888727005568893681059478635794956,0xe5799b98ecb8124412a21290935f896c9fb8c39c4cbb3ce1ca375e7f351833bc,True,lowest-temperature-in-nyc-on-april-22-2026-54-55f,1799.0100469999998,2026-04-20 22:00:14.031612+00:00,False,True,False,2026-04-22T12:00:00Z,"['0.0075', '0.9925']",400810,lowest-temperature-in-nyc-on-april-22-2026,Lowest temperature in NYC on April 22?
2037635,Will the lowest temperature in New York City be 56°F or higher on April 22?,Yes,No,18603580347108426655616330165144438543673967148511302342393620494457274701992,26350140385462324423897380345478468069131699487219601461588745595438604911980,0x8443d0ab14c2cb21388c94f053c87864a1c3ac50c4ca58279a9dead8651aa18e,True,lowest-temperature-in-nyc-on-april-22-2026-56forhigher,4043.690613000003,2026-04-20 22:00:14.203372+00:00,False,True,False,2026-04-22T12:00:00Z,"['0.0025', '0.9975']",400810,lowest-temperature-in-nyc-on-april-22-2026,Lowest temperature in NYC on April 22?
2037637,Will the lowest temperature in Tokyo be 10°C or below on April 22?,Yes,No,50451853281178817183202379049742496423030358755417213780210144747925215691139,114771734313006475600287268749482670183086536704040757902667673734132668976266,0x4f858f790b2c76a1ae43d77204991638d325c9e55f988a46872d78d90c161a80,True,lowest-temperature-in-tokyo-on-april-22-2026-10corbelow,891.9784639999999,2026-04-20 22:00:18.191656+00:00,False,True,False,2026-04-22T12:00:00Z,"['0.007', '0.993']",400812,lowest-temperature-in-tokyo-on-april-22-2026,Lowest temperature in Tokyo on April 22?
2037638,Will the lowest temperature in Tokyo be 11°C on April 22?,Yes,No,23397754702522425347920201987729253799175664919344182766455297315941557798914,104875098730851419540143743576744248404127039793922830166896905561632701589657,0xa1bc2e28d17111b36d8bbcd6697346e5552290a6354706fc9774eb7a25758993,True,lowest-temperature-in-tokyo-on-april-22-2026-11c,238.42495000000002,2026-04-20 22:00:18.381844+00:00,False,True,False,2026-04-22T12:00:00Z,"['0.0605', '0.9395']",400812,lowest-temperature-in-tokyo-on-april-22-2026,Lowest temperature in Tokyo on April 22?
2037639,Will the lowest temperature in Tokyo be 12°C on April 22?,Yes,No,69673816232211124661099553232385421771296502939197115645299551406873631472009,71591054222793261242236330549473651846293674832834039582024237836173428326613,0x7b2c3ab6f48598cca12d9d52fbfae3ff3fec96a0521da5774319c66b29247b5f,True,lowest-temperature-in-tokyo-on-april-22-2026-12c,540.585197,2026-04-20 22:00:18.573107+00:00,False,True,False,2026-04-22T12:00:00Z,"['0.1745', '0.8255']",400812,lowest-temperature-in-tokyo-on-april-22-2026,Lowest temperature in Tokyo on April 22?
2037640,Will the lowest temperature in Tokyo be 13°C on April 22?,Yes,No,45521621353189220153596829316399438818052904684214390060649182947682253779500,77170667198983917389554079396332714392195621023980826815598286243110583884721,0x83167a1a24ca99a7cc8140efc2246f27b6635fadb229f6f5d8f5d2cb0fd00fd8,True,lowest-temperature-in-tokyo-on-april-22-2026-13c,1595.2103519999994,2026-04-20 22:00:18.753796+00:00,False,True,False,2026-04-22T12:00:00Z,"['0.1095', '0.8905']",400812,lowest-temperature-in-tokyo-on-april-22-2026,Lowest temperature in Tokyo on April 22?
2037641,Will the lowest temperature in Tokyo be 14°C on April 22?,Yes,No,63901928441493600271979726892650211075909646441780160096838201922411155768819,18164042610273516106043969208896704822347062496748682968794620033307489602860,0x4938559e31d29c60b4a13c74538a1bb28f3d18bea575d853558c5d26e0d5f96c,True,lowest-temperature-in-tokyo-on-april-22-2026-14c,2660.998869,2026-04-20 22:00:18.946564+00:00,False,True,False,2026-04-22T12:00:00Z,"['0.415', '0.585']",400812,lowest-temperature-in-tokyo-on-april-22-2026,Lowest temperature in Tokyo on April 22?
2037642,Will the lowest temperature in Tokyo be 15°C on April 22?,Yes,No,72113311908552216514756739409842853232871048428730536855392565074762057528045,10406447041504903994348016083739017195370277756852800796921718875836051235350,0x053890805e284a1855f90e741f3495fdae1ec88b8d6794a6bc613109637a1c32,True,lowest-temperature-in-tokyo-on-april-22-2026-15c,1669.946221999997,2026-04-20 22:00:19.136057+00:00,False,True,False,2026-04-22T12:00:00Z,"['0.31', '0.69']",400812,lowest-temperature-in-tokyo-on-april-22-2026,Lowest temperature in Tokyo on April 22?
2037643,Will the lowest temperature in Tokyo be 16°C on April 22?,Yes,No,42383807812111925868953778821660260569525977624685308921433224823570627965814,8033203460711878273695280136740585825785056644338132451575072170746666588642,0x015fc0d084b6b7840c4efbb2c57cf52f64044d1db43d05ffbe70f93bbb6a9e70,True,lowest-temperature-in-tokyo-on-april-22-2026-16c,695.1606300000001,2026-04-20 22:00:19.353550+00:00,False,True,False,2026-04-22T12:00:00Z,"['0.0455', '0.9545']",400812,lowest-temperature-in-tokyo-on-april-22-2026,Lowest temperature in Tokyo on April 22?
2037644,Will the lowest temperature in Tokyo be 17°C on April 22?,Yes,No,102057397876008396413413439722771474681653821825167688096084846190883474769112,65629837389898090941196139646475114499340190980021661915023533498642128292253,0x549056ef504f6ac62c83ad9dfc60a72f0fa5ff54bd898488ef5923e4f4e6a1ab,True,lowest-temperature-in-tokyo-on-april-22-2026-17c,327.665065,2026-04-20 22:00:19.562941+00:00,False,True,False,2026-04-22T12:00:00Z,"['0.007', '0.993']",400812,lowest-temperature-in-tokyo-on-april-22-2026,Lowest temperature in Tokyo on April 22?
2037645,Will the lowest temperature in Tokyo be 18°C on April 22?,Yes,No,31792025440400391969760561988663357678730523178537539823826939822763389918795,34816970293121077873423696414388283180288986834948018092863119643309638015053,0x201582cf6234e49ebf9b70c0dac3e6421141e345df2b75de62a6fcbf2cb5c3d5,True,lowest-temperature-in-tokyo-on-april-22-2026-18c,516.623153,2026-04-20 22:00:19.759664+00:00,False,True,False,2026-04-22T12:00:00Z,"['0.0035', '0.9965']",400812,lowest-temperature-in-tokyo-on-april-22-2026,Lowest temperature in Tokyo on April 22?
2037646,Will the lowest temperature in Tokyo be 19°C on April 22?,Yes,No,10893610037029764450157742318431353089273765107066324733963779016253386588766,60000750803073560371531785103345431985404433138159640860717286131399425089400,0x7848f2a7c4ba0728283d7ed96f4e5becfaebceea5a8e428c1693f11fad53ba57,True,lowest-temperature-in-tokyo-on-april-22-2026-19c,2274.291077000001,2026-04-20 22:00:19.945391+00:00,False,True,False,2026-04-22T12:00:00Z,"['0.004', '0.996']",400812,lowest-temperature-in-tokyo-on-april-22-2026,Lowest temperature in Tokyo on April 22?
2037647,Will the lowest temperature in Tokyo be 20°C or higher on April 22?,Yes,No,74336290163765019731900710267400194325388703824947960439403452170813429712226,3751083829162715557907179730167390296940280145347371981444518253245893717889,0x933eca582264086dca8036969ca577646f14e3f65a6ce515d80498b73f878ded,True,lowest-temperature-in-tokyo-on-april-22-2026-20corhigher,7119.062840000002,2026-04-20 22:00:20.165079+00:00,False,True,False,2026-04-22T12:00:00Z,"['0.0025', '0.9975']",400812,lowest-temperature-in-tokyo-on-april-22-2026,Lowest temperature in Tokyo on April 22?
2037649,Will the lowest temperature in Shanghai be 8°C or below on April 22?,Yes,No,20245732860028054379044006986637253028447538539653478164022542089230961081293,99440835573173933855337665809164362963942165447862485923111263921842982669419,0x339cfb7aac26f21e74e1b8791b1cc4da57c67ee6c4edd2532fc80e87dec5ae7d,True,lowest-temperature-in-shanghai-on-april-22-2026-8corbelow,579.4358,2026-04-20 22:00:24.290069+00:00,False,True,False,2026-04-22T12:00:00Z,"['0.0005', '0.9995']",400814,lowest-temperature-in-shanghai-on-april-22-2026,Lowest temperature in Shanghai on April 22?
2037650,Will the lowest temperature in Shanghai be 9°C on April 22?,Yes,No,51892749876118055721909522120690214469167760943227479486336051559840917807813,12252390408091578474612223707285181405271361334351035158668562339535838487898,0x2032781f39c7fde97833fc7bcaab388088c3daf1ce266c2a96ef556a16772f01,True,lowest-temperature-in-shanghai-on-april-22-2026-9c,1313.6019999999999,2026-04-20 22:00:24.466610+00:00,False,True,False,2026-04-22T12:00:00Z,"['0.0025', '0.9975']",400814,lowest-temperature-in-shanghai-on-april-22-2026,Lowest temperature in Shanghai on April 22?
2037651,Will the lowest temperature in Shanghai be 10°C on April 22?,Yes,No,45531017401953029865769472878279233529273758097020790687119354224160733170834,76175366371279240554188448727087217763938573436985380548872744881153809807881,0x7954cc7f19b3bff14a1e9efb42f8f5b0d6bb2125cc49f69544295b64bc2c6665,True,lowest-temperature-in-shanghai-on-april-22-2026-10c,248.18704500000004,2026-04-20 22:00:24.645501+00:00,False,True,False,2026-04-22T12:00:00Z,"['0.0055', '0.9945']",400814,lowest-temperature-in-shanghai-on-april-22-2026,Lowest temperature in Shanghai on April 22?
2037652,Will the lowest temperature in Shanghai be 11°C on April 22?,Yes,No,20075617394885908241176300471321004388827007884465679736035293614715584446735,61231309234442104496936995154627849563745743043066018233169154319936920422930,0x9e3d15a45c720dcee37f9a8dc046e402eff014d524bc1deaca01a8696d267cf2,True,lowest-temperature-in-shanghai-on-april-22-2026-11c,158.0461,2026-04-20 22:00:24.814286+00:00,False,True,False,2026-04-22T12:00:00Z,"['0.039', '0.961']",400814,lowest-temperature-in-shanghai-on-april-22-2026,Lowest temperature in Shanghai on April 22?
2037653,Will the lowest temperature in Shanghai be 12°C on April 22?,Yes,No,78379963537829744283840886943442077535666692100191773262388003070360172541887,58774841227677510215074131312397857421811451009817252653033294412566727910819,0x41af86093ad7d2a717a95a8c5a29a9c7bdb4e3c5635ec02fe556a0c93fc93fd6,True,lowest-temperature-in-shanghai-on-april-22-2026-12c,123.616675,2026-04-20 22:00:25.021060+00:00,False,True,False,2026-04-22T12:00:00Z,"['0.04', '0.96']",400814,lowest-temperature-in-shanghai-on-april-22-2026,Lowest temperature in Shanghai on April 22?
2037654,Will the lowest temperature in Shanghai be 13°C on April 22?,Yes,No,85516469749336433020588245033664606249605868484827465849567431651738131562693,106382024461491751635840033312195940591558747445084190318110198025413376289489,0x31c3a6009f69ab11229e77e9c627387aa9201caba73f57541fca75967cb587bf,True,lowest-temperature-in-shanghai-on-april-22-2026-13c,388.56314900000007,2026-04-20 22:00:25.212335+00:00,False,True,False,2026-04-22T12:00:00Z,"['0.08', '0.92']",400814,lowest-temperature-in-shanghai-on-april-22-2026,Lowest temperature in Shanghai on April 22?
2037655,Will the lowest temperature in Shanghai be 14°C on April 22?,Yes,No,67196159313274940120457153014978418642951698247286151649687305617028362404902,42843103223012302464659482756496644077666313164074812346474703657330389698083,0x19137f5d816d2142948a2f473bfff459dded314f815dc4ee09b6bdc0452dd31c,True,lowest-temperature-in-shanghai-on-april-22-2026-14c,596.7645000000001,2026-04-20 22:00:25.420280+00:00,False,True,False,2026-04-22T12:00:00Z,"['0.35', '0.65']",400814,lowest-temperature-in-shanghai-on-april-22-2026,Lowest temperature in Shanghai on April 22?
2037656,Will the lowest temperature in Shanghai be 15°C on April 22?,Yes,No,30138735275458235538379526341265123410264799124042690587823739480985741249554,113379844645664976048690097774427419883354394553826930750213620872586709856424,0xc4e6b3bddd2edcf3020306956a0a458ceeaaab2262e8dbaa11afe53fcadeb571,True,lowest-temperature-in-shanghai-on-april-22-2026-15c,422.8037109999999,2026-04-20 22:00:25.601727+00:00,False,True,False,2026-04-22T12:00:00Z,"['0.295', '0.705']",400814,lowest-temperature-in-shanghai-on-april-22-2026,Lowest temperature in Shanghai on April 22?
2037658,Will the lowest temperature in Shanghai be 16°C on April 22?,Yes,No,55384291201082932547109691024214548941717018740090869688771192248582157561208,90377817663360729060854714467703855466696222106973533125190484563510195024406,0x9373bd1579462ae09fc8ca505080cf5d60056d4cc47c5831cc555472e4513bf3,True,lowest-temperature-in-shanghai-on-april-22-2026-16c,1259.7249100000004,2026-04-20 22:00:26.359198+00:00,False,True,False,2026-04-22T12:00:00Z,"['0.0405', '0.9595']",400814,lowest-temperature-in-shanghai-on-april-22-2026,Lowest temperature in Shanghai on April 22?
2037659,Will the lowest temperature in Shanghai be 17°C on April 22?,Yes,No,12541087282827082771254963625863774044183102990881273844023819121660125785510,104559009048772050225427667180283597744611416847546257397702110943636805700297,0x89a94231501afea9b71a2c1a64646af2094abea282ea9f3c9f568456b0b4b0ea,True,lowest-temperature-in-shanghai-on-april-22-2026-17c,989.828042,2026-04-20 22:00:26.548864+00:00,False,True,False,2026-04-22T12:00:00Z,"['0.015', '0.985']",400814,lowest-temperature-in-shanghai-on-april-22-2026,Lowest temperature in Shanghai on April 22?
2037660,Will the lowest temperature in Shanghai be 18°C or higher on April 22?,Yes,No,111064185811417479379959205746340589813800492832289502654651899460613523998290,43346046594983387471026307030741270606001496548801565954859825287881890091808,0x3ff2f0d81f5e55a516dc086a4896a696f292f2a7b2d8cb43beb16881c3c6d17a,True,lowest-temperature-in-shanghai-on-april-22-2026-18corhigher,1524.1247849999997,2026-04-20 22:00:26.749207+00:00,False,True,False,2026-04-22T12:00:00Z,"['0.005', '0.995']",400814,lowest-temperature-in-shanghai-on-april-22-2026,Lowest temperature in Shanghai on April 22?
2039965,Will the lowest temperature in London be 0°C or below on April 23?,Yes,No,103540252537390128538687978393506133958508609772737302854311474181464999037326,58022040268518388322850798434171808336823773045639933468643898046139174954994,0x322fe0422c2bc29eb890ba3afab0eae87a1089fe4064c78c66e8d89f1814f370,True,lowest-temperature-in-london-on-april-23-2026-0corbelow,527.2612,2026-04-21 04:00:02.614736+00:00,False,True,False,2026-04-23T12:00:00Z,"['0.002', '0.998']",401637,lowest-temperature-in-london-on-april-23-2026,Lowest temperature in London on April 23?
2039978,Will the lowest temperature in London be 1°C on April 23?,Yes,No,28435903086851446213480701598536971290825515546601523210065640171289188875502,76853791631126317398767187310850256646109799409311365757063287084795392097718,0x27cd0c6e557b1d614dd308d962fed2de7c720652ff7397bafe54775f8f03b08f,True,lowest-temperature-in-london-on-april-23-2026-1c,539.7151,2026-04-21 04:00:02.828576+00:00,False,True,False,2026-04-23T12:00:00Z,"['0.002', '0.998']",401637,lowest-temperature-in-london-on-april-23-2026,Lowest temperature in London on April 23?
2039989,Will the lowest temperature in London be 2°C on April 23?,Yes,No,86200510434276775531963275139547222879155679979493217627896226523807964700636,112628436307545267835531258759666952277742659628195684470463564807484753215055,0x07130a93baeb12b4bbaf9f9b67e8847b2bbd62d980ac9332f568fd0dd27aafad,True,lowest-temperature-in-london-on-april-23-2026-2c,525,2026-04-21 04:00:02.951053+00:00,False,True,False,2026-04-23T12:00:00Z,"['0.0025', '0.9975']",401637,lowest-temperature-in-london-on-april-23-2026,Lowest temperature in London on April 23?
2039998,Will the lowest temperature in London be 3°C on April 23?,Yes,No,36458055112012565704866800247817979693538537262517329343617773331775662542237,48888322542328678224850640016614397065321392131655479646092925424965203495102,0x1af24c2314491a814bdcb82e5a3feafa65e01b4c7bdb454cf65f1bc1b9e5051f,True,lowest-temperature-in-london-on-april-23-2026-3c,101,2026-04-21 04:00:03.067411+00:00,False,True,False,2026-04-23T12:00:00Z,"['0.0125', '0.9875']",401637,lowest-temperature-in-london-on-april-23-2026,Lowest temperature in London on April 23?
2040010,Will the lowest temperature in London be 4°C on April 23?,Yes,No,84138724691128945018279471556550253896089694358037191567763245167414736113482,66125890421506444855988830495960119903047299520338054277347462793450161288155,0x9bc100a07c7d08c3b3bcc737c3bacbb08333ed67881a395dc37b70359255a25a,True,lowest-temperature-in-london-on-april-23-2026-4c,25,2026-04-21 04:00:03.249082+00:00,False,True,False,2026-04-23T12:00:00Z,"['0.0305', '0.9695']",401637,lowest-temperature-in-london-on-april-23-2026,Lowest temperature in London on April 23?
2040022,Will the lowest temperature in London be 5°C on April 23?,Yes,No,1450484450689362807881558802807304571071565941902637765119986210418448071126,69047042325787188848113879331653199563010909510920248892008019993660191723095,0x9a933d6f22e93ce2161779a5b77d2b392ce2b919cdfaf4974b78c6e75cca5d15,True,lowest-temperature-in-london-on-april-23-2026-5c,139.888857,2026-04-21 04:00:03.377892+00:00,False,True,False,2026-04-23T12:00:00Z,"['0.0305', '0.9695']",401637,lowest-temperature-in-london-on-april-23-2026,Lowest temperature in London on April 23?
2040031,Will the lowest temperature in London be 6°C on April 23?,Yes,No,51207909948647332180383349415754651423070748924335251662354862847963831789101,76104578453349627262394775679657065228449985340346397132746277177075059107942,0x3c3449a46bbc53890054d1dfcdf845d7d382ae853301b331d588d4389b29e900,True,lowest-temperature-in-london-on-april-23-2026-6c,,2026-04-21 04:00:03.486516+00:00,False,True,False,2026-04-23T12:00:00Z,"['0.23', '0.77']",401637,lowest-temperature-in-london-on-april-23-2026,Lowest temperature in London on April 23?
2040038,Will the lowest temperature in London be 7°C on April 23?,Yes,No,11082499830847706560281066204023842278758043499703444890606105367555776191234,5499161087258004488163790004025984121250852405911937276600534139396674004855,0x7d025ed61fc7966a9a558d265862575d9e6508fe4e1f23f131dc8ecad8be299e,True,lowest-temperature-in-london-on-april-23-2026-7c,,2026-04-21 04:00:03.608094+00:00,False,True,False,2026-04-23T12:00:00Z,"['0.25', '0.75']",401637,lowest-temperature-in-london-on-april-23-2026,Lowest temperature in London on April 23?
2040042,Will the lowest temperature in London be 8°C on April 23?,Yes,No,79435817675226979833050308510398821488608213475651546935114227367062499082538,48327104240492709998781375440959670396294672765197675630259628975416442582896,0x934994fc9fcbc6468de35f3f478e5f9315e360d4223612cc801e4b2ecbe4e945,True,lowest-temperature-in-london-on-april-23-2026-8c,,2026-04-21 04:00:03.721772+00:00,False,True,False,2026-04-23T12:00:00Z,"['0.26', '0.74']",401637,lowest-temperature-in-london-on-april-23-2026,Lowest temperature in London on April 23?
2040045,Will the lowest temperature in London be 9°C on April 23?,Yes,No,85668318651375269687764504098946307537293672131744586814565983064246585853785,105689137777926831323539992621537094460535514523387899527445902187662129421460,0x0cbbb927866423f8d27286d2ae02038f4dc96429e0e99788377b4af3204f242e,True,lowest-temperature-in-london-on-april-23-2026-9c,,2026-04-21 04:00:03.855041+00:00,False,True,False,2026-04-23T12:00:00Z,"['0.22', '0.78']",401637,lowest-temperature-in-london-on-april-23-2026,Lowest temperature in London on April 23?
2040048,Will the lowest temperature in London be 10°C or higher on April 23?,Yes,No,115421750102043196887847597994610037413793958819820331917483155366844057952469,56035046216480055969505010292356695063002412721301855042402094633534268164109,0xf89fb054bbdd79e607b0db7b5ae0c83088d97540526bf791cff63c5fe4117be2,True,lowest-temperature-in-london-on-april-23-2026-10corhigher,365.86847300000005,2026-04-21 04:00:03.969770+00:00,False,True,False,2026-04-23T12:00:00Z,"['0.045', '0.955']",401637,lowest-temperature-in-london-on-april-23-2026,Lowest temperature in London on April 23?
2040079,Will the lowest temperature in Seoul be 6°C or below on April 23?,Yes,No,43310148409978066485424907061967487827604777825263237538825231715025932959252,54721323860318023775619439592508885250983926386631092593647170319939336022906,0x8280d4ad2174824527aa1c83c388ff6ac0c7ade541d3b0d07121bc3c7e299818,True,lowest-temperature-in-seoul-on-april-23-2026-6corbelow,231.223607,2026-04-21 04:00:07.032173+00:00,False,True,False,2026-04-23T12:00:00Z,"['0.0325', '0.9675']",401644,lowest-temperature-in-seoul-on-april-23-2026,Lowest temperature in Seoul on April 23?
2040080,Will the lowest temperature in Seoul be 7°C on April 23?,Yes,No,57356536893814022734504141886976259877643315696001639464711066198270607686371,53242297959781112569969312158319626243398765117982266573203814037500507365890,0xd737f5d48ede8ced80772cb130b0f661117a5cc3a00b867181bf32521c9af64f,True,lowest-temperature-in-seoul-on-april-23-2026-7c,22.33385,2026-04-21 04:00:07.261267+00:00,False,True,False,2026-04-23T12:00:00Z,"['0.045', '0.955']",401644,lowest-temperature-in-seoul-on-april-23-2026,Lowest temperature in Seoul on April 23?
2040081,Will the lowest temperature in Seoul be 8°C on April 23?,Yes,No,111113586288676314336683965281988807110989972956728967221147747834984548795665,99115670598753944717862999532544626969201006614686980506575824999771422490019,0xf0edf6d5160b477c83662776bc8dbf763138ba09f3ed2c811b895723035958c0,True,lowest-temperature-in-seoul-on-april-23-2026-8c,140.12765,2026-04-21 04:00:07.424310+00:00,False,True,False,2026-04-23T12:00:00Z,"['0.13', '0.87']",401644,lowest-temperature-in-seoul-on-april-23-2026,Lowest temperature in Seoul on April 23?
2040083,Will the lowest temperature in Seoul be 9°C on April 23?,Yes,No,75102153148055075257859132071685556155084542625238988057885301022973352476661,66941089392200344104367276092257900513729532437739151306269817186281702877077,0x87eba5038c345f2443bdac92c4844776c16ce2c47183cd78b1f89cf93e664379,True,lowest-temperature-in-seoul-on-april-23-2026-9c,18.309394,2026-04-21 04:00:07.784302+00:00,False,True,False,2026-04-23T12:00:00Z,"['0.205', '0.795']",401644,lowest-temperature-in-seoul-on-april-23-2026,Lowest temperature in Seoul on April 23?
2040084,Will the lowest temperature in Seoul be 10°C on April 23?,Yes,No,26675101173365773633601831334432315498326054123883604507618509951485022027654,84336440695898730501346811851065004641329922791421028038917196232045503377715,0xd0e51545698e5e5e4b573f35dcdc556afcb4abc099d8ba6706bcc352392d5c25,True,lowest-temperature-in-seoul-on-april-23-2026-10c,,2026-04-21 04:00:07.964335+00:00,False,True,False,2026-04-23T12:00:00Z,"['0.21', '0.79']",401644,lowest-temperature-in-seoul-on-april-23-2026,Lowest temperature in Seoul on April 23?
2040085,Will the lowest temperature in Seoul be 11°C on April 23?,Yes,No,53954812744035553834359795732917587107904863940956473631075373729792979600188,79091566330652592585403209209123980921125395871668729034837325079564300407926,0xd2800198b1bc43b0f7ad7ba89134f86f7475ecda3c7cd2897575344688aa2436,True,lowest-temperature-in-seoul-on-april-23-2026-11c,,2026-04-21 04:00:08.148917+00:00,False,True,False,2026-04-23T12:00:00Z,"['0.215', '0.785']",401644,lowest-temperature-in-seoul-on-april-23-2026,Lowest temperature in Seoul on April 23?
2040086,Will the lowest temperature in Seoul be 12°C on April 23?,Yes,No,75672564714935898750676337668250665165589403820106370811184495827480518074848,24427716119615244969481700588914733976442778421870069511997881085613487902409,0xe9126ec46a6f0e5a2b64dd62f20e629c762a558e1822d69aee8a90b8f9cf7198,True,lowest-temperature-in-seoul-on-april-23-2026-12c,5,2026-04-21 04:00:08.382792+00:00,False,True,False,2026-04-23T12:00:00Z,"['0.175', '0.825']",401644,lowest-temperature-in-seoul-on-april-23-2026,Lowest temperature in Seoul on April 23?
2040087,Will the lowest temperature in Seoul be 13°C on April 23?,Yes,No,90597187771466610450227943239079978396731893093864954446562509048090524098269,53180731995999377079321366432948631529345762964634151413935733069057966678092,0xa49d83723fadd27be6213511602f9acdaff83d01f8ce57c95e5fc4020660e3e0,True,lowest-temperature-in-seoul-on-april-23-2026-13c,45,2026-04-21 04:00:08.584372+00:00,False,True,False,2026-04-23T12:00:00Z,"['0.061', '0.939']",401644,lowest-temperature-in-seoul-on-april-23-2026,Lowest temperature in Seoul on April 23?
2040088,Will the lowest temperature in Seoul be 14°C on April 23?,Yes,No,111486196510821696258253883065139110304008984075595646464551323227728998106480,23138356368607500990979162711481980425556502617975431131507332624866362573434,0x48bab32ded4d68fb7fa19095372d550344cbc4c94eb7617de7d813c90243b1dc,True,lowest-temperature-in-seoul-on-april-23-2026-14c,371.09000000000003,2026-04-21 04:00:08.762218+00:00,False,True,False,2026-04-23T12:00:00Z,"['0.0025', '0.9975']",401644,lowest-temperature-in-seoul-on-april-23-2026,Lowest temperature in Seoul on April 23?
2040089,Will the lowest temperature in Seoul be 15°C on April 23?,Yes,No,11175943960415381432414039761188989815679612794738910520602415590823715247137,31240263473850891943274424864860741046629687586160724596878546253808965337108,0x392b48e6673c612b4312287c1d225f2d6046bb7da925f288e7996d660d4dff3d,True,lowest-temperature-in-seoul-on-april-23-2026-15c,426.6454,2026-04-21 04:00:08.943377+00:00,False,True,False,2026-04-23T12:00:00Z,"['0.003', '0.997']",401644,lowest-temperature-in-seoul-on-april-23-2026,Lowest temperature in Seoul on April 23?
2040091,Will the lowest temperature in Seoul be 16°C or higher on April 23?,Yes,No,37972293500938234756481976642879379125752355419117523771043080067417269274832,91329571071392677163006232339584060668177445456617703822387188671221296265918,0x7b6bf5d3bf2ca5df198758ed6fa8f505615acdc4ad65592b1b81396636d35def,True,lowest-temperature-in-seoul-on-april-23-2026-16corhigher,1039.343558,2026-04-21 04:00:09.121022+00:00,False,True,False,2026-04-23T12:00:00Z,"['0.0075', '0.9925']",401644,lowest-temperature-in-seoul-on-april-23-2026,Lowest temperature in Seoul on April 23?
2040109,Will the lowest temperature in New York City be 39°F or below on April 23?,Yes,No,19020688633453213973443275606873526662908712425568588930221845920986230834456,91133284423531052102224536032762849616673043119295220434950018958055428221688,0x827562bd0640eb519a672a1d2dea7103ba676a0bce7a340dff03ee2543dbf1a7,True,lowest-temperature-in-nyc-on-april-23-2026-39forbelow,241.92974999999998,2026-04-21 04:00:12.879883+00:00,False,True,False,2026-04-23T12:00:00Z,"['0.012', '0.988']",401651,lowest-temperature-in-nyc-on-april-23-2026,Lowest temperature in NYC on April 23?
2040110,Will the lowest temperature in New York City be between 40-41°F on April 23?,Yes,No,27734043042305714731077988780047781561796835509581526020622548613028977420622,71116491328603079594186137156904470265011508107629754563616327618707460295137,0x7b7c94aae826ff27b1c5fb4128722e0277cb7e86702c00fe809fd4f8f24b8dbc,True,lowest-temperature-in-nyc-on-april-23-2026-40-41f,40.28999999999999,2026-04-21 04:00:13.057494+00:00,False,True,False,2026-04-23T12:00:00Z,"['0.055', '0.945']",401651,lowest-temperature-in-nyc-on-april-23-2026,Lowest temperature in NYC on April 23?
2040111,Will the lowest temperature in New York City be between 42-43°F on April 23?,Yes,No,46267616715002229939425467960353532467745471440547636765649380178107753154464,110096062405427010143460432875932487192010922221814670667564355111703045781688,0x3f5cbeec8df762fa5ebd6926b1187cfc7b71b9d47237971edd8ad98872c1edc8,True,lowest-temperature-in-nyc-on-april-23-2026-42-43f,33.610074,2026-04-21 04:00:13.238725+00:00,False,True,False,2026-04-23T12:00:00Z,"['0.115', '0.885']",401651,lowest-temperature-in-nyc-on-april-23-2026,Lowest temperature in NYC on April 23?
2040112,Will the lowest temperature in New York City be between 44-45°F on April 23?,Yes,No,1060581624862848085945603473017589427276210945721853549961778894490649721506,37488494475385268113705609503541346042890511521061821939171144889934375539418,0x271de4574fe00ef20121c1ceffb3c8a5f725acebd5e60d4def1cd485fb86e5ff,True,lowest-temperature-in-nyc-on-april-23-2026-44-45f,32.7,2026-04-21 04:00:13.431501+00:00,False,True,False,2026-04-23T12:00:00Z,"['0.215', '0.785']",401651,lowest-temperature-in-nyc-on-april-23-2026,Lowest temperature in NYC on April 23?
2040113,Will the lowest temperature in New York City be between 46-47°F on April 23?,Yes,No,8532614910959564609656659209513976482689263910676176070113445833597891262686,801978002989009491946064699898253132436600590768832653653789544091181573920,0x6b887f4ba1af2a1d67d892d98feccff25bf4da946471677c2a36feebe683a431,True,lowest-temperature-in-nyc-on-april-23-2026-46-47f,32.798325000000006,2026-04-21 04:00:13.630774+00:00,False,True,False,2026-04-23T12:00:00Z,"['0.21', '0.79']",401651,lowest-temperature-in-nyc-on-april-23-2026,Lowest temperature in NYC on April 23?
2040114,Will the lowest temperature in New York City be between 48-49°F on April 23?,Yes,No,73190549974549473311023642474368553690036741739160993225875075802342444239684,10004622210080027778189849359261923510909357063519034522136756692471428430996,0x39e937907a682bdb32299b6e25a07c3ac2e97dcd1890eff1169e752235421754,True,lowest-temperature-in-nyc-on-april-23-2026-48-49f,16.979975,2026-04-21 04:00:13.868519+00:00,False,True,False,2026-04-23T12:00:00Z,"['0.085', '0.915']",401651,lowest-temperature-in-nyc-on-april-23-2026,Lowest temperature in NYC on April 23?
2040115,Will the lowest temperature in New York City be between 50-51°F on April 23?,Yes,No,101443275205200076091642405446013713888795092281867666953808415603363096163228,76463921036120197653785372484258900099367040021273157716147461784181806335406,0x80e9eed0de2c226e8c6f233f1ab3a59fb6accf3160fd483f7b15db5159dc4823,True,lowest-temperature-in-nyc-on-april-23-2026-50-51f,20.32,2026-04-21 04:00:14.046523+00:00,False,True,False,2026-04-23T12:00:00Z,"['0.075', '0.925']",401651,lowest-temperature-in-nyc-on-april-23-2026,Lowest temperature in NYC on April 23?
2040116,Will the lowest temperature in New York City be between 52-53°F on April 23?,Yes,No,32752245470142718317563944378521373324524703292525783220562108908568014107653,15736612225284058594927149425380227458093229521837293945226479683001621510198,0x5b5b3066ed82240ba22307e8885dd40bd3a1e415b1c57b5e9a5633e3a549bba1,True,lowest-temperature-in-nyc-on-april-23-2026-52-53f,281.26136299999996,2026-04-21 04:00:14.265747+00:00,False,True,False,2026-04-23T12:00:00Z,"['0.0245', '0.9755']",401651,lowest-temperature-in-nyc-on-april-23-2026,Lowest temperature in NYC on April 23?
2040117,Will the lowest temperature in New York City be between 54-55°F on April 23?,Yes,No,79733747843275611135688110255000816869298239644895449086142796800922492353311,109774837855621095789066977505106305666132813365507621101728744913209069864314,0x962e45f657c199538a96c852e53cded1d824f94009542cc8161583fd3be3a3b7,True,lowest-temperature-in-nyc-on-april-23-2026-54-55f,56.269999999999996,2026-04-21 04:00:14.441330+00:00,False,True,False,2026-04-23T12:00:00Z,"['0.0125', '0.9875']",401651,lowest-temperature-in-nyc-on-april-23-2026,Lowest temperature in NYC on April 23?
2040118,Will the lowest temperature in New York City be between 56-57°F on April 23?,Yes,No,92588724504552717300803567256614772910693023499464664818712124710184435302862,79993012448119090515044544667197647659910946945274471590265240046681241845663,0x37c89a0ce42e094b23cfcc2e5f647a5cbca88b13fb958361804d1a55b9379e8b,True,lowest-temperature-in-nyc-on-april-23-2026-56-57f,369.480333,2026-04-21 04:00:14.630273+00:00,False,True,False,2026-04-23T12:00:00Z,"['0.005', '0.995']",401651,lowest-temperature-in-nyc-on-april-23-2026,Lowest temperature in NYC on April 23?
2040119,Will the lowest temperature in New York City be 58°F or higher on April 23?,Yes,No,102513704959974122968380786160213883593938473728640322934281836404468794215089,66714487912345188365713497930921993380200151825137089058850418767145227648252,0x82b05f7569098e2003e79d5a330e6627df5c6d269c1efd7f51ab7686abe2725d,True,lowest-temperature-in-nyc-on-april-23-2026-58forhigher,1044.5074499999998,2026-04-21 04:00:15.080116+00:00,False,True,False,2026-04-23T12:00:00Z,"['0.004', '0.996']",401651,lowest-temperature-in-nyc-on-april-23-2026,Lowest temperature in NYC on April 23?
2040131,Will the lowest temperature in Tokyo be 9°C or below on April 23?,Yes,No,113588359154465513947542193680932617236539917844809158149871004578852367273402,69717075487304271533428374313255921226625581255414802358284207709215413761131,0xe845171b536928cc8d38023a0dd76a1d9bcd5a97369e8119f8eb9c0edf4da7da,True,lowest-temperature-in-tokyo-on-april-23-2026-9corbelow,66.0309,2026-04-21 04:00:19.656915+00:00,False,True,False,2026-04-23T12:00:00Z,"['0.0115', '0.9885']",401654,lowest-temperature-in-tokyo-on-april-23-2026,Lowest temperature in Tokyo on April 23?
2040132,Will the lowest temperature in Tokyo be 10°C on April 23?,Yes,No,5521765286563582716948008402923083903871530106132067611900338045132036636385,113255231907776057006432861651145593202116147174696599404258988413281464050798,0x16fd3ff9019b2b55384b1bc134107e61aefee12634ba70ef4d40d9a3b60fe838,True,lowest-temperature-in-tokyo-on-april-23-2026-10c,41.006,2026-04-21 04:00:19.840083+00:00,False,True,False,2026-04-23T12:00:00Z,"['0.012', '0.988']",401654,lowest-temperature-in-tokyo-on-april-23-2026,Lowest temperature in Tokyo on April 23?
2040133,Will the lowest temperature in Tokyo be 11°C on April 23?,Yes,No,1751893412633001718378112148987873914461294250667897363963279670499958563004,47583014479149128554932030124955825671282019799282388328497292246744785421647,0xc38e090374d82cd1264fa208d631aba3feea950c3c56742b1b16a222af8dbdb3,True,lowest-temperature-in-tokyo-on-april-23-2026-11c,86.65119999999999,2026-04-21 04:00:20.026183+00:00,False,True,False,2026-04-23T12:00:00Z,"['0.015', '0.985']",401654,lowest-temperature-in-tokyo-on-april-23-2026,Lowest temperature in Tokyo on April 23?
2040134,Will the lowest temperature in Tokyo be 12°C on April 23?,Yes,No,80404177954439219205263198039928226938730646036490869048630884322838050269076,46070926222053697251176304357045336444177266991151174353014644407834847050651,0xf61605937bf937d76738d9cf0cdd4db6e10dada239d07fe7b510d0d82a9c8517,True,lowest-temperature-in-tokyo-on-april-23-2026-12c,18.15788,2026-04-21 04:00:20.226880+00:00,False,True,False,2026-04-23T12:00:00Z,"['0.21', '0.79']",401654,lowest-temperature-in-tokyo-on-april-23-2026,Lowest temperature in Tokyo on April 23?
2040135,Will the lowest temperature in Tokyo be 13°C on April 23?,Yes,No,71291857908616630388865570416510140021963399918121421740635760078557062424751,1763040387213452254458127524973081115167805825556336350022749814759661402325,0xdd6317bc7c5704716ffab07188ad3b985279afd8727be069d87b1fceff97bfaf,True,lowest-temperature-in-tokyo-on-april-23-2026-13c,20,2026-04-21 04:00:20.410113+00:00,False,True,False,2026-04-23T12:00:00Z,"['0.215', '0.785']",401654,lowest-temperature-in-tokyo-on-april-23-2026,Lowest temperature in Tokyo on April 23?
2040136,Will the lowest temperature in Tokyo be 14°C on April 23?,Yes,No,85269885260985816347445426082513388876631668725899269276758774384216851967744,15849381468057534315800884190149316754538429479280041556938469314753072042791,0xf045aa1686dc9a428796c9d9284de6976c79369acec046a7f3d29c2ae5dda79e,True,lowest-temperature-in-tokyo-on-april-23-2026-14c,15,2026-04-21 04:00:20.569591+00:00,False,True,False,2026-04-23T12:00:00Z,"['0.195', '0.805']",401654,lowest-temperature-in-tokyo-on-april-23-2026,Lowest temperature in Tokyo on April 23?
2040137,Will the lowest temperature in Tokyo be 15°C on April 23?,Yes,No,25435564009706407502956604449828676834567409326072097795145673699227486400845,47353715204852663260832193926267032309841854839712015231831352466333231984001,0xa23c031e1bef18948d0bb7203e3d6c24947edad2b3b294bfe0586db2ad4b0039,True,lowest-temperature-in-tokyo-on-april-23-2026-15c,15,2026-04-21 04:00:20.867939+00:00,False,True,False,2026-04-23T12:00:00Z,"['0.135', '0.865']",401654,lowest-temperature-in-tokyo-on-april-23-2026,Lowest temperature in Tokyo on April 23?
2040139,Will the lowest temperature in Tokyo be 16°C on April 23?,Yes,No,109369505649462503115132722969907803719288999590676611994293150889706025311290,105193664132623225973055272041819662227787824574885863782445865005020540958959,0xd1ff68cfd3e5719959940858e4c0c6fa3e5fb816e00bdf62dbf6f0fbf194833c,True,lowest-temperature-in-tokyo-on-april-23-2026-16c,75.8663,2026-04-21 04:00:21.566470+00:00,False,True,False,2026-04-23T12:00:00Z,"['0.055', '0.945']",401654,lowest-temperature-in-tokyo-on-april-23-2026,Lowest temperature in Tokyo on April 23?
2040140,Will the lowest temperature in Tokyo be 17°C on April 23?,Yes,No,50679328689703340158298926330267237323230584542539972405323645805394888344744,37794888453581545645877695108940970985291558105397380827279062764059786897179,0x3271faf16874d47d3b2111d240814effbbfa0fa1dc11e9a7f2538ab4d2e6ba65,True,lowest-temperature-in-tokyo-on-april-23-2026-17c,69.37,2026-04-21 04:00:21.744895+00:00,False,True,False,2026-04-23T12:00:00Z,"['0.008', '0.992']",401654,lowest-temperature-in-tokyo-on-april-23-2026,Lowest temperature in Tokyo on April 23?
2040141,Will the lowest temperature in Tokyo be 18°C on April 23?,Yes,No,7775461738268695903511542025901557707798981445549007524745921158378580644615,87323482784514318439668018140335301323474473931912941317248458321864543422222,0x58f4fdbfbc5593c3864494af9a68ab216c01efabf3a2d9f39dc1ca9fc4a7b6f8,True,lowest-temperature-in-tokyo-on-april-23-2026-18c,68.1717,2026-04-21 04:00:21.935555+00:00,False,True,False,2026-04-23T12:00:00Z,"['0.0075', '0.9925']",401654,lowest-temperature-in-tokyo-on-april-23-2026,Lowest temperature in Tokyo on April 23?
2040142,Will the lowest temperature in Tokyo be 19°C or higher on April 23?,Yes,No,16428130011259134844211861558582518170580717615283726389665131604281390586794,7003284024413680867673818282236121547896062586540131444672152624037688561904,0x78bfb815c57edf949c3c0f2cd73d413cfa26eb9039823e6e23a9179f95d2ed70,True,lowest-temperature-in-tokyo-on-april-23-2026-19corhigher,599.2397,2026-04-21 04:00:22.121593+00:00,False,True,False,2026-04-23T12:00:00Z,"['0.005', '0.995']",401654,lowest-temperature-in-tokyo-on-april-23-2026,Lowest temperature in Tokyo on April 23?
2040153,Will the lowest temperature in Shanghai be 7°C or below on April 23?,Yes,No,56355103116953457703484205673749364365664926283424703716780893921537166195870,80597789244214891979467874542675096182232191140530306553173868272461158257153,0xe580fba35b0e20e1dd139f7d8cb7558a410200ec2c60d2fa85c56b85a30c2ea3,True,lowest-temperature-in-shanghai-on-april-23-2026-7corbelow,324.991,2026-04-21 04:00:25.695891+00:00,False,True,False,2026-04-23T12:00:00Z,"['0.004', '0.996']",401658,lowest-temperature-in-shanghai-on-april-23-2026,Lowest temperature in Shanghai on April 23?
2040155,Will the lowest temperature in Shanghai be 8°C on April 23?,Yes,No,10497677337354755268301110186869515937632168340667904144481699906027920976553,113428338859675888356785407342479365364600297410862095993444905584979947829933,0x8f1e1ffcaba7ac045d4bad5bc15aae88a4626a32f2dd0ac7bf835b43f75af03d,True,lowest-temperature-in-shanghai-on-april-23-2026-8c,325,2026-04-21 04:00:26.370979+00:00,False,True,False,2026-04-23T12:00:00Z,"['0.0055', '0.9945']",401658,lowest-temperature-in-shanghai-on-april-23-2026,Lowest temperature in Shanghai on April 23?
2040156,Will the lowest temperature in Shanghai be 9°C on April 23?,Yes,No,97259159222441769395073607058671298025472758298224116868285602261977501821258,103691525715456250672264443642638726916381915953202592931135572823753236201884,0xe5b3bf85bc1f3cb2b8305949b6504567f623382a3a121d5700e49c2cc40cee48,True,lowest-temperature-in-shanghai-on-april-23-2026-9c,73.15,2026-04-21 04:00:26.542521+00:00,False,True,False,2026-04-23T12:00:00Z,"['0.0065', '0.9935']",401658,lowest-temperature-in-shanghai-on-april-23-2026,Lowest temperature in Shanghai on April 23?
2040157,Will the lowest temperature in Shanghai be 10°C on April 23?,Yes,No,46976124922733803129880566090299075797192098835927345687531226729095970960443,51783983048139399348857069734832008407273418901106397464605588222705284189610,0xcce0baaf55564eba53ea55b56a6b624cdcb3819620f577511c10b7f2aa9e2083,True,lowest-temperature-in-shanghai-on-april-23-2026-10c,56,2026-04-21 04:00:26.733801+00:00,False,True,False,2026-04-23T12:00:00Z,"['0.0275', '0.9725']",401658,lowest-temperature-in-shanghai-on-april-23-2026,Lowest temperature in Shanghai on April 23?
2040158,Will the lowest temperature in Shanghai be 11°C on April 23?,Yes,No,80344208729358455155384655804905199831264945827043602893249660533854126946506,22319481033955587100317810321479218167697805902964206713223802606036503502945,0xe715d92168af4bb1faa35f55e960596a320a17a7ade577db358846dde1a4cefa,True,lowest-temperature-in-shanghai-on-april-23-2026-11c,317.04,2026-04-21 04:00:26.915369+00:00,False,True,False,2026-04-23T12:00:00Z,"['0.065', '0.935']",401658,lowest-temperature-in-shanghai-on-april-23-2026,Lowest temperature in Shanghai on April 23?
2040159,Will the lowest temperature in Shanghai be 12°C on April 23?,Yes,No,507524756383584075273036416645061559239651699985340082500895836584654560766,74738462802670060824640354800108922086223442303688234865890615551576082179492,0xe0cf2d844f59e4d240b9f1bbbaafaea2fee2cbf6e4fe8c6d608ce916eb557450,True,lowest-temperature-in-shanghai-on-april-23-2026-12c,198.43,2026-04-21 04:00:27.099679+00:00,False,True,False,2026-04-23T12:00:00Z,"['0.15', '0.85']",401658,lowest-temperature-in-shanghai-on-april-23-2026,Lowest temperature in Shanghai on April 23?
2040160,Will the lowest temperature in Shanghai be 13°C on April 23?,Yes,No,100402593090590740072901683300100410416473749513282410456237068563329164826596,102875178208631821737726800041507526754309542302453409312665013702367411042438,0x5d2bc2da26e87ff286abc6bffba9d2e2d2b3c7397db3e9104931542d066a39bb,True,lowest-temperature-in-shanghai-on-april-23-2026-13c,5,2026-04-21 04:00:27.271443+00:00,False,True,False,2026-04-23T12:00:00Z,"['0.27', '0.73']",401658,lowest-temperature-in-shanghai-on-april-23-2026,Lowest temperature in Shanghai on April 23?
2040161,Will the lowest temperature in Shanghai be 14°C on April 23?,Yes,No,72126564967057137002102773918175308348262611847927234239401803698823019064057,103456909496811273983921178756764175310971843992999695764080473341736314860803,0x1cea7b3e852a55d67b1cab96605bbf671a938ca6f81790b22b754c57253d92aa,True,lowest-temperature-in-shanghai-on-april-23-2026-14c,,2026-04-21 04:00:27.737909+00:00,False,True,False,2026-04-23T12:00:00Z,"['0.21', '0.79']",401658,lowest-temperature-in-shanghai-on-april-23-2026,Lowest temperature in Shanghai on April 23?
2040162,Will the lowest temperature in Shanghai be 15°C on April 23?,Yes,No,97380847913772674418069633189349104765092387228360296978059015892398551381478,30297750822994525015603879878447246919997831072895882237314441958022554417545,0x15172ec9d15cbb44590787b26a4723122f4255371665a96bfd0b5b584a770525,True,lowest-temperature-in-shanghai-on-april-23-2026-15c,15,2026-04-21 04:00:27.900227+00:00,False,True,False,2026-04-23T12:00:00Z,"['0.046', '0.954']",401658,lowest-temperature-in-shanghai-on-april-23-2026,Lowest temperature in Shanghai on April 23?
2040163,Will the lowest temperature in Shanghai be 16°C on April 23?,Yes,No,109236561046078883486290769865308934072133454366425010564220159366289385644309,70860792617315117259657351060850216613805364097029198894982739631181030099283,0xa68bef3cd7e4ddcd4e089e31da0b50d87d30f007faaa2a0dcba852e8bde186b2,True,lowest-temperature-in-shanghai-on-april-23-2026-16c,213.3595,2026-04-21 04:00:28.070415+00:00,False,True,False,2026-04-23T12:00:00Z,"['0.0065', '0.9935']",401658,lowest-temperature-in-shanghai-on-april-23-2026,Lowest temperature in Shanghai on April 23?
2040164,Will the lowest temperature in Shanghai be 17°C or higher on April 23?,Yes,No,44447713623766835964980663533134940461013426381918505091773206434742189997119,64528129270541711980721712281510420009381765553099884282245153171646912718387,0x34acf627b47ee6b83617af7c71ceffe9db2a399ea445246a869ddcc646d0f0fc,True,lowest-temperature-in-shanghai-on-april-23-2026-17corhigher,479.3942,2026-04-21 04:00:28.245650+00:00,False,True,False,2026-04-23T12:00:00Z,"['0.0025', '0.9975']",401658,lowest-temperature-in-shanghai-on-april-23-2026,Lowest temperature in Shanghai on April 23?
2040173,Will the highest temperature in London be 13°C or below on April 23?,Yes,No,83220929649903840836077252355755664862185405798429016148037100646164416148156,17748409201838073174037943694379383024152418299845589910588781892576492492276,0xb98358c324d1e0538ba754895b6620100647fe204b099da3f27cfdf4b57d53c6,True,highest-temperature-in-london-on-april-23-2026-13corbelow,1686.1932000000004,2026-04-21 04:03:22.896588+00:00,False,True,False,2026-04-23T12:00:00Z,"['0.0025', '0.9975']",401667,highest-temperature-in-london-on-april-23-2026,Highest temperature in London on April 23?
2040174,Will the highest temperature in London be 14°C on April 23?,Yes,No,7542950884885221914204062564299894982343707257813896681772360915180845696522,12795722721938927808439819980436256791769041114807696790837334631732717933723,0x71383d9aa86d1bec332605925997c49716a51224702053abd4fb0f1d8c6881cc,True,highest-temperature-in-london-on-april-23-2026-14c,625.8918030000003,2026-04-21 04:03:23.011397+00:00,False,True,False,2026-04-23T12:00:00Z,"['0.0065', '0.9935']",401667,highest-temperature-in-london-on-april-23-2026,Highest temperature in London on April 23?
2040175,Will the highest temperature in London be 15°C on April 23?,Yes,No,65760120578038822412677132186637287096346623889663630613016072184476979633449,53579884208341755495529267715243358720335241291182550374580360896419340443172,0xb14738707ab9d39c8633e70f87310bcaf2898759114b13afb8248a78a54abbe0,True,highest-temperature-in-london-on-april-23-2026-15c,1320.7826550000002,2026-04-21 04:03:23.131600+00:00,False,True,False,2026-04-23T12:00:00Z,"['0.0065', '0.9935']",401667,highest-temperature-in-london-on-april-23-2026,Highest temperature in London on April 23?
2040176,Will the highest temperature in London be 16°C on April 23?,Yes,No,5135016223018852397584890488921061320083388183840889022249909500265905805620,95089958738797303268000093848733468829624686017186379054163222007869254680897,0xd00b70ca1551ecfea5560158b986818fc2638230192323cb253500f22ecf9bb1,True,highest-temperature-in-london-on-april-23-2026-16c,1131.3245949999998,2026-04-21 04:03:23.240360+00:00,False,True,False,2026-04-23T12:00:00Z,"['0.0715', '0.9285']",401667,highest-temperature-in-london-on-april-23-2026,Highest temperature in London on April 23?
2040177,Will the highest temperature in London be 17°C on April 23?,Yes,No,54428368299778077347669797953828586151680161362261563251670290549624731547616,49695964483100999999977513399131217831598984342155001532120776308608681120720,0xea6be9adc84e4a696dfd1db689c4817103a0754330a40433eff889db68e8d8c8,True,highest-temperature-in-london-on-april-23-2026-17c,365.55749000000003,2026-04-21 04:03:23.353882+00:00,False,True,False,2026-04-23T12:00:00Z,"['0.36', '0.64']",401667,highest-temperature-in-london-on-april-23-2026,Highest temperature in London on April 23?
2040178,Will the highest temperature in London be 18°C on April 23?,Yes,No,45303126588414364507359805391118550340825449483760185377406316042792541889092,101558964529573861261481001764299109128156537774069533079349270035997381291332,0x008cef06430007b8e13616b576a89aaddaf6555e93932d33606edba104296bf4,True,highest-temperature-in-london-on-april-23-2026-18c,184.42933500000004,2026-04-21 04:03:23.464569+00:00,False,True,False,2026-04-23T12:00:00Z,"['0.305', '0.695']",401667,highest-temperature-in-london-on-april-23-2026,Highest temperature in London on April 23?
2040179,Will the highest temperature in London be 19°C on April 23?,Yes,No,107069799015072373719454813942436430191126283373322156384796479264115215434118,6270470476712323420471348157204763381180175368504536119859445903536326999496,0x0195e5d49477ef171a5eb0bca8ecd7e73fb7bb2b621ec30c1167c9c1b4dc01ae,True,highest-temperature-in-london-on-april-23-2026-19c,370.912412,2026-04-21 04:03:23.574501+00:00,False,True,False,2026-04-23T12:00:00Z,"['0.205', '0.795']",401667,highest-temperature-in-london-on-april-23-2026,Highest temperature in London on April 23?
2040180,Will the highest temperature in London be 20°C on April 23?,Yes,No,45504863801585076932691364880218040405289174004443801217576599333694882678036,62209703487363102030414158171496511385192384159497034528631612828467187571706,0x540edea51d85947db854cd8768b247e7b4c9d5acf255e07b67d570dd10dc5f43,True,highest-temperature-in-london-on-april-23-2026-20c,959.3177979999999,2026-04-21 04:03:23.682846+00:00,False,True,False,2026-04-23T12:00:00Z,"['0.056', '0.944']",401667,highest-temperature-in-london-on-april-23-2026,Highest temperature in London on April 23?
2040181,Will the highest temperature in London be 21°C on April 23?,Yes,No,78274724621540012284765466593825127135850388105423418514676189670541293964866,1198799911645451907905283034864065149741526874591693867921381643682682310818,0xad9bdf1beaa04e326b6ee069a9e1b9a08a44a949ccf2a62f33bd96938a074ed0,True,highest-temperature-in-london-on-april-23-2026-21c,294.616475,2026-04-21 04:03:23.808268+00:00,False,True,False,2026-04-23T12:00:00Z,"['0.0075', '0.9925']",401667,highest-temperature-in-london-on-april-23-2026,Highest temperature in London on April 23?
2040182,Will the highest temperature in London be 22°C on April 23?,Yes,No,3185328250135495976468077121854660227973869845107264102405340936072966559408,66207606227524947816908733367963229582488278500529979722763509369573388539614,0x211d15c1393cbf60603f376d9369181d1ae14111410fb7e945b89693bef548cb,True,highest-temperature-in-london-on-april-23-2026-22c,263.8981,2026-04-21 04:03:23.919444+00:00,False,True,False,2026-04-23T12:00:00Z,"['0.0055', '0.9945']",401667,highest-temperature-in-london-on-april-23-2026,Highest temperature in London on April 23?
2040183,Will the highest temperature in London be 23°C or higher on April 23?,Yes,No,15523177257142255585799430127485024910502117334420465332368013267223067234210,79289255106857104240631131204747539596805734649359950869566562136849278969453,0x3e744ec7771d8d07fd4c0774a5103ce0c642a634cbe07de9f98402d2495ffeac,True,highest-temperature-in-london-on-april-23-2026-23corhigher,664.956,2026-04-21 04:03:24.030488+00:00,False,True,False,2026-04-23T12:00:00Z,"['0.0065', '0.9935']",401667,highest-temperature-in-london-on-april-23-2026,Highest temperature in London on April 23?
2040184,Will the highest temperature in Paris be 15°C or below on April 23?,Yes,No,89120323942610346997403597402591487571410982027887866678110049271169633795230,48073240733906072835665695214718278956781480634210644921614086917552795473254,0xd75b6b6c5ffa4863b3a6308e2775b55ab2f6c3d87a54b90be10cf9d2c62e182a,True,highest-temperature-in-paris-on-april-23-2026-15corbelow,399.48539999999997,2026-04-21 04:03:27.085908+00:00,False,True,False,2026-04-23T12:00:00Z,"['0.0005', '0.9995']",401668,highest-temperature-in-paris-on-april-23-2026,Highest temperature in Paris on April 23?
2040185,Will the highest temperature in Paris be 16°C on April 23?,Yes,No,111552475849925366247816846857997932042291906436539427416119752710507409862305,17297933279165621080300364366466881448281676994535380807548586920139735854739,0xec7c28a5b3971a02dbc7661dc5bb56eabfe775a77e2a69512098f227e4c706f3,True,highest-temperature-in-paris-on-april-23-2026-16c,311,2026-04-21 04:03:27.195441+00:00,False,True,False,2026-04-23T12:00:00Z,"['0.0025', '0.9975']",401668,highest-temperature-in-paris-on-april-23-2026,Highest temperature in Paris on April 23?
2040186,Will the highest temperature in Paris be 17°C on April 23?,Yes,No,1472045583390308687960965206579446885101265979270429176692924990655030292709,75546046518557138403727619633349734579522346949947888565292680668065473074642,0x9710314af51ea7d48d798354f7acc47710c3aa6c989dc497d684d321f97c290f,True,highest-temperature-in-paris-on-april-23-2026-17c,458.7443839999999,2026-04-21 04:03:27.311174+00:00,False,True,False,2026-04-23T12:00:00Z,"['0.004', '0.996']",401668,highest-temperature-in-paris-on-april-23-2026,Highest temperature in Paris on April 23?
2040187,Will the highest temperature in Paris be 18°C on April 23?,Yes,No,113999598714588922172261829467675876464773527831096022525283705328713971875574,21385449179919469851470907346238815474732425902150113606816453518101189600929,0x1d886225ad8f5e8589f88dab171b81720a74880f2b19794c7eacc4be57b7eb48,True,highest-temperature-in-paris-on-april-23-2026-18c,360.9490609999999,2026-04-21 04:03:27.420181+00:00,False,True,False,2026-04-23T12:00:00Z,"['0.0055', '0.9945']",401668,highest-temperature-in-paris-on-april-23-2026,Highest temperature in Paris on April 23?
2040188,Will the highest temperature in Paris be 19°C on April 23?,Yes,No,15205643967385193197941311594466551015485351556162713464473736542501234244743,64064596521011630966143946109201144949110919106845899178910598181468807214994,0x909198b048a6275bf45affa78f22044c9cc1929ad9ca0d50d28b09824756c4e7,True,highest-temperature-in-paris-on-april-23-2026-19c,831.3155950000003,2026-04-21 04:03:27.713374+00:00,False,True,False,2026-04-23T12:00:00Z,"['0.02', '0.98']",401668,highest-temperature-in-paris-on-april-23-2026,Highest temperature in Paris on April 23?
2040189,Will the highest temperature in Paris be 20°C on April 23?,Yes,No,48499356754241011935200920724668380938557573202004975555428128158716563648708,50248224181815347851840782870468468280143496049136166076150415700471904838183,0x750fd4fb85f32e699ab7e1cedf5b95ef15d7cc84b2b3a15693b64835df9f9d6f,True,highest-temperature-in-paris-on-april-23-2026-20c,222.34953900000002,2026-04-21 04:03:27.824357+00:00,False,True,False,2026-04-23T12:00:00Z,"['0.11', '0.89']",401668,highest-temperature-in-paris-on-april-23-2026,Highest temperature in Paris on April 23?
2040190,Will the highest temperature in Paris be 21°C on April 23?,Yes,No,98024505720977378146972902677187964158052686004296827183533581269914574364853,36275324754058937143563800407817822033148778054022713932668786989703692649243,0x558a9dbd097e526ae8732c08317dbf5d3f7869319b585dd8403893de1f7fc138,True,highest-temperature-in-paris-on-april-23-2026-21c,177.105389,2026-04-21 04:03:27.945506+00:00,False,True,False,2026-04-23T12:00:00Z,"['0.295', '0.705']",401668,highest-temperature-in-paris-on-april-23-2026,Highest temperature in Paris on April 23?
2040191,Will the highest temperature in Paris be 22°C on April 23?,Yes,No,33824657345459302166356427134201350725671026645701401639516658067510077142415,4599809389997949387156399824125168561970556108317524088712231687104183927665,0xf30f60ed92efc6999c1d7b0e620cc1216ac923576fb61bf01628f9f639ac8f28,True,highest-temperature-in-paris-on-april-23-2026-22c,324.19999300000006,2026-04-21 04:03:28.054954+00:00,False,True,False,2026-04-23T12:00:00Z,"['0.29', '0.71']",401668,highest-temperature-in-paris-on-april-23-2026,Highest temperature in Paris on April 23?
2040192,Will the highest temperature in Paris be 23°C on April 23?,Yes,No,64447620088612223347722775051381099297878851633772334275326993994288972822552,59447008919109353058611497598808981487151972682699061486913571689381718548974,0x27c8d494cb71fbf1bf09a66b7bc50ade52f1390cfcd4985ff0cb464121a0fc9c,True,highest-temperature-in-paris-on-april-23-2026-23c,242.000257,2026-04-21 04:03:28.170609+00:00,False,True,False,2026-04-23T12:00:00Z,"['0.17', '0.83']",401668,highest-temperature-in-paris-on-april-23-2026,Highest temperature in Paris on April 23?
2040193,Will the highest temperature in Paris be 24°C on April 23?,Yes,No,58685948801853973334613625130569910001638922324465801768067427740979631817526,107783884457149211941735623739725656268834072620406715097986216600518536779813,0x8216985769e68d79689fb40847b1bf0022a75f9d7c69d4478b776ac362af319a,True,highest-temperature-in-paris-on-april-23-2026-24c,230.882066,2026-04-21 04:03:28.285471+00:00,False,True,False,2026-04-23T12:00:00Z,"['0.011', '0.989']",401668,highest-temperature-in-paris-on-april-23-2026,Highest temperature in Paris on April 23?
2040194,Will the highest temperature in Paris be 25°C or higher on April 23?,Yes,No,28655546712119750393590370020513374896979801440376062321765746736531736766195,69443343954199850766914541942986547364518697076146348018538964232993939829939,0x79330235159f5a978ea96f0783c3345a392b9e7581e5e4d8b6e685a5c5144937,True,highest-temperature-in-paris-on-april-23-2026-25corhigher,611.562941,2026-04-21 04:03:28.397725+00:00,False,True,False,2026-04-23T12:00:00Z,"['0.0065', '0.9935']",401668,highest-temperature-in-paris-on-april-23-2026,Highest temperature in Paris on April 23?
2040195,Will the highest temperature in Sao Paulo be 23°C or below on April 23?,Yes,No,37253421494595638767491141318733472287236092975427191320323602707035005418697,85591988169602241165654664477408167681453099738523088406027064123038630134527,0xe3b114fa0864c5d808dc43ec6b84ab868837c07faad0d9fd4adc34bed23f9790,True,highest-temperature-in-sao-paulo-on-april-23-2026-23corbelow,324.839947,2026-04-21 04:03:31.530023+00:00,False,True,False,2026-04-23T12:00:00Z,"['0.007', '0.993']",401669,highest-temperature-in-sao-paulo-on-april-23-2026,Highest temperature in Sao Paulo on April 23?
2040196,Will the highest temperature in Sao Paulo be 24°C on April 23?,Yes,No,29282876957423659171477783814880847600699646056336906243448893463635889127578,23711126130367210583079542791025813136548586466685190386540555774466020845666,0xda0a1ec401f2d84d30bd92ccf6999a6d635bddc3c922db2de68b91d37885005f,True,highest-temperature-in-sao-paulo-on-april-23-2026-24c,255.33589,2026-04-21 04:03:31.643887+00:00,False,True,False,2026-04-23T12:00:00Z,"['0.0065', '0.9935']",401669,highest-temperature-in-sao-paulo-on-april-23-2026,Highest temperature in Sao Paulo on April 23?
2040197,Will the highest temperature in Sao Paulo be 25°C on April 23?,Yes,No,49553760339849914386841295170680536857577208864430436679261227167602985354277,17191908921991682485754396588199810451182062648852052020915815353807165943969,0x7a3c263196f75f3e8b064d99fbd3c0a254820ddb44c27a45101e165a84e9e087,True,highest-temperature-in-sao-paulo-on-april-23-2026-25c,100.251941,2026-04-21 04:03:31.760373+00:00,False,True,False,2026-04-23T12:00:00Z,"['0.0425', '0.9575']",401669,highest-temperature-in-sao-paulo-on-april-23-2026,Highest temperature in Sao Paulo on April 23?
2040198,Will the highest temperature in Sao Paulo be 26°C on April 23?,Yes,No,41348849629627356093758314084318830409854842928130465012535532167899315720670,23768763683054645160007231234445759153422220196418742094482345422249462844960,0x7b451cb117f16c1428f41e8320c6337bd911a87343fc27670e065a490afbb5f2,True,highest-temperature-in-sao-paulo-on-april-23-2026-26c,102.75795299999999,2026-04-21 04:03:31.870644+00:00,False,True,False,2026-04-23T12:00:00Z,"['0.065', '0.935']",401669,highest-temperature-in-sao-paulo-on-april-23-2026,Highest temperature in Sao Paulo on April 23?
2040199,Will the highest temperature in Sao Paulo be 27°C on April 23?,Yes,No,74678343334784550399162261745682088219475947943688041087405420546097178898587,52083123083456949291058588033481889850560568491429846591377581990017971659968,0x7b968a7ea63a0d4d6a10f8c291aa31a238a85e5655c5e65518dd064dab9289e9,True,highest-temperature-in-sao-paulo-on-april-23-2026-27c,9.41348,2026-04-21 04:03:31.981130+00:00,False,True,False,2026-04-23T12:00:00Z,"['0.2', '0.8']",401669,highest-temperature-in-sao-paulo-on-april-23-2026,Highest temperature in Sao Paulo on April 23?
2040200,Will the highest temperature in Sao Paulo be 28°C on April 23?,Yes,No,71637439078826880755573581065795953259779153544757595464564247612497329579475,97642449858004239133369480235189338216699548232236042646952410418263357180339,0xd36734d16cf2d81e14d1516f2d334560fa68316418fcf0ece4cc8a775212882f,True,highest-temperature-in-sao-paulo-on-april-23-2026-28c,32.086093,2026-04-21 04:03:32.098142+00:00,False,True,False,2026-04-23T12:00:00Z,"['0.335', '0.665']",401669,highest-temperature-in-sao-paulo-on-april-23-2026,Highest temperature in Sao Paulo on April 23?
2040201,Will the highest temperature in Sao Paulo be 29°C on April 23?,Yes,No,59240568764346310253435713644270490442717725215682522142772748037075529275665,39691792280125428146876678104377848979080495376736228848896628305565837180258,0x0f3a0cfd74e84ab4350f1f861fcc3a8bafee11e4fb23fd9fa89b3f5e2defe193,True,highest-temperature-in-sao-paulo-on-april-23-2026-29c,64.277494,2026-04-21 04:03:32.208534+00:00,False,True,False,2026-04-23T12:00:00Z,"['0.28', '0.72']",401669,highest-temperature-in-sao-paulo-on-april-23-2026,Highest temperature in Sao Paulo on April 23?
2040202,Will the highest temperature in Sao Paulo be 30°C on April 23?,Yes,No,39098664606785630346995269159051202005406163464215501177551880415925015027509,30848945080210729202738104850026197941311244917081174880486197556890114646988,0x4e616a6247e6c594f4be43932f2b728f27dad8c73403a84bf7385429818574ea,True,highest-temperature-in-sao-paulo-on-april-23-2026-30c,23.684748000000003,2026-04-21 04:03:32.318419+00:00,False,True,False,2026-04-23T12:00:00Z,"['0.075', '0.925']",401669,highest-temperature-in-sao-paulo-on-april-23-2026,Highest temperature in Sao Paulo on April 23?
2040203,Will the highest temperature in Sao Paulo be 31°C on April 23?,Yes,No,24059350876626569066278675558189240073117785938252339139943238141723705209158,10029661452404324407411588701412838033331559161650839792772632090928240885273,0x563eb76c7fa286d5bfe37f262f9148d35a8611b960303792fdcac96d88002d7c,True,highest-temperature-in-sao-paulo-on-april-23-2026-31c,148.96890000000002,2026-04-21 04:03:32.426858+00:00,False,True,False,2026-04-23T12:00:00Z,"['0.035', '0.965']",401669,highest-temperature-in-sao-paulo-on-april-23-2026,Highest temperature in Sao Paulo on April 23?
2040204,Will the highest temperature in Sao Paulo be 32°C on April 23?,Yes,No,19387169893727568889758259395679845395300857756206222886763450188920947688358,25056626261405535433298281142673764820298674298958259194683155505715756571941,0xb1fd83b962cbd7fbf851b4cb4dfe487eb810bbf6c9616478387539122e8043ac,True,highest-temperature-in-sao-paulo-on-april-23-2026-32c,35,2026-04-21 04:03:32.538269+00:00,False,True,False,2026-04-23T12:00:00Z,"['0.007', '0.993']",401669,highest-temperature-in-sao-paulo-on-april-23-2026,Highest temperature in Sao Paulo on April 23?
2040205,Will the highest temperature in Sao Paulo be 33°C or higher on April 23?,Yes,No,47808782509479785697892375478694372672923988076084386665582955276192447897507,66327813727259847106834168282207554693109435979221641151129893963369511998772,0x07b693c8ac337180c66c68ba80c9fe595b8ea855b5b3dee9009d16e3c1915455,True,highest-temperature-in-sao-paulo-on-april-23-2026-33corhigher,65,2026-04-21 04:03:32.646425+00:00,False,True,False,2026-04-23T12:00:00Z,"['0.007', '0.993']",401669,highest-temperature-in-sao-paulo-on-april-23-2026,Highest temperature in Sao Paulo on April 23?
2040206,Will the highest temperature in Buenos Aires be 16°C or below on April 23?,Yes,No,75533454190114280582134580354619012997453001435464133472694554574625107712586,48856713223265144758597496400723153644527943394464058094954023143421169793477,0x67faa7e2f6d1b750b53aacef72a9a5391c5c2f78f4ff26a06e7d109b29402228,True,highest-temperature-in-buenos-aires-on-april-23-2026-16corbelow,525,2026-04-21 04:03:35.765119+00:00,False,True,False,2026-04-23T12:00:00Z,"['0.0015', '0.9985']",401670,highest-temperature-in-buenos-aires-on-april-23-2026,Highest temperature in Buenos Aires on April 23?
2040207,Will the highest temperature in Buenos Aires be 17°C on April 23?,Yes,No,49430914105640644621619606372531542309680676887194454151615822662269974718678,37088571085753388404210571380899606313847555379745909787799539066938717982547,0x099b9bc3f25616477b3ce349248d4e901a5b1597874ceea764974da1b3799bc4,True,highest-temperature-in-buenos-aires-on-april-23-2026-17c,574.99,2026-04-21 04:03:35.875978+00:00,False,True,False,2026-04-23T12:00:00Z,"['0.0045', '0.9955']",401670,highest-temperature-in-buenos-aires-on-april-23-2026,Highest temperature in Buenos Aires on April 23?
2040208,Will the highest temperature in Buenos Aires be 18°C on April 23?,Yes,No,41499476406422405163053406498678102672484709142158001428330265901056647166745,109674239928153587570137993322268849113723029688651544551502895749278200437362,0xa11508448c0546abbeeb350c789e5945af563ab68a62d87097dac4e17fae2b0b,True,highest-temperature-in-buenos-aires-on-april-23-2026-18c,1126.1111950000002,2026-04-21 04:03:35.985308+00:00,False,True,False,2026-04-23T12:00:00Z,"['0.0075', '0.9925']",401670,highest-temperature-in-buenos-aires-on-april-23-2026,Highest temperature in Buenos Aires on April 23?
2040209,Will the highest temperature in Buenos Aires be 19°C on April 23?,Yes,No,25964315872046885981562715554545912316000124315808889176251926752743180551223,108344052776684372886039711068810290181769175403692573816781090179759193176048,0x4f1811b525f359cf90f377b01ce858a1448bb11d76151c0d9404c8987ffb200d,True,highest-temperature-in-buenos-aires-on-april-23-2026-19c,560.699477,2026-04-21 04:03:36.095579+00:00,False,True,False,2026-04-23T12:00:00Z,"['0.0115', '0.9885']",401670,highest-temperature-in-buenos-aires-on-april-23-2026,Highest temperature in Buenos Aires on April 23?
2040210,Will the highest temperature in Buenos Aires be 20°C on April 23?,Yes,No,78534249924901860838506332651697414877827558589401834568295765192440957454505,35059167486501810558847767095117666793026697829444483563428616559132283472113,0xebd08ca2f2ebb9cd790c6fdf3f2f5c43ac3595e635f1c12a5299e9df74977303,True,highest-temperature-in-buenos-aires-on-april-23-2026-20c,322.49558,2026-04-21 04:03:36.206963+00:00,False,True,False,2026-04-23T12:00:00Z,"['0.06', '0.94']",401670,highest-temperature-in-buenos-aires-on-april-23-2026,Highest temperature in Buenos Aires on April 23?
2040211,Will the highest temperature in Buenos Aires be 21°C on April 23?,Yes,No,51450540711886171529396367292420303281421357751558774507238859805607984302134,80593805986933462589485441668235789925411053540154192432901267046030985492458,0xc07eda965ad76adf9d2946689d6f3319942885634592e9013e285009d50dca4a,True,highest-temperature-in-buenos-aires-on-april-23-2026-21c,233.411472,2026-04-21 04:03:36.314431+00:00,False,True,False,2026-04-23T12:00:00Z,"['0.14', '0.86']",401670,highest-temperature-in-buenos-aires-on-april-23-2026,Highest temperature in Buenos Aires on April 23?
2040212,Will the highest temperature in Buenos Aires be 22°C on April 23?,Yes,No,102273238532259041580934145882679721152338149935332417385871363591281785072089,72356291394056421430460828409767051512292911542387927354750183769436690603391,0x664e7db0a2aef24825afbf5b50af2d7e32a78ee5e60c1eee24a98e0b535319e8,True,highest-temperature-in-buenos-aires-on-april-23-2026-22c,153.192306,2026-04-21 04:03:36.425470+00:00,False,True,False,2026-04-23T12:00:00Z,"['0.235', '0.765']",401670,highest-temperature-in-buenos-aires-on-april-23-2026,Highest temperature in Buenos Aires on April 23?
2040213,Will the highest temperature in Buenos Aires be 23°C on April 23?,Yes,No,80471807754805772674016325094784048531264161345246714687040685425599677488293,85299125248670735667460537036070567493096692159577687654415723573582909213848,0x302712e572e6b28c47e9b1b4e2b19d06c5638832001399c6ac93debf9204ab9d,True,highest-temperature-in-buenos-aires-on-april-23-2026-23c,22.617041,2026-04-21 04:03:36.535706+00:00,False,True,False,2026-04-23T12:00:00Z,"['0.29', '0.71']",401670,highest-temperature-in-buenos-aires-on-april-23-2026,Highest temperature in Buenos Aires on April 23?
2040214,Will the highest temperature in Buenos Aires be 24°C on April 23?,Yes,No,39115456299402805402546624479013639929675977143662038076342566646094363707934,92890063519924376453962537567916305872288571555590924287207217315313963445529,0x22fb927bd9cafe11dd2b5019733fedc79f534772131b90e26e31c036fbab384c,True,highest-temperature-in-buenos-aires-on-april-23-2026-24c,312.506234,2026-04-21 04:03:36.663444+00:00,False,True,False,2026-04-23T12:00:00Z,"['0.135', '0.865']",401670,highest-temperature-in-buenos-aires-on-april-23-2026,Highest temperature in Buenos Aires on April 23?
2040215,Will the highest temperature in Buenos Aires be 25°C on April 23?,Yes,No,46377532027441044356559677753811631624568328592430084175876107272730756202311,65434908707557031534260840601530410067607826115068666487202488064211809254396,0x959ffa83d2736b12aeea375b4debc91a6d1f6c99b7b0c69eda76611e3aaaf881,True,highest-temperature-in-buenos-aires-on-april-23-2026-25c,160.6108,2026-04-21 04:03:36.775517+00:00,False,True,False,2026-04-23T12:00:00Z,"['0.045', '0.955']",401670,highest-temperature-in-buenos-aires-on-april-23-2026,Highest temperature in Buenos Aires on April 23?
2040216,Will the highest temperature in Buenos Aires be 26°C or higher on April 23?,Yes,No,63083179834167292925813754458036348886418915439598909387738986341482435352598,95946224456338807679578122054806109981239023480930652605824177089275134434237,0x816f4f547a87eaeb736060a7e27572fd705a14a3266f53fba30a8657ac3db346,True,highest-temperature-in-buenos-aires-on-april-23-2026-26corhigher,672.8211650000001,2026-04-21 04:03:36.882324+00:00,False,True,False,2026-04-23T12:00:00Z,"['0.02', '0.98']",401670,highest-temperature-in-buenos-aires-on-april-23-2026,Highest temperature in Buenos Aires on April 23?
2040217,Will the highest temperature in Seoul be 13°C or below on April 23?,Yes,No,62236875971171184824622950579960831201421767094274131137587121033197671852886,59256391610795615913562068983289856340456794786842677260277449609302033655621,0x644dc96a45cc21e57928b31123f91d6e366078fba74b4d11a7a5a4725bb06505,True,highest-temperature-in-seoul-on-april-23-2026-13corbelow,1332.842098,2026-04-21 04:03:40.016487+00:00,False,True,False,2026-04-23T12:00:00Z,"['0.0035', '0.9965']",401671,highest-temperature-in-seoul-on-april-23-2026,Highest temperature in Seoul on April 23?
2040218,Will the highest temperature in Seoul be 14°C on April 23?,Yes,No,39386082500146079244328984188531400781944576656543912045165283870716506606604,16369875701427317819051759602839287531438668347266098485051999272886751688371,0xf9cc956090465fe76a315937364441e860681f13af97bce8af3ed1847f0f66f1,True,highest-temperature-in-seoul-on-april-23-2026-14c,1077.421,2026-04-21 04:03:40.124828+00:00,False,True,False,2026-04-23T12:00:00Z,"['0.0085', '0.9915']",401671,highest-temperature-in-seoul-on-april-23-2026,Highest temperature in Seoul on April 23?
2040219,Will the highest temperature in Seoul be 15°C on April 23?,Yes,No,112485543212795692178384327233327768744273417670129926691759800590096521420339,82623744976733030106882353480789565617688015718001960365159419936748212012476,0x20a13a8868deef1b81edab30a79342fbbfeae945f875185d0f94cae79ca079e5,True,highest-temperature-in-seoul-on-april-23-2026-15c,1620.704927,2026-04-21 04:03:40.236313+00:00,False,True,False,2026-04-23T12:00:00Z,"['0.0075', '0.9925']",401671,highest-temperature-in-seoul-on-april-23-2026,Highest temperature in Seoul on April 23?
2040220,Will the highest temperature in Seoul be 16°C on April 23?,Yes,No,25799445623529213701974625368788896614110831838525777000739494868611857021742,90754814926345274027556283502205709048731152903258520820150656175366969713705,0x51e9686d4a46fdd5d818ef3b322a13311ec561c3950b5a339c9db2f48163976b,True,highest-temperature-in-seoul-on-april-23-2026-16c,535.8729320000001,2026-04-21 04:03:40.343845+00:00,False,True,False,2026-04-23T12:00:00Z,"['0.007', '0.993']",401671,highest-temperature-in-seoul-on-april-23-2026,Highest temperature in Seoul on April 23?
2040221,Will the highest temperature in Seoul be 17°C on April 23?,Yes,No,40634562407723995280581057692094061640222205157318320495614126009389486690161,25812485329335291100463025205477737003925070754363877722455078627602257216144,0xca34fa438e60abb00b20bba6458621a608314017eac6bd6fa4859a6c28026db9,True,highest-temperature-in-seoul-on-april-23-2026-17c,1869.4287450000006,2026-04-21 04:03:40.452161+00:00,False,True,False,2026-04-23T12:00:00Z,"['0.0165', '0.9835']",401671,highest-temperature-in-seoul-on-april-23-2026,Highest temperature in Seoul on April 23?
2040222,Will the highest temperature in Seoul be 18°C on April 23?,Yes,No,23466489115827122663042661516229732558464636291053718584226939921346994413181,86677596110625787763209006037999783780747222678173645800587699095489966809780,0x750057419a68f86580de2a64320a489b2e90cde303ce7c02cc85a42c2dee10e2,True,highest-temperature-in-seoul-on-april-23-2026-18c,1115.197864,2026-04-21 04:03:40.652238+00:00,False,True,False,2026-04-23T12:00:00Z,"['0.115', '0.885']",401671,highest-temperature-in-seoul-on-april-23-2026,Highest temperature in Seoul on April 23?
2040223,Will the highest temperature in Seoul be 19°C on April 23?,Yes,No,27421251380030991737985416104510018589120458726346768847879512808205184881857,53337168491892097248390984402921092017699465553293997942923532514596015949074,0x4e8ab61638458684c5695c26f6101f86704ae7238d3e42c0e6f69d2d94e9c7a3,True,highest-temperature-in-seoul-on-april-23-2026-19c,602.5053419999999,2026-04-21 04:03:40.761067+00:00,False,True,False,2026-04-23T12:00:00Z,"['0.145', '0.855']",401671,highest-temperature-in-seoul-on-april-23-2026,Highest temperature in Seoul on April 23?
2040224,Will the highest temperature in Seoul be 20°C on April 23?,Yes,No,70482763208895995005751144360177774417740976100836194270413868197074907279549,60443876345009529305614587830505236961689088324496763336974650562599994547119,0xa9b665d287080c4f989bd5de5bd4288ea96a0c449ad444fdf030950d2d075dbe,True,highest-temperature-in-seoul-on-april-23-2026-20c,429.38661499999995,2026-04-21 04:03:40.904392+00:00,False,True,False,2026-04-23T12:00:00Z,"['0.23', '0.77']",401671,highest-temperature-in-seoul-on-april-23-2026,Highest temperature in Seoul on April 23?
2040225,Will the highest temperature in Seoul be 21°C on April 23?,Yes,No,73030025683208782923631760527715813333439198056753568156802881743227151111059,12174919712464222935192601647366671154286892245183185112782313752380870071895,0x89fe8a88eb43a448cc8398de5b7b23536c264595a67d1993b5eb53ccf47ca396,True,highest-temperature-in-seoul-on-april-23-2026-21c,466.37550699999997,2026-04-21 04:03:41.029940+00:00,False,True,False,2026-04-23T12:00:00Z,"['0.23', '0.77']",401671,highest-temperature-in-seoul-on-april-23-2026,Highest temperature in Seoul on April 23?
2040226,Will the highest temperature in Seoul be 22°C on April 23?,Yes,No,45467516848994787054503137137020418099691094106572847773410760655708309700048,21567909632908071741558719458700278916507374109968494531450750873398455556860,0x64271358528fadefaddf9e9777bcb890c9738ec3faff280051a683b10a2528ef,True,highest-temperature-in-seoul-on-april-23-2026-22c,653.6038250000001,2026-04-21 04:03:41.141380+00:00,False,True,False,2026-04-23T12:00:00Z,"['0.175', '0.825']",401671,highest-temperature-in-seoul-on-april-23-2026,Highest temperature in Seoul on April 23?
2040227,Will the highest temperature in Seoul be 23°C or higher on April 23?,Yes,No,18864397825357877387941626433440484289267722531766247718256580904033587018875,102281909866019904287813398675124509670348522962635517155620009676033071796356,0x778350952d7618042be78bc42808c262800265220a21e2c3931465388ba91a8b,True,highest-temperature-in-seoul-on-april-23-2026-23corhigher,616.5629619999999,2026-04-21 04:03:41.248825+00:00,False,True,False,2026-04-23T12:00:00Z,"['0.155', '0.845']",401671,highest-temperature-in-seoul-on-april-23-2026,Highest temperature in Seoul on April 23?
2040228,Will the highest temperature in Toronto be 12°C or below on April 23?,Yes,No,56913855549222890804539537808671339073437365065323968618662724136410707983919,17017102592454737192972549778607023223436559545598928748722351127729506512955,0xd52807bcc0da000281f1a03214caeac135ea90422dba0943e01e2758f5bd626c,True,highest-temperature-in-toronto-on-april-23-2026-12corbelow,1398.7836989999998,2026-04-21 04:03:44.348656+00:00,False,True,False,2026-04-23T12:00:00Z,"['0.0085', '0.9915']",401672,highest-temperature-in-toronto-on-april-23-2026,Highest temperature in Toronto on April 23?
2040229,Will the highest temperature in Toronto be 13°C on April 23?,Yes,No,19866825409775754593641969377083642123780868736105653966721896908459753882921,112410229156626463696910847268392380198963767442812903798682098305690680029168,0x93f8e83a6372dbb9ff9a730c2feeef82d18fcfc1b28afdc2fbfbb41a21f16609,True,highest-temperature-in-toronto-on-april-23-2026-13c,900.3156840000001,2026-04-21 04:03:44.456925+00:00,False,True,False,2026-04-23T12:00:00Z,"['0.013', '0.987']",401672,highest-temperature-in-toronto-on-april-23-2026,Highest temperature in Toronto on April 23?
2040230,Will the highest temperature in Toronto be 14°C on April 23?,Yes,No,49962931451868523236296095126261102313627454440651649455664621611106956271113,7716052281254430899208981888992348499095572761644618990529858620705501150295,0x6508b274b740037a8b2586eac302efb5fe01eafc0cebfbe7e90c778b717d8069,True,highest-temperature-in-toronto-on-april-23-2026-14c,36.752227000000005,2026-04-21 04:03:44.566494+00:00,False,True,False,2026-04-23T12:00:00Z,"['0.056', '0.944']",401672,highest-temperature-in-toronto-on-april-23-2026,Highest temperature in Toronto on April 23?
2040231,Will the highest temperature in Toronto be 15°C on April 23?,Yes,No,75661665577214673792644704725870912016215141707267193501851658952014084839954,35299517976822555628579650244477621569766128193201187459886015160762779021515,0x28189fb502324a3fad9762a9b423d882d31b600d00445643783a51c40d2bbaa9,True,highest-temperature-in-toronto-on-april-23-2026-15c,17.336816,2026-04-21 04:03:44.675201+00:00,False,True,False,2026-04-23T12:00:00Z,"['0.16', '0.84']",401672,highest-temperature-in-toronto-on-april-23-2026,Highest temperature in Toronto on April 23?
2040232,Will the highest temperature in Toronto be 16°C on April 23?,Yes,No,42538457806855364770062784766747152370570872707572402201605215782571703675635,17892709440164817138361706789090347647085288317801478719454126424554156662200,0x55beb7c0584b401336c5d85db2717c45fa16441954aeeb24f4a7cc4a8be27ec7,True,highest-temperature-in-toronto-on-april-23-2026-16c,66.132351,2026-04-21 04:03:44.785913+00:00,False,True,False,2026-04-23T12:00:00Z,"['0.255', '0.745']",401672,highest-temperature-in-toronto-on-april-23-2026,Highest temperature in Toronto on April 23?
2040233,Will the highest temperature in Toronto be 17°C on April 23?,Yes,No,9870741834922489408170304286624719810569361313867439928608978313281094427080,113442802845054230088500445420377902590126094476292002011721655330774376982664,0xdad7c2abe0a0d9c23be1cc71e3649de03c29e47d78114fe227731c7282244ebc,True,highest-temperature-in-toronto-on-april-23-2026-17c,71.91610699999998,2026-04-21 04:03:44.895909+00:00,False,True,False,2026-04-23T12:00:00Z,"['0.29', '0.71']",401672,highest-temperature-in-toronto-on-april-23-2026,Highest temperature in Toronto on April 23?
2040234,Will the highest temperature in Toronto be 18°C on April 23?,Yes,No,44593042287085722193547160954380927965969195959104437931932632494340454594875,9526807382702848113975282273222923408827679602795429340197848266985803948814,0xbdbb9ddcdc08fa7fc4210b103cbb2d53d5030aefc86891a943c568f588914b64,True,highest-temperature-in-toronto-on-april-23-2026-18c,140.193516,2026-04-21 04:03:45.003845+00:00,False,True,False,2026-04-23T12:00:00Z,"['0.14', '0.86']",401672,highest-temperature-in-toronto-on-april-23-2026,Highest temperature in Toronto on April 23?
2040235,Will the highest temperature in Toronto be 19°C on April 23?,Yes,No,23340981339146954843675497892696694414677386067297402589139418648714201568297,51534476810280362165309031692771167176925070642957983315296988567715768597823,0x4c5d80633544710a92550788ccb8adc861e78a6b4eeda2e8f34697f3c8066778,True,highest-temperature-in-toronto-on-april-23-2026-19c,178.56473199999996,2026-04-21 04:03:45.111569+00:00,False,True,False,2026-04-23T12:00:00Z,"['0.06', '0.94']",401672,highest-temperature-in-toronto-on-april-23-2026,Highest temperature in Toronto on April 23?
2040236,Will the highest temperature in Toronto be 20°C on April 23?,Yes,No,41550558850655511992826257078622763791240130186668004407623303776346890353423,94266619272919341029846849483869560833164403537289844603685770523517491530556,0xef2fab5a058e555e0194649c4860a7290e772f4517a89e756960838eefc72090,True,highest-temperature-in-toronto-on-april-23-2026-20c,265.442732,2026-04-21 04:03:45.217477+00:00,False,True,False,2026-04-23T12:00:00Z,"['0.014', '0.986']",401672,highest-temperature-in-toronto-on-april-23-2026,Highest temperature in Toronto on April 23?
2040237,Will the highest temperature in Toronto be 21°C on April 23?,Yes,No,66813505567396628028029556488485397932871557254411102959611540891202777821354,30386888157900616120890169470124245404064983289247100770005230549820962752664,0x463f9d72d49871374082f56ea23322b5e60f730cd0d534028a3c074d508fffba,True,highest-temperature-in-toronto-on-april-23-2026-21c,286.777285,2026-04-21 04:03:45.322818+00:00,False,True,False,2026-04-23T12:00:00Z,"['0.011', '0.989']",401672,highest-temperature-in-toronto-on-april-23-2026,Highest temperature in Toronto on April 23?
2040238,Will the highest temperature in Toronto be 22°C or higher on April 23?,Yes,No,16175259303972721735253139385495125023047417862577634014782500715988201902409,12471047363263436829062895029557992500960921477780555240491419987962834740531,0xa61980300eecf9553fe0c15026c76c7a9865a640db55eced90d37abd192d31dd,True,highest-temperature-in-toronto-on-april-23-2026-22corhigher,333.86466500000006,2026-04-21 04:03:45.429452+00:00,False,True,False,2026-04-23T12:00:00Z,"['0.007', '0.993']",401672,highest-temperature-in-toronto-on-april-23-2026,Highest temperature in Toronto on April 23?
2040239,Will the highest temperature in Seattle be 57°F or below on April 23?,Yes,No,101107874213754503810809878022427057959283769020962923461464739194942260912775,45266499733216588132372355917614691980204949803712610457436129579080554611435,0x6c904bd0429e30c15b2ebf8de7005f93b100c165d11ad7d25a67dc1d1cdfe46e,True,highest-temperature-in-seattle-on-april-23-2026-57forbelow,903.748398,2026-04-21 04:03:48.483576+00:00,False,True,False,2026-04-23T12:00:00Z,"['0.125', '0.875']",401673,highest-temperature-in-seattle-on-april-23-2026,Highest temperature in Seattle on April 23?
2040240,Will the highest temperature in Seattle be between 58-59°F on April 23?,Yes,No,93728770022320359347188781701456149898634970577370014703807302475022379885142,60369920717957838059389571954954149049092372770128941878475630675259001674236,0xe77a81038359aad9a9ead31964355d11912d359d349f39f78b6b2f30684aaec0,True,highest-temperature-in-seattle-on-april-23-2026-58-59f,360.245672,2026-04-21 04:03:48.591293+00:00,False,True,False,2026-04-23T12:00:00Z,"['0.245', '0.755']",401673,highest-temperature-in-seattle-on-april-23-2026,Highest temperature in Seattle on April 23?
2040241,Will the highest temperature in Seattle be between 60-61°F on April 23?,Yes,No,50736008375706412940788229166646313236550212761100433965252401263542396900784,88881539934463530280723104377081838830193311205839361017044131737845644949056,0xd33da360a73723d86840d4b8c1b993f6aaf4a606d0fe46a14c29ecbb0581ac68,True,highest-temperature-in-seattle-on-april-23-2026-60-61f,159.006664,2026-04-21 04:03:48.698803+00:00,False,True,False,2026-04-23T12:00:00Z,"['0.37', '0.63']",401673,highest-temperature-in-seattle-on-april-23-2026,Highest temperature in Seattle on April 23?
2040242,Will the highest temperature in Seattle be between 62-63°F on April 23?,Yes,No,106135583721985317149268055998648485437761543667171713347388443030258303008994,57191491825091839488855044592958266116105277403217616032508724819577210236337,0x5a0950ea4dfa55a052b14e3cda110abc4ba0de92d769b0317af58707d2f488f6,True,highest-temperature-in-seattle-on-april-23-2026-62-63f,255.11729000000003,2026-04-21 04:03:48.805994+00:00,False,True,False,2026-04-23T12:00:00Z,"['0.215', '0.785']",401673,highest-temperature-in-seattle-on-april-23-2026,Highest temperature in Seattle on April 23?
2040243,Will the highest temperature in Seattle be between 64-65°F on April 23?,Yes,No,32822213380584474064099034933000809087753858037302106706427408310940017906871,77869552346566734731334242642667331128013693153918002615191601679773964148919,0x080378bc691a3dbbd15bc11ce143f98ea5ad78649789c60d28d35b9a4faf703f,True,highest-temperature-in-seattle-on-april-23-2026-64-65f,774.088179,2026-04-21 04:03:48.918567+00:00,False,True,False,2026-04-23T12:00:00Z,"['0.033', '0.967']",401673,highest-temperature-in-seattle-on-april-23-2026,Highest temperature in Seattle on April 23?
2040244,Will the highest temperature in Seattle be between 66-67°F on April 23?,Yes,No,66732075066654145670835370376424036256161893225027631128316389087826066963635,102365512137617260024298651054372373044731938437168903620904872595296660477983,0xda8f9a69af03747e0463def48af696f59bf8e1f4037c37abd7ff2fd0fcbec8fa,True,highest-temperature-in-seattle-on-april-23-2026-66-67f,166.477636,2026-04-21 04:03:49.025103+00:00,False,True,False,2026-04-23T12:00:00Z,"['0.018', '0.982']",401673,highest-temperature-in-seattle-on-april-23-2026,Highest temperature in Seattle on April 23?
2040245,Will the highest temperature in Seattle be between 68-69°F on April 23?,Yes,No,12272582586592622598333178090756526530105189321134669812237866315038827806574,60505117769316948251317352245484270414796531555819744144772021629489765537141,0xa8c28a0ab6b36256fb733177e29954edf701f9fff83830df0a88f0298c8d47b3,True,highest-temperature-in-seattle-on-april-23-2026-68-69f,112.63,2026-04-21 04:03:49.131847+00:00,False,True,False,2026-04-23T12:00:00Z,"['0.0075', '0.9925']",401673,highest-temperature-in-seattle-on-april-23-2026,Highest temperature in Seattle on April 23?
2040246,Will the highest temperature in Seattle be between 70-71°F on April 23?,Yes,No,13835791514984505586635792745497940277484858951041927449922974680545574371900,25957770370730765397704007536459630876677511130304030799089675575044771099253,0x93b8a147caca9c5d208bf8ec98aa800004c2ad8234a3723e72946db8fbbd027f,True,highest-temperature-in-seattle-on-april-23-2026-70-71f,122.25,2026-04-21 04:03:49.239307+00:00,False,True,False,2026-04-23T12:00:00Z,"['0.0035', '0.9965']",401673,highest-temperature-in-seattle-on-april-23-2026,Highest temperature in Seattle on April 23?
2040247,Will the highest temperature in Seattle be between 72-73°F on April 23?,Yes,No,76366816096405111749391535233385607207014248724152313891430920764231373930708,94529581442768335023284513455269297969724579614832527534981465489198754871905,0x6f2f3400c808e403a6c09d9d85213cedb5ea9f0a47c77d9977f7abf9963ccf20,True,highest-temperature-in-seattle-on-april-23-2026-72-73f,72.30999999999999,2026-04-21 04:03:49.346824+00:00,False,True,False,2026-04-23T12:00:00Z,"['0.0055', '0.9945']",401673,highest-temperature-in-seattle-on-april-23-2026,Highest temperature in Seattle on April 23?
2040248,Will the highest temperature in Seattle be between 74-75°F on April 23?,Yes,No,62858650467332018137307654308101729046880957437314904055185366042493774598245,97281323220799659813005283624565725923510711910481140415145006786126934840282,0x5fdddc5a0b7ee305fc623c2eb2b5450a0f852c15087ff2e6ce1a078674d8b48a,True,highest-temperature-in-seattle-on-april-23-2026-74-75f,229.93,2026-04-21 04:03:49.454521+00:00,False,True,False,2026-04-23T12:00:00Z,"['0.004', '0.996']",401673,highest-temperature-in-seattle-on-april-23-2026,Highest temperature in Seattle on April 23?
2040249,Will the highest temperature in Seattle be 76°F or higher on April 23?,Yes,No,57005052185127548187716518366928699799426482443511287865855313642326260428170,74348391384435211828733279814540867752633669338963357925655373932893924539556,0x33beac40bd075859377daf1cd07c2b9ec4c81f269fbf647608967f7994ed881e,True,highest-temperature-in-seattle-on-april-23-2026-76forhigher,240.36816599999997,2026-04-21 04:03:49.566447+00:00,False,True,False,2026-04-23T12:00:00Z,"['0.0035', '0.9965']",401673,highest-temperature-in-seattle-on-april-23-2026,Highest temperature in Seattle on April 23?
2040250,Will the highest temperature in New York City be 61°F or below on April 23?,Yes,No,89878270224547879475144591131717922086770537075946018067980764329502131235560,98846737801314323014165307206296982638705865543753494741257857620152303639155,0xac327183f192f32c7e8e6c39505c30b6e11a0c2b9e2a8b3eea9cfc92b0775c2a,True,highest-temperature-in-nyc-on-april-23-2026-61forbelow,1439.231611,2026-04-21 04:03:52.666109+00:00,False,True,False,2026-04-23T12:00:00Z,"['0.0065', '0.9935']",401674,highest-temperature-in-nyc-on-april-23-2026,Highest temperature in NYC on April 23?
2040251,Will the highest temperature in New York City be between 62-63°F on April 23?,Yes,No,72877550011365058872963245474469725395786185168421102502849479907700329956488,7044365252201533305906708022147975657791487946704002364979407878098944074318,0x435296c56e2095cb72b65ca7c071dad67d895358da354d6c337ad6398656606a,True,highest-temperature-in-nyc-on-april-23-2026-62-63f,559.8105339999998,2026-04-21 04:03:52.796469+00:00,False,True,False,2026-04-23T12:00:00Z,"['0.015', '0.985']",401674,highest-temperature-in-nyc-on-april-23-2026,Highest temperature in NYC on April 23?
2040252,Will the highest temperature in New York City be between 64-65°F on April 23?,Yes,No,90035799520323245522377403024954009107074405531152741232457524643312087697663,21125732003205229709991438924956392641397927501589149749507598856097832115880,0xd4bd3104df1edaa615740c86c646569f8a0e3aeb5d15f5bc44474284a818d5cf,True,highest-temperature-in-nyc-on-april-23-2026-64-65f,854.5598070000001,2026-04-21 04:03:52.903547+00:00,False,True,False,2026-04-23T12:00:00Z,"['0.0295', '0.9705']",401674,highest-temperature-in-nyc-on-april-23-2026,Highest temperature in NYC on April 23?
2040253,Will the highest temperature in New York City be between 66-67°F on April 23?,Yes,No,60632800290472710802796863024905118530431476130264722849253535942771055201910,98230033401223674844530424389772658458260888070905715814193993587366685503337,0x0ee50a31419a490a97038caeda27ebe88f36d10fd3d79547bf02946cfb3b36c6,True,highest-temperature-in-nyc-on-april-23-2026-66-67f,304.15130899999997,2026-04-21 04:03:53.010956+00:00,False,True,False,2026-04-23T12:00:00Z,"['0.095', '0.905']",401674,highest-temperature-in-nyc-on-april-23-2026,Highest temperature in NYC on April 23?
2040254,Will the highest temperature in New York City be between 68-69°F on April 23?,Yes,No,66005239988743678707485875988580021488161289078982753764215255153097558034598,80522653343054934274371036200879335074377648861802298731302694842958301614835,0x5dfc7e8cf7d283817bbb140f6af9cb2bf15964546bf1edfb3e4dc9d144175956,True,highest-temperature-in-nyc-on-april-23-2026-68-69f,300.36314200000004,2026-04-21 04:03:53.118376+00:00,False,True,False,2026-04-23T12:00:00Z,"['0.22', '0.78']",401674,highest-temperature-in-nyc-on-april-23-2026,Highest temperature in NYC on April 23?
2040255,Will the highest temperature in New York City be between 70-71°F on April 23?,Yes,No,47989819829656365634533509030418218658866179488102971817877501680674876803503,102356881231628020732401964735583613133974850680749129142819653763881708532524,0x2b224f0ee956a1e3c0f191b3a0499be995e834185014c312eb31cf538cc9ecda,True,highest-temperature-in-nyc-on-april-23-2026-70-71f,246.232792,2026-04-21 04:03:53.226647+00:00,False,True,False,2026-04-23T12:00:00Z,"['0.275', '0.725']",401674,highest-temperature-in-nyc-on-april-23-2026,Highest temperature in NYC on April 23?
2040256,Will the highest temperature in New York City be between 72-73°F on April 23?,Yes,No,93320049818920738223614058843150548137936944598592239760348301809824981839937,83755909378514965722916221999099734384244395681688552465632209094201587714219,0xe561e5aa07b77bd58a42d0a6d7c78fd219e30804cb279faf8b71b28a6214c45d,True,highest-temperature-in-nyc-on-april-23-2026-72-73f,131.613176,2026-04-21 04:03:53.333533+00:00,False,True,False,2026-04-23T12:00:00Z,"['0.215', '0.785']",401674,highest-temperature-in-nyc-on-april-23-2026,Highest temperature in NYC on April 23?
2040257,Will the highest temperature in New York City be between 74-75°F on April 23?,Yes,No,5057029273863775575467311520504274072212917425475592655228751431975171995285,71886153700026494118222568947027220209002985523055076717084606754601251926380,0xe85be9480b3ee3d32c85a38ea58cc14a3468ea68c2d3a1d99b514fd24b212911,True,highest-temperature-in-nyc-on-april-23-2026-74-75f,254.964088,2026-04-21 04:03:53.440135+00:00,False,True,False,2026-04-23T12:00:00Z,"['0.07', '0.93']",401674,highest-temperature-in-nyc-on-april-23-2026,Highest temperature in NYC on April 23?
2040258,Will the highest temperature in New York City be between 76-77°F on April 23?,Yes,No,12191262182501028387569267503597731479086346695015004291250565764824912065196,54502172526984005093077931539184742817568820710415990452586517388559694493288,0xe2b9302884bd451d48e74b0b09a61a85c0af93550517c34bea089ee3fad81917,True,highest-temperature-in-nyc-on-april-23-2026-76-77f,120.01737299999999,2026-04-21 04:03:53.548247+00:00,False,True,False,2026-04-23T12:00:00Z,"['0.0105', '0.9895']",401674,highest-temperature-in-nyc-on-april-23-2026,Highest temperature in NYC on April 23?
2040259,Will the highest temperature in New York City be between 78-79°F on April 23?,Yes,No,20510501407590734357277989795924505968295102971661763773458230772331723312711,65493745108977632286723441537369409156394145798597968439564341059834255832954,0xf22870365882e8d68b7880f319395714fe782c706062e6ef2aca96c96d8ae5d4,True,highest-temperature-in-nyc-on-april-23-2026-78-79f,150.980165,2026-04-21 04:03:53.655967+00:00,False,True,False,2026-04-23T12:00:00Z,"['0.0055', '0.9945']",401674,highest-temperature-in-nyc-on-april-23-2026,Highest temperature in NYC on April 23?
2040260,Will the highest temperature in New York City be 80°F or higher on April 23?,Yes,No,19120740061407888104058461276800154712799602597386659204462051823614859759003,61246344736683932428609908112435624990144600015714090908998518142394334426368,0xfda831256bbe1f46c03ba55b128dbf1da1747948a6d0e00a6cc692859e27df60,True,highest-temperature-in-nyc-on-april-23-2026-80forhigher,221.117333,2026-04-21 04:03:53.762840+00:00,False,True,False,2026-04-23T12:00:00Z,"['0.0065', '0.9935']",401674,highest-temperature-in-nyc-on-april-23-2026,Highest temperature in NYC on April 23?
2040261,Will the highest temperature in Dallas be 57°F or below on April 23?,Yes,No,2521335208585062917812867887883717607579622143545134067170353471981963330889,27391728635735564321661299789182011555284711037157214517289829744207233540288,0x521a9233fafea0bbb5532728c8e65fe4faa10912ca07997a816239d3c7e391d5,True,highest-temperature-in-dallas-on-april-23-2026-57forbelow,352.33066599999995,2026-04-21 04:03:56.931317+00:00,False,True,False,2026-04-23T12:00:00Z,"['0.0005', '0.9995']",401675,highest-temperature-in-dallas-on-april-23-2026,Highest temperature in Dallas on April 23?
2040262,Will the highest temperature in Dallas be between 58-59°F on April 23?,Yes,No,42928948789676779532830089464778807451336355621825239618411419435342593810131,23445880635607607978596396137920729466741450475708622434941404173702174644747,0x3fc9a1c4bdca61a475f08b9372bc37590a831c5c1794ab32647e43bbb115a8af,True,highest-temperature-in-dallas-on-april-23-2026-58-59f,385.893933,2026-04-21 04:03:57.041199+00:00,False,True,False,2026-04-23T12:00:00Z,"['0.0025', '0.9975']",401675,highest-temperature-in-dallas-on-april-23-2026,Highest temperature in Dallas on April 23?
2040263,Will the highest temperature in Dallas be between 60-61°F on April 23?,Yes,No,98721826114041185321533127831463361807797175543775249067304998130465613161176,94645594831668577557587398004294268323307648433241020834237981396539055454277,0x1032d413067835e4bbbc1cc625c0a696fe2efa1d014ff18d30d6b6b1455cc3a9,True,highest-temperature-in-dallas-on-april-23-2026-60-61f,300.2336,2026-04-21 04:03:57.149293+00:00,False,True,False,2026-04-23T12:00:00Z,"['0.0045', '0.9955']",401675,highest-temperature-in-dallas-on-april-23-2026,Highest temperature in Dallas on April 23?
2040264,Will the highest temperature in Dallas be between 62-63°F on April 23?,Yes,No,113116258908292510219415967423747589049358164330774053266540168256999263612577,21439511190634872316243207250542918837910981164209327153650981996930175850339,0x6316a46bf32c4d515d52f3b75c6bbab60ec9abc46503a2e8786aeba2e39710ab,True,highest-temperature-in-dallas-on-april-23-2026-62-63f,295.2336,2026-04-21 04:03:57.445960+00:00,False,True,False,2026-04-23T12:00:00Z,"['0.0045', '0.9955']",401675,highest-temperature-in-dallas-on-april-23-2026,Highest temperature in Dallas on April 23?
2040265,Will the highest temperature in Dallas be between 64-65°F on April 23?,Yes,No,45916882414294171657827221153917902926645748423662793624686432110648668100289,86498218513220571416943583474038103638165334542973484917996488800788598779404,0x56fe1da2ab1273bbd3939c09bc7309b1e6f733ba3c7258355a5a089b45560f1a,True,highest-temperature-in-dallas-on-april-23-2026-64-65f,436.326745,2026-04-21 04:03:57.813821+00:00,False,True,False,2026-04-23T12:00:00Z,"['0.0025', '0.9975']",401675,highest-temperature-in-dallas-on-april-23-2026,Highest temperature in Dallas on April 23?
2040266,Will the highest temperature in Dallas be between 66-67°F on April 23?,Yes,No,40378064596237812503740854497640933213670306030715394745954555736916010749561,13528796116827924558829966452781369769685078819670005129619853220473776957942,0x824df42b6a223caa1589e4979a7e77699309c7ee95efef7fc502ebd4ce5b5242,True,highest-temperature-in-dallas-on-april-23-2026-66-67f,326.91643200000004,2026-04-21 04:03:57.919752+00:00,False,True,False,2026-04-23T12:00:00Z,"['0.0035', '0.9965']",401675,highest-temperature-in-dallas-on-april-23-2026,Highest temperature in Dallas on April 23?
2040267,Will the highest temperature in Dallas be between 68-69°F on April 23?,Yes,No,37976113245589594089779480718387562284638787059673047423147507268269593740602,91007506849272693476012618288710550821008165738098958275950366529860149604422,0x32ef0c3c90bb43954a14a0985c503bce158915d09bdd99db6142a5b5a40b94de,True,highest-temperature-in-dallas-on-april-23-2026-68-69f,345.590565,2026-04-21 04:03:58.024928+00:00,False,True,False,2026-04-23T12:00:00Z,"['0.0035', '0.9965']",401675,highest-temperature-in-dallas-on-april-23-2026,Highest temperature in Dallas on April 23?
2040268,Will the highest temperature in Dallas be between 70-71°F on April 23?,Yes,No,54682503338768073451745028376871274025778706100146703653776022745986377484786,89924393879865586951286475215976813524962291603711402534206295171837544733160,0x223660c1a8a7bbab6f08472f5b027213a0046b905d7b44d8a61483af0a08e08b,True,highest-temperature-in-dallas-on-april-23-2026-70-71f,341.60046500000004,2026-04-21 04:03:58.130442+00:00,False,True,False,2026-04-23T12:00:00Z,"['0.0045', '0.9955']",401675,highest-temperature-in-dallas-on-april-23-2026,Highest temperature in Dallas on April 23?
2040269,Will the highest temperature in Dallas be between 72-73°F on April 23?,Yes,No,87217838274739135671382919552425932968135310753430085092509337647074418699951,95538395819262698261206565295768652040083539675921431841601712009121346090554,0x9ea75a3e6d1b6da6149f5e4d7092c3d7d7a82212555eeddb4a7a5ed4bf90b680,True,highest-temperature-in-dallas-on-april-23-2026-72-73f,365.890825,2026-04-21 04:03:58.235799+00:00,False,True,False,2026-04-23T12:00:00Z,"['0.005', '0.995']",401675,highest-temperature-in-dallas-on-april-23-2026,Highest temperature in Dallas on April 23?
2040270,Will the highest temperature in Dallas be between 74-75°F on April 23?,Yes,No,39444631994403686255580419612839479593490219147401565341254858125175348968224,76606867414103628640257924880773347181208063400735832177927956113362210794204,0xe7e5779426f04974ddbc58a9c56e0b497326726fbe7bf8c2ea2275601ebfb42f,True,highest-temperature-in-dallas-on-april-23-2026-74-75f,371.770399,2026-04-21 04:03:58.341999+00:00,False,True,False,2026-04-23T12:00:00Z,"['0.0205', '0.9795']",401675,highest-temperature-in-dallas-on-april-23-2026,Highest temperature in Dallas on April 23?
2040271,Will the highest temperature in Dallas be 76°F or higher on April 23?,Yes,No,89211600989903861296211085630546848685648743933599822212599164268754702621588,110834344596695440274653932890427876508584900921960699030966797769062845868615,0x71b206fe8443c9f8c446fed5cfa283e7cef6294c9e661a15a94c210d05ae0f91,True,highest-temperature-in-dallas-on-april-23-2026-76forhigher,1733.15874,2026-04-21 04:03:58.446949+00:00,False,True,False,2026-04-23T12:00:00Z,"['0.969', '0.031']",401675,highest-temperature-in-dallas-on-april-23-2026,Highest temperature in Dallas on April 23?
2040272,Will the highest temperature in Atlanta be 73°F or below on April 23?,Yes,No,67566704432017721584900314261963194756699578471372854606982369020196178611091,49809649491419381815540753653846993594468891794278401726442112141084492546987,0x96f36ff28c79a74ee716241db57501b6eac2ec8ec36aef064427ef53a6c13638,True,highest-temperature-in-atlanta-on-april-23-2026-73forbelow,309.90778,2026-04-21 04:04:01.552372+00:00,False,True,False,2026-04-23T12:00:00Z,"['0.004', '0.996']",401676,highest-temperature-in-atlanta-on-april-23-2026,Highest temperature in Atlanta on April 23?
2040273,Will the highest temperature in Atlanta be between 74-75°F on April 23?,Yes,No,109271896813609109019115588372512560381436433403075411309428264593942046600043,76092643181529708864548528492699276763675602100138174286191368444998975530426,0xf574efb15c5f63b0759887ad3b743ba645e7fddcf03202768ba6fbb1fbf06b05,True,highest-temperature-in-atlanta-on-april-23-2026-74-75f,157.73247399999997,2026-04-21 04:04:01.659058+00:00,False,True,False,2026-04-23T12:00:00Z,"['0.008', '0.992']",401676,highest-temperature-in-atlanta-on-april-23-2026,Highest temperature in Atlanta on April 23?
2040274,Will the highest temperature in Atlanta be between 76-77°F on April 23?,Yes,No,96253672968919015308233765468249831228773293167826685627921992596451045352732,39747697820832391854559696866966742239444815039948998298055691007538915470069,0xa9d656db13353b85944d850f0bbf8ef155baf96083f9792c2bfc8b152659186e,True,highest-temperature-in-atlanta-on-april-23-2026-76-77f,148.466513,2026-04-21 04:04:01.761558+00:00,False,True,False,2026-04-23T12:00:00Z,"['0.008', '0.992']",401676,highest-temperature-in-atlanta-on-april-23-2026,Highest temperature in Atlanta on April 23?
2040275,Will the highest temperature in Atlanta be between 78-79°F on April 23?,Yes,No,87543292142410670687624329739971441557488073872412326954817860413601411092331,11703633581328144995677882862479646146813151357935929981870118405176681827482,0xddd68c5c9d554299e6bd9ddd38e12314d5d9107dfb14c5c5777bd0b2c25eb4f6,True,highest-temperature-in-atlanta-on-april-23-2026-78-79f,67.570827,2026-04-21 04:04:01.866623+00:00,False,True,False,2026-04-23T12:00:00Z,"['0.045', '0.955']",401676,highest-temperature-in-atlanta-on-april-23-2026,Highest temperature in Atlanta on April 23?
2040276,Will the highest temperature in Atlanta be between 80-81°F on April 23?,Yes,No,13104976991028402693328565941756695585076381402316842853119798945388045627789,106626594361848892102798193088617103312939028294619995168600337368006298911131,0x7bb5a106bf750b0bcfd6d2049b264031d1f9a53505f697a4b743dbc8abd2f301,True,highest-temperature-in-atlanta-on-april-23-2026-80-81f,176.22303399999998,2026-04-21 04:04:01.969662+00:00,False,True,False,2026-04-23T12:00:00Z,"['0.175', '0.825']",401676,highest-temperature-in-atlanta-on-april-23-2026,Highest temperature in Atlanta on April 23?
2040277,Will the highest temperature in Atlanta be between 82-83°F on April 23?,Yes,No,103784304879971099683614088235408894367697774588463530764267436741894468732418,29289439858111984488382175774066044508135636309529123265541966032676688364839,0xdd6b5b4a370b0f04f14f5002883176dcdb2085b06ea62fa65e7c71f129c0e961,True,highest-temperature-in-atlanta-on-april-23-2026-82-83f,147.179089,2026-04-21 04:04:02.074998+00:00,False,True,False,2026-04-23T12:00:00Z,"['0.37', '0.63']",401676,highest-temperature-in-atlanta-on-april-23-2026,Highest temperature in Atlanta on April 23?
2040278,Will the highest temperature in Atlanta be between 84-85°F on April 23?,Yes,No,61054630634860726972322631243122609238837412599483303644210640176821706885616,66204708168950633761321704039552300010512924933923734189450865766556990696855,0x1f19b84f9a7685ef0d96c6102bc185901a3b48409eb0a98dcfa3647e442e9506,True,highest-temperature-in-atlanta-on-april-23-2026-84-85f,231.857107,2026-04-21 04:04:02.180507+00:00,False,True,False,2026-04-23T12:00:00Z,"['0.315', '0.685']",401676,highest-temperature-in-atlanta-on-april-23-2026,Highest temperature in Atlanta on April 23?
2040279,Will the highest temperature in Atlanta be between 86-87°F on April 23?,Yes,No,72147207288660137731319768459678856783871635733833202470154263098189183953445,110707538660878997516839829445950523302255563541740717305462939696459773913401,0x554d93c33941a9856f13f05ed83490aadcad8babad9151f27e0620cad5cb358f,True,highest-temperature-in-atlanta-on-april-23-2026-86-87f,106.88488899999997,2026-04-21 04:04:02.286840+00:00,False,True,False,2026-04-23T12:00:00Z,"['0.075', '0.925']",401676,highest-temperature-in-atlanta-on-april-23-2026,Highest temperature in Atlanta on April 23?
2040280,Will the highest temperature in Atlanta be between 88-89°F on April 23?,Yes,No,4278094362816241045075292091081396630771859879444889159505085451470570674700,59412767363054709327304651855017706935259578234711933225973050401979549801043,0x627a092d054d4e55edbc84f2b9c313cd5da1c62f82754e4fc4024cddbecff5ae,True,highest-temperature-in-atlanta-on-april-23-2026-88-89f,86.64412499999997,2026-04-21 04:04:02.393707+00:00,False,True,False,2026-04-23T12:00:00Z,"['0.015', '0.985']",401676,highest-temperature-in-atlanta-on-april-23-2026,Highest temperature in Atlanta on April 23?
2040281,Will the highest temperature in Atlanta be between 90-91°F on April 23?,Yes,No,35433640144816342155531900550867282763045057933084570626493706478289694608876,76842822779711921497605443235053171457415542795246834922369265363349959140155,0xc2153dbf1775e908b39789a104eec2bfe17b59af41bfe7ec912a220cdf1228b3,True,highest-temperature-in-atlanta-on-april-23-2026-90-91f,44.01935,2026-04-21 04:04:02.496837+00:00,False,True,False,2026-04-23T12:00:00Z,"['0.007', '0.993']",401676,highest-temperature-in-atlanta-on-april-23-2026,Highest temperature in Atlanta on April 23?
2040282,Will the highest temperature in Atlanta be 92°F or higher on April 23?,Yes,No,57778316937152474733781387478134500750792313176973277001959187995327523278761,60685230691232466177809720769258302528170895256270095160589959342015460633832,0xf16842e9c224e416d5bf826b16d8cb8c1fa2f761250616119afb4364f33fc010,True,highest-temperature-in-atlanta-on-april-23-2026-92forhigher,36.010847,2026-04-21 04:04:02.604587+00:00,False,True,False,2026-04-23T12:00:00Z,"['0.007', '0.993']",401676,highest-temperature-in-atlanta-on-april-23-2026,Highest temperature in Atlanta on April 23?
2040283,Will the highest temperature in Miami be 69°F or below on April 23?,Yes,No,50359106422622303592098000817982758380500750243620475617469430338616839350390,62445914238238813799676784150389468039535687960673265697405461775467178651353,0x68c7733439aab0db55a610bf6dbd30e87d5e90953c6b28941d3f3b91a7232417,True,highest-temperature-in-miami-on-april-23-2026-69forbelow,178.049766,2026-04-21 04:04:05.724692+00:00,False,True,False,2026-04-23T12:00:00Z,"['0.0055', '0.9945']",401677,highest-temperature-in-miami-on-april-23-2026,Highest temperature in Miami on April 23?
2040284,Will the highest temperature in Miami be between 70-71°F on April 23?,Yes,No,56690939551205421926489776376193001068437099701327651457356485071800626400175,98787138623636362579656349608963755345870915312442874897062418407674022999391,0xb36a02dd2c008a3569c303553b9894e8b3807727ddc8f1c734a850379c89ce12,True,highest-temperature-in-miami-on-april-23-2026-70-71f,114.04176599999998,2026-04-21 04:04:05.828932+00:00,False,True,False,2026-04-23T12:00:00Z,"['0.007', '0.993']",401677,highest-temperature-in-miami-on-april-23-2026,Highest temperature in Miami on April 23?
2040285,Will the highest temperature in Miami be between 72-73°F on April 23?,Yes,No,8986873406767880963270798653721342375858424065692847283096925440682645664689,45996422999449440561479181127496333446089037155689616057498103817329617298041,0xea6fb14e4e6d1dfebf61b55e70d073b2b813040f413d8fe443115c9ba936949f,True,highest-temperature-in-miami-on-april-23-2026-72-73f,111.723266,2026-04-21 04:04:05.942538+00:00,False,True,False,2026-04-23T12:00:00Z,"['0.0055', '0.9945']",401677,highest-temperature-in-miami-on-april-23-2026,Highest temperature in Miami on April 23?
2040286,Will the highest temperature in Miami be between 74-75°F on April 23?,Yes,No,88630171729056651636995765893626484262110250079881249530141931766467406706169,60072422352812533457336970097772482749111345961613611884231072237144376540549,0xc9725ff972e7b21619210addd509aaeaeb83b7ace373f9aa6257b34edd5dbbab,True,highest-temperature-in-miami-on-april-23-2026-74-75f,1296.4203459999999,2026-04-21 04:04:06.046786+00:00,False,True,False,2026-04-23T12:00:00Z,"['0.03', '0.97']",401677,highest-temperature-in-miami-on-april-23-2026,Highest temperature in Miami on April 23?
2040287,Will the highest temperature in Miami be between 76-77°F on April 23?,Yes,No,27581845735394063621704892124492429336068720190529997951293357777938679192697,74770964697908028219128915393742669562643987393145686961989527563278534336759,0xb1932d9c5be049450be63db1c676722656c4b733a6da0fcbcdbb4af499dda6e3,True,highest-temperature-in-miami-on-april-23-2026-76-77f,454.04389299999997,2026-04-21 04:04:06.154547+00:00,False,True,False,2026-04-23T12:00:00Z,"['0.145', '0.855']",401677,highest-temperature-in-miami-on-april-23-2026,Highest temperature in Miami on April 23?
2040288,Will the highest temperature in Miami be between 78-79°F on April 23?,Yes,No,102945660382333542433696298797172867749737711574486278224609106529486424904153,66758612009650568506964308563498850202718098083807754973344515181447638780090,0xa6ff1b52b0226f0ad52011fb6afbabfd9781b0368ceeb361b4224da2b842f513,True,highest-temperature-in-miami-on-april-23-2026-78-79f,267.50820400000003,2026-04-21 04:04:06.301064+00:00,False,True,False,2026-04-23T12:00:00Z,"['0.39', '0.61']",401677,highest-temperature-in-miami-on-april-23-2026,Highest temperature in Miami on April 23?
2040289,Will the highest temperature in Miami be between 80-81°F on April 23?,Yes,No,18606497460078726178576476157020269341489778133818779800994758413728696373932,77099913158464407527324497143185701631126769761769779378324076558482531227907,0x9a61a28e3df43e17cc1fdf93c0273b62cd8d5137eb9b936d7437c59b2842858a,True,highest-temperature-in-miami-on-april-23-2026-80-81f,160.845576,2026-04-21 04:04:06.459498+00:00,False,True,False,2026-04-23T12:00:00Z,"['0.39', '0.61']",401677,highest-temperature-in-miami-on-april-23-2026,Highest temperature in Miami on April 23?
2040290,Will the highest temperature in Miami be between 82-83°F on April 23?,Yes,No,57069025625228232976877695701588002399857950792489325380828683524361316081864,5476518657917484886681995148055609027554765136633386092288740236767077533704,0xc64ce2973d01923a23262f7cc82c29273365e8caaa680c5f2a2dabd81a4aae3e,True,highest-temperature-in-miami-on-april-23-2026-82-83f,155.611459,2026-04-21 04:04:06.616726+00:00,False,True,False,2026-04-23T12:00:00Z,"['0.0345', '0.9655']",401677,highest-temperature-in-miami-on-april-23-2026,Highest temperature in Miami on April 23?
2040291,Will the highest temperature in Miami be between 84-85°F on April 23?,Yes,No,103949181650901558836702689718792535250031256753135000693953220047094170257846,15266226593068250834487690011546933107185540682848888924550772062752596932690,0xa7a6e0dabf2365aadbc984cd7f57789f60115e979e7ca3a0b60fca2b18dcbd4b,True,highest-temperature-in-miami-on-april-23-2026-84-85f,122.535032,2026-04-21 04:04:06.793412+00:00,False,True,False,2026-04-23T12:00:00Z,"['0.0075', '0.9925']",401677,highest-temperature-in-miami-on-april-23-2026,Highest temperature in Miami on April 23?
2040292,Will the highest temperature in Miami be between 86-87°F on April 23?,Yes,No,79885924651143121532095551130288834828115429616603019601711492098428632104080,80424304353618043622712213561218748267104919563337537706901253771603977386860,0x58c36acc52a751f877a17f18eec649550a56cd64f5319e2cb370df5602ab646b,True,highest-temperature-in-miami-on-april-23-2026-86-87f,176.406277,2026-04-21 04:04:06.939857+00:00,False,True,False,2026-04-23T12:00:00Z,"['0.008', '0.992']",401677,highest-temperature-in-miami-on-april-23-2026,Highest temperature in Miami on April 23?
2040293,Will the highest temperature in Miami be 88°F or higher on April 23?,Yes,No,102631404911557716148115123640778052248778626829682007793000853542858992457646,90751575563272248802404761765619833651133260611661943558172467392799061686497,0x4cd4d648c066cbb5c2585e5dcf995e3f5c57d01883b487ed1dde2c1497c5cd4a,True,highest-temperature-in-miami-on-april-23-2026-88forhigher,930.546243,2026-04-21 04:04:07.102463+00:00,False,True,False,2026-04-23T12:00:00Z,"['0.0075', '0.9925']",401677,highest-temperature-in-miami-on-april-23-2026,Highest temperature in Miami on April 23?
2040294,Will the highest temperature in Chicago be 43°F or below on April 23?,Yes,No,111164759863245243609711855602906302500003507284244306366474935980843245834043,13317896714189794462945140206289416627155095199249801986480537859734832919601,0x1d815cfe0dfad204f2a3d81f93b2b7eb9c5317a82f1e606b8a491ab248f28076,True,highest-temperature-in-chicago-on-april-23-2026-43forbelow,496.40100000000007,2026-04-21 04:04:10.731014+00:00,False,True,False,2026-04-23T12:00:00Z,"['0.0005', '0.9995']",401678,highest-temperature-in-chicago-on-april-23-2026,Highest temperature in Chicago on April 23?
2040295,Will the highest temperature in Chicago be between 44-45°F on April 23?,Yes,No,40350232614753939971598348566623219166293956653896551284171875377027997656715,104665227740872435144502724959516765692825310470313809724166192849922534869793,0x5ea72bbe97ceb4ad84f25bc5277bd819ce7176332de548fef99a1e323d420efb,True,highest-temperature-in-chicago-on-april-23-2026-44-45f,468.981,2026-04-21 04:04:10.895658+00:00,False,True,False,2026-04-23T12:00:00Z,"['0.0005', '0.9995']",401678,highest-temperature-in-chicago-on-april-23-2026,Highest temperature in Chicago on April 23?
2040296,Will the highest temperature in Chicago be between 46-47°F on April 23?,Yes,No,46928719220012741071494390220538656149374475591544408226645861365800584552443,103441568217946716083669351346610970004376748608877060623454016084577932277374,0xf697c4dd8e5c1769d44db9aeca95174e91ece97a14fec6337d2aae2cdb6ee878,True,highest-temperature-in-chicago-on-april-23-2026-46-47f,571.4010000000001,2026-04-21 04:04:11.053278+00:00,False,True,False,2026-04-23T12:00:00Z,"['0.0005', '0.9995']",401678,highest-temperature-in-chicago-on-april-23-2026,Highest temperature in Chicago on April 23?
2040297,Will the highest temperature in Chicago be between 48-49°F on April 23?,Yes,No,79908494388477738940655956320984789254141360888451997367244248776555103450925,97747922646552305181435153588890466512883227543374327059565869271743148468807,0x487a2d1241acf54dcb6820f8c7b7357fd99451c1a7e2cf06f17f4a13975faaae,True,highest-temperature-in-chicago-on-april-23-2026-48-49f,535.291,2026-04-21 04:04:11.206527+00:00,False,True,False,2026-04-23T12:00:00Z,"['0.0005', '0.9995']",401678,highest-temperature-in-chicago-on-april-23-2026,Highest temperature in Chicago on April 23?
2040298,Will the highest temperature in Chicago be between 50-51°F on April 23?,Yes,No,74594226930498522967399385214693789039626524970953704159310936792088623350676,59826704473742641426519198333692635904263721951942534565267853526983325258095,0x6dfaef4ba3965bc2ec0ce6a99a7527481a4a16b9b47b3b479d6c8c3dd1a73673,True,highest-temperature-in-chicago-on-april-23-2026-50-51f,640.088384,2026-04-21 04:04:11.364300+00:00,False,True,False,2026-04-23T12:00:00Z,"['0.0005', '0.9995']",401678,highest-temperature-in-chicago-on-april-23-2026,Highest temperature in Chicago on April 23?
2040299,Will the highest temperature in Chicago be between 52-53°F on April 23?,Yes,No,82619991399304732142813758856059613867676252848082738343087013665335642100429,70829270442345331160526846398390168046584636627167155367820002777113707163769,0x82f1343b878cef924b1d7be590c329e1e2b3705501248a90450cbead03b5b0cb,True,highest-temperature-in-chicago-on-april-23-2026-52-53f,640.088384,2026-04-21 04:04:11.469714+00:00,False,True,False,2026-04-23T12:00:00Z,"['0.0005', '0.9995']",401678,highest-temperature-in-chicago-on-april-23-2026,Highest temperature in Chicago on April 23?
2040300,Will the highest temperature in Chicago be between 54-55°F on April 23?,Yes,No,93392385111959515089763805233870046526402702810746679951768555785159420082479,71151995637002287851757764303923520096057317789591380918063970719411006552298,0x00fed174f7ed05a1e97a8e696f50f84f98ae328d381cbe7f46f0886144e8b6dc,True,highest-temperature-in-chicago-on-april-23-2026-54-55f,532.2600000000001,2026-04-21 04:04:11.575756+00:00,False,True,False,2026-04-23T12:00:00Z,"['0.0005', '0.9995']",401678,highest-temperature-in-chicago-on-april-23-2026,Highest temperature in Chicago on April 23?
2040301,Will the highest temperature in Chicago be between 56-57°F on April 23?,Yes,No,93414210321834818407527212746746162869236387685317888311784081449333886465786,7381182838002274486316106747424290895588365439269212440431731907683538835436,0xeebd9f010f5607fb502ceaa222879686d6ef9a218610b50fec4da5019a2b3123,True,highest-temperature-in-chicago-on-april-23-2026-56-57f,690.1325,2026-04-21 04:04:11.681316+00:00,False,True,False,2026-04-23T12:00:00Z,"['0.0005', '0.9995']",401678,highest-temperature-in-chicago-on-april-23-2026,Highest temperature in Chicago on April 23?
2040302,Will the highest temperature in Chicago be between 58-59°F on April 23?,Yes,No,101068199345950959719304317096887057433464175119629971354864870657554630947707,61943559944528897051807216299340319484213334102092009456296726681125275607300,0xca5bf01f85f441b28bea3c9eb2515bda1c75639b31416e281675d6eadd522efb,True,highest-temperature-in-chicago-on-april-23-2026-58-59f,579.241,2026-04-21 04:04:11.785011+00:00,False,True,False,2026-04-23T12:00:00Z,"['0.0005', '0.9995']",401678,highest-temperature-in-chicago-on-april-23-2026,Highest temperature in Chicago on April 23?
2040303,Will the highest temperature in Chicago be between 60-61°F on April 23?,Yes,No,28679211239100024556079129731021568500909014049403900754904242210127794698834,99937931913099178567944225386394277606284673854468862700737900427753149135645,0x3fa424464cf2477061ecbfcdce70bc197547de8e87691c10e3abf3a9d45abc71,True,highest-temperature-in-chicago-on-april-23-2026-60-61f,698.0200000000001,2026-04-21 04:04:11.899893+00:00,False,True,False,2026-04-23T12:00:00Z,"['0.0005', '0.9995']",401678,highest-temperature-in-chicago-on-april-23-2026,Highest temperature in Chicago on April 23?
2040304,Will the highest temperature in Chicago be 62°F or higher on April 23?,Yes,No,51278845527775836580974839166543850222330601901083293716656076278267673397061,36276222404956162390105493393268432086592298477391613496215946303510381412422,0x68c6d4c37c22e4d617041a0b4224b139c31bd9b8534cd1def9958d85cd4908f3,True,highest-temperature-in-chicago-on-april-23-2026-62forhigher,5539.633576,2026-04-21 04:04:12.003153+00:00,False,True,False,2026-04-23T12:00:00Z,"['0.9945', '0.0055']",401678,highest-temperature-in-chicago-on-april-23-2026,Highest temperature in Chicago on April 23?
2040305,Will the highest temperature in Ankara be 3°C or below on April 23?,Yes,No,100103361085255229440078544371062201329700687671201806290136076621006232605596,69501847707688841289379990689523269466211899838476873546137874810479932667279,0xe15da6b79b38327a3a2001f5d1883d3bcd6558b0bb4c1408481a61551dc16823,True,highest-temperature-in-ankara-on-april-23-2026-3corbelow,490.39405,2026-04-21 04:04:15.400578+00:00,False,True,False,2026-04-23T12:00:00Z,"['0.003', '0.997']",401679,highest-temperature-in-ankara-on-april-23-2026,Highest temperature in Ankara on April 23?
2040306,Will the highest temperature in Ankara be 4°C on April 23?,Yes,No,14374398414429553949072581502916022314982459628411708845698655726523567891785,111650308696383109875146411975248337107397632729071766721679977267780523759948,0x8a767c6f641d415d4dde9659c623497b5ecfbbe186e0ac39913157c2ce027935,True,highest-temperature-in-ankara-on-april-23-2026-4c,330.433332,2026-04-21 04:04:15.514662+00:00,False,True,False,2026-04-23T12:00:00Z,"['0.0065', '0.9935']",401679,highest-temperature-in-ankara-on-april-23-2026,Highest temperature in Ankara on April 23?
2040307,Will the highest temperature in Ankara be 5°C on April 23?,Yes,No,95865490681964217979571301642086113887104770017097948554729847299824249425735,35260185499004595981505312205748912661870789104886176942436718094017548652942,0x39750206e4be7c82f3f9ec2831b0c877e06d05cf3e7ed2a39fe9bed990bc3ee9,True,highest-temperature-in-ankara-on-april-23-2026-5c,101.47,2026-04-21 04:04:15.643808+00:00,False,True,False,2026-04-23T12:00:00Z,"['0.007', '0.993']",401679,highest-temperature-in-ankara-on-april-23-2026,Highest temperature in Ankara on April 23?
2040308,Will the highest temperature in Ankara be 6°C on April 23?,Yes,No,15048569253423708107775615395227654391760557659185149606229214282870058142826,94060370250462819626646013884494405479069747219368199462404109399981851439412,0x8eeb0bccb8e0b1ad096b85b57c077b7dd80aed3fe6cb92438efb1acd0715fb49,True,highest-temperature-in-ankara-on-april-23-2026-6c,102.586745,2026-04-21 04:04:15.804004+00:00,False,True,False,2026-04-23T12:00:00Z,"['0.0145', '0.9855']",401679,highest-temperature-in-ankara-on-april-23-2026,Highest temperature in Ankara on April 23?
2040309,Will the highest temperature in Ankara be 7°C on April 23?,Yes,No,10577921984102572027144481552906645859619861269392706059339277902059535027390,115530555645190431928235762902018262474513710954728086636685354979188935536083,0x670fc7629d885435d55eb454cfc304c87859b132f93e0f14bd01732f8079a755,True,highest-temperature-in-ankara-on-april-23-2026-7c,697.376275,2026-04-21 04:04:15.964640+00:00,False,True,False,2026-04-23T12:00:00Z,"['0.0325', '0.9675']",401679,highest-temperature-in-ankara-on-april-23-2026,Highest temperature in Ankara on April 23?
2040310,Will the highest temperature in Ankara be 8°C on April 23?,Yes,No,25282895506646323328074687624950164348104492030470228289532005097293078455920,52903357999784265931215535883964534185664017347875246704887397044257545957362,0xa77e7ff4366eb923adf744084fccfc3b128d6edb74b6c17eb22145b481fd03fe,True,highest-temperature-in-ankara-on-april-23-2026-8c,541.752113,2026-04-21 04:04:16.091407+00:00,False,True,False,2026-04-23T12:00:00Z,"['0.135', '0.865']",401679,highest-temperature-in-ankara-on-april-23-2026,Highest temperature in Ankara on April 23?
2040311,Will the highest temperature in Ankara be 9°C on April 23?,Yes,No,31065303127375086328006277245309553391174393268922224023686831685207775176889,767659807715281893165808656797707764416941630836007257743580368292630897243,0xf3034bc0fb5069b431d05ce294d75e5305719cda5ed6760096f05cef38a6fbb8,True,highest-temperature-in-ankara-on-april-23-2026-9c,104.96634800000002,2026-04-21 04:04:16.197898+00:00,False,True,False,2026-04-23T12:00:00Z,"['0.295', '0.705']",401679,highest-temperature-in-ankara-on-april-23-2026,Highest temperature in Ankara on April 23?
2040312,Will the highest temperature in Ankara be 10°C on April 23?,Yes,No,55803543318374458653187312672255909658252207284420764834936382279169079230700,100328940401048774097505782106205196754444563614956718779895579336246558909137,0x39b0496ba54ce6c039b54ba93b58677e10d0784a3a58406867c327b383984149,True,highest-temperature-in-ankara-on-april-23-2026-10c,164.09642799999997,2026-04-21 04:04:16.305045+00:00,False,True,False,2026-04-23T12:00:00Z,"['0.26', '0.74']",401679,highest-temperature-in-ankara-on-april-23-2026,Highest temperature in Ankara on April 23?
2040313,Will the highest temperature in Ankara be 11°C on April 23?,Yes,No,95172593115654306621044256510331440416856740006966598406173836715324539839107,35421731918693010295464282756414374926644556108313917322425143714847381419881,0x4947487e62a14b5a5dfff4baad0e003f648b3e8af93efad42cfea4d67614d4cc,True,highest-temperature-in-ankara-on-april-23-2026-11c,753.3677970000006,2026-04-21 04:04:16.411896+00:00,False,True,False,2026-04-23T12:00:00Z,"['0.085', '0.915']",401679,highest-temperature-in-ankara-on-april-23-2026,Highest temperature in Ankara on April 23?
2040314,Will the highest temperature in Ankara be 12°C on April 23?,Yes,No,112386085998597712361286064646600239040332648952170242587960701780239563093798,67662390379687038146839418344810284491798031826455125080568761283757876616613,0x1a5bc4de8f351396ca44c0f9e3b6ed54303860b7117edaf1a9d374b9f700c2d5,True,highest-temperature-in-ankara-on-april-23-2026-12c,292.766596,2026-04-21 04:04:16.516833+00:00,False,True,False,2026-04-23T12:00:00Z,"['0.0195', '0.9805']",401679,highest-temperature-in-ankara-on-april-23-2026,Highest temperature in Ankara on April 23?
2040315,Will the highest temperature in Ankara be 13°C or higher on April 23?,Yes,No,94771193872266957731846503663777798685083209351471301281634248575777549848913,101088046982772417183976088856363384305500632927754528423015827997771193865141,0x4127ae2b73bd14f1d1a585d9aceda267fd5439baf98eccad2bc9a487ccd444f9,True,highest-temperature-in-ankara-on-april-23-2026-13corhigher,486.83773099999996,2026-04-21 04:04:16.625738+00:00,False,True,False,2026-04-23T12:00:00Z,"['0.0095', '0.9905']",401679,highest-temperature-in-ankara-on-april-23-2026,Highest temperature in Ankara on April 23?
2040316,Will the highest temperature in Wellington be 7°C or below on April 23?,Yes,No,80731337396337634540015254080990973129612757835253916045897411773915406479628,59130752884556513154782754750748804697132515104364386638554897461283205524745,0xc7e740d162b4c1294297c02939d76a4884d75a1e663e5e554f143bb0bed8c457,True,highest-temperature-in-wellington-on-april-23-2026-7corbelow,453.424,2026-04-21 04:04:20.168372+00:00,False,True,False,2026-04-23T12:00:00Z,"['0.002', '0.998']",401680,highest-temperature-in-wellington-on-april-23-2026,Highest temperature in Wellington on April 23?
2040317,Will the highest temperature in Wellington be 8°C on April 23?,Yes,No,86797539697164240158434705175564985403294297370365787629187970490743752776686,20547610840071821118306882410336894184161922470321467454512145552879549124288,0x6be1caefc3dee63b12aab0b8fb09454b6511548a92c5e9292173a3b85cb154e7,True,highest-temperature-in-wellington-on-april-23-2026-8c,434.1998719999999,2026-04-21 04:04:20.274407+00:00,False,True,False,2026-04-23T12:00:00Z,"['0.0055', '0.9945']",401680,highest-temperature-in-wellington-on-april-23-2026,Highest temperature in Wellington on April 23?
2040318,Will the highest temperature in Wellington be 9°C on April 23?,Yes,No,28032511709153188150061815627128914829516368870560034736112090517310277624525,77042745136253161276995450341089821162129621716707451141745923305170367369679,0xfb8fa2d726114ebd2cc9149cffe328659ab42a382a019547545eb93de933754e,True,highest-temperature-in-wellington-on-april-23-2026-9c,404.90937499999995,2026-04-21 04:04:20.379049+00:00,False,True,False,2026-04-23T12:00:00Z,"['0.0015', '0.9985']",401680,highest-temperature-in-wellington-on-april-23-2026,Highest temperature in Wellington on April 23?
2040319,Will the highest temperature in Wellington be 10°C on April 23?,Yes,No,33070587671428922200612478160888734641843198189484892568165103413932253054683,106079329081492005350804593676154875519626104421842271645279384705269425309268,0xfca1a4e043e35b2ecda850c8a3a19e8d48c84d37a4d7e80777c1dec961453125,True,highest-temperature-in-wellington-on-april-23-2026-10c,468.08412500000003,2026-04-21 04:04:20.483135+00:00,False,True,False,2026-04-23T12:00:00Z,"['0.005', '0.995']",401680,highest-temperature-in-wellington-on-april-23-2026,Highest temperature in Wellington on April 23?
2040320,Will the highest temperature in Wellington be 11°C on April 23?,Yes,No,23040659298707526981405462053610665665713264169600498669305618255722701532789,86834509919336734077477930059486801690615494638493055222283228664205309909864,0xe1192ae27f070ebbd9728f0f8ea4dea5fbc061b3c7d611816c43a9cd72aaee7d,True,highest-temperature-in-wellington-on-april-23-2026-11c,509.100208,2026-04-21 04:04:20.589782+00:00,False,True,False,2026-04-23T12:00:00Z,"['0.0125', '0.9875']",401680,highest-temperature-in-wellington-on-april-23-2026,Highest temperature in Wellington on April 23?
2040321,Will the highest temperature in Wellington be 12°C on April 23?,Yes,No,108155366650125613775914122765965815202475714014450951584466196029474131724352,48232994768570997165567108815170842615910751467626904181573156703246369008363,0x2c2a557c27206535fd28b675e1640ae02b29c8169e1237ad4fe864869bec43eb,True,highest-temperature-in-wellington-on-april-23-2026-12c,93.79438999999999,2026-04-21 04:04:20.693697+00:00,False,True,False,2026-04-23T12:00:00Z,"['0.155', '0.845']",401680,highest-temperature-in-wellington-on-april-23-2026,Highest temperature in Wellington on April 23?
2040322,Will the highest temperature in Wellington be 13°C on April 23?,Yes,No,56548732500493186393568898320158556129188450325255237904988472895589728160443,79467672322904465313476739234820584373151787595222754506838756749821193405067,0x44438c9497456b56e8d778e05aab4a59350761110092a81bbd2e28cc0fe4ecea,True,highest-temperature-in-wellington-on-april-23-2026-13c,149.43206,2026-04-21 04:04:20.796324+00:00,False,True,False,2026-04-23T12:00:00Z,"['0.345', '0.655']",401680,highest-temperature-in-wellington-on-april-23-2026,Highest temperature in Wellington on April 23?
2040323,Will the highest temperature in Wellington be 14°C on April 23?,Yes,No,44681371582305002211926855065989392891334173581041000505615563210096554827435,9836357229436463089522590223831811970497674565243116641167748090801348472909,0x96f0725588a4b434a815094f3bd2ae95904ec71fd2f0043294f8edd94078dc91,True,highest-temperature-in-wellington-on-april-23-2026-14c,100.800786,2026-04-21 04:04:20.900965+00:00,False,True,False,2026-04-23T12:00:00Z,"['0.315', '0.685']",401680,highest-temperature-in-wellington-on-april-23-2026,Highest temperature in Wellington on April 23?
2040324,Will the highest temperature in Wellington be 15°C on April 23?,Yes,No,51024760971341507842542397173340262526006989425552857072394029238496676538138,113203868838581048454089311646996820904455836931696043435188105171207634014166,0x0447cd3648106eb63d2ce435f20513df0b803fe0b94f221434b6c29fff15d119,True,highest-temperature-in-wellington-on-april-23-2026-15c,306.125077,2026-04-21 04:04:21.005859+00:00,False,True,False,2026-04-23T12:00:00Z,"['0.085', '0.915']",401680,highest-temperature-in-wellington-on-april-23-2026,Highest temperature in Wellington on April 23?
2040325,Will the highest temperature in Wellington be 16°C on April 23?,Yes,No,37004917588048714295104412009553427267201143673629960779248864012526785819447,52541090648057168881028872234694837595770629464674660684175363901104352230203,0x404e0d5c2f8393a7bebb0412eb69eb5147909b052520e57befcdde1b6f798054,True,highest-temperature-in-wellington-on-april-23-2026-16c,569.108308,2026-04-21 04:04:21.109005+00:00,False,True,False,2026-04-23T12:00:00Z,"['0.0255', '0.9745']",401680,highest-temperature-in-wellington-on-april-23-2026,Highest temperature in Wellington on April 23?
2040326,Will the highest temperature in Wellington be 17°C or higher on April 23?,Yes,No,18039040867011169191104133645855586315556973087641935983259315606924651105159,57708265036654228087915582085080185728079645997602018891853972871284436502994,0xaacd72bded39bd651913e0a8739871de00110aa317ee289c09efefba32377b57,True,highest-temperature-in-wellington-on-april-23-2026-17corhigher,205.607,2026-04-21 04:04:21.259051+00:00,False,True,False,2026-04-23T12:00:00Z,"['0.0065', '0.9935']",401680,highest-temperature-in-wellington-on-april-23-2026,Highest temperature in Wellington on April 23?
2040327,Will the highest temperature in Lucknow be 39°C or below on April 23?,Yes,No,52508129436451899523403867509464314670481942915942614193084978548232103524552,59603281118982454524705460624298356112902131204747436239054795739161213748134,0xde521633be89288b3f3e84f57b632a490d968e971346418abd19ccd65f8d4083,True,highest-temperature-in-lucknow-on-april-23-2026-39corbelow,578.7894019999999,2026-04-21 04:04:24.731771+00:00,False,True,False,2026-04-23T12:00:00Z,"['0.0165', '0.9835']",401681,highest-temperature-in-lucknow-on-april-23-2026,Highest temperature in Lucknow on April 23?
2040328,Will the highest temperature in Lucknow be 40°C on April 23?,Yes,No,57016076099252338471884412774608722655264809810487438552535048976138370169393,64779937986621788766657500703468817363537670824095310484507993830581741855234,0xb44b2ba5d7bd8f1122c867cae17c1dfbfdbf152761ee2e3ff0d4eb22afaa1f78,True,highest-temperature-in-lucknow-on-april-23-2026-40c,894.0903649999997,2026-04-21 04:04:24.836434+00:00,False,True,False,2026-04-23T12:00:00Z,"['0.0295', '0.9705']",401681,highest-temperature-in-lucknow-on-april-23-2026,Highest temperature in Lucknow on April 23?
2040329,Will the highest temperature in Lucknow be 41°C on April 23?,Yes,No,8025263638271953908749490889496263315169537500547814404865119141909092841999,28530417195585667441860213450780631238974977601641433556604809557542542140495,0xd332389d927bac582f9595b6fb728fb12b9755cbeabc864311240d3ba7abdf01,True,highest-temperature-in-lucknow-on-april-23-2026-41c,59.414945,2026-04-21 04:04:24.939587+00:00,False,True,False,2026-04-23T12:00:00Z,"['0.125', '0.875']",401681,highest-temperature-in-lucknow-on-april-23-2026,Highest temperature in Lucknow on April 23?
2040330,Will the highest temperature in Lucknow be 42°C on April 23?,Yes,No,4374849320088188380305153036377146834070196402547018738012432277618465305484,45413389647573201468755332901997939519696977055176313138907699741311347565518,0x19e003646191c7cd2be961a81a938f973cabd379fc6c25c9cda02c7ecbeea448,True,highest-temperature-in-lucknow-on-april-23-2026-42c,102.51237699999999,2026-04-21 04:04:25.042251+00:00,False,True,False,2026-04-23T12:00:00Z,"['0.45', '0.55']",401681,highest-temperature-in-lucknow-on-april-23-2026,Highest temperature in Lucknow on April 23?
2040331,Will the highest temperature in Lucknow be 43°C on April 23?,Yes,No,63536814322106328879147969662710906149133531171860808976626280989045746637703,10540321777305568346742800609614428759235878138691903604855142501272549433111,0x704be54e3d3a54599c3ac5a834f944451428b0e077156ab7f1f3e191a4de1a45,True,highest-temperature-in-lucknow-on-april-23-2026-43c,34.129999999999995,2026-04-21 04:04:25.147775+00:00,False,True,False,2026-04-23T12:00:00Z,"['0.31', '0.69']",401681,highest-temperature-in-lucknow-on-april-23-2026,Highest temperature in Lucknow on April 23?
2040332,Will the highest temperature in Lucknow be 44°C on April 23?,Yes,No,115644943881671118039551306234386747376674083913006806544348933285892518010042,34809895002099394761309003572658016480212555223703002719934164525978234786946,0x2e157bccabb48f9328cac0e22a7b8234117347bb4ee7e41d96e4182bd3839943,True,highest-temperature-in-lucknow-on-april-23-2026-44c,469.09764200000006,2026-04-21 04:04:25.252682+00:00,False,True,False,2026-04-23T12:00:00Z,"['0.026', '0.974']",401681,highest-temperature-in-lucknow-on-april-23-2026,Highest temperature in Lucknow on April 23?
2040333,Will the highest temperature in Lucknow be 45°C on April 23?,Yes,No,47433415321106298972734003546471758508317128316481197878405352509377886882637,13625518453059268505402869837629478879475420013073387402648310731876427441495,0x7aa8cafa1d93ba3df43d4a3e6f7ecf9b358e3730ce509d76ca9ec7a0ccb9ea5b,True,highest-temperature-in-lucknow-on-april-23-2026-45c,87.988488,2026-04-21 04:04:25.356651+00:00,False,True,False,2026-04-23T12:00:00Z,"['0.0185', '0.9815']",401681,highest-temperature-in-lucknow-on-april-23-2026,Highest temperature in Lucknow on April 23?
2040334,Will the highest temperature in Lucknow be 46°C on April 23?,Yes,No,107794423513272569887480959896443554065947991148891191584635541722661094015953,37575176568518257756946797137966997535979702573494994838005363824077507218931,0x4e89090e5f34243fba4c0bdb265c21c389407dd4e3d6d5b0de383e27d2104ee0,True,highest-temperature-in-lucknow-on-april-23-2026-46c,60.021,2026-04-21 04:04:25.460833+00:00,False,True,False,2026-04-23T12:00:00Z,"['0.0055', '0.9945']",401681,highest-temperature-in-lucknow-on-april-23-2026,Highest temperature in Lucknow on April 23?
2040335,Will the highest temperature in Lucknow be 47°C on April 23?,Yes,No,97773850067825759968558265311971249080967885073816129435258858117946211485332,62158310545972711957381063368883374114974419134848528129487303275892553885478,0xfb26f4888c81db2ad9753d3c08c2da08d7674ecac63b6deb3d6be321f3687bb2,True,highest-temperature-in-lucknow-on-april-23-2026-47c,59.044,2026-04-21 04:04:25.619750+00:00,False,True,False,2026-04-23T12:00:00Z,"['0.0065', '0.9935']",401681,highest-temperature-in-lucknow-on-april-23-2026,Highest temperature in Lucknow on April 23?
2040336,Will the highest temperature in Lucknow be 48°C on April 23?,Yes,No,9444099087990251224850084465983713520614844002642048670893522312069527265362,38960252522084614535442203026065898184942765624285508277507675827732044468613,0xd38e137500b7709e34cc1ed1cde231c25059ad6d0b289a149c793e436e361cc0,True,highest-temperature-in-lucknow-on-april-23-2026-48c,63.037,2026-04-21 04:04:25.750876+00:00,False,True,False,2026-04-23T12:00:00Z,"['0.006', '0.994']",401681,highest-temperature-in-lucknow-on-april-23-2026,Highest temperature in Lucknow on April 23?
2040337,Will the highest temperature in Lucknow be 49°C or higher on April 23?,Yes,No,14144111411265783723321150836142212972522693123930838025810781059854285905763,113379227615722820843489052269152775548761698120413264138387919322143461407547,0xb4a2a8e7e4cdf42a7077bb0586c3309cd265a1e8744b0c77f9725eef832cf217,True,highest-temperature-in-lucknow-on-april-23-2026-49corhigher,272.23975,2026-04-21 04:04:25.858504+00:00,False,True,False,2026-04-23T12:00:00Z,"['0.005', '0.995']",401681,highest-temperature-in-lucknow-on-april-23-2026,Highest temperature in Lucknow on April 23?
2040338,Will the highest temperature in Munich be 10°C or below on April 23?,Yes,No,52810895074178358918350506092843586829394508759547808599040132660636857315843,64102876545099966611659086464339384681280661046072678933580604315058208247934,0x654518f42369a0cd3918e7bc3144d13af629c4b2311be70122dbde1f1a5f3fdc,True,highest-temperature-in-munich-on-april-23-2026-10corbelow,294.98499999999996,2026-04-21 04:04:28.871634+00:00,False,True,False,2026-04-23T12:00:00Z,"['0.0025', '0.9975']",401682,highest-temperature-in-munich-on-april-23-2026,Highest temperature in Munich on April 23?
2040339,Will the highest temperature in Munich be 11°C on April 23?,Yes,No,88737284460992788593688432367144889731333323352918756347366455551726427943726,43863884076250147088462334574830468561213298722422914791057151523047398683287,0x75f362e79925db4ff4eece431b546599a87c469dde4a2f2119b9903f8a783883,True,highest-temperature-in-munich-on-april-23-2026-11c,295.78,2026-04-21 04:04:28.978967+00:00,False,True,False,2026-04-23T12:00:00Z,"['0.0025', '0.9975']",401682,highest-temperature-in-munich-on-april-23-2026,Highest temperature in Munich on April 23?
2040340,Will the highest temperature in Munich be 12°C on April 23?,Yes,No,72247431973912622638328323307195028377035954298332656376299374881174937170563,79434778892033640030830660455868593593045512276491195629981035800131670164334,0x30dcf3fc51281001a4f3a99f142cdaa12ead52f603c4609032fb5eeb4a62baec,True,highest-temperature-in-munich-on-april-23-2026-12c,321.6672,2026-04-21 04:04:29.085101+00:00,False,True,False,2026-04-23T12:00:00Z,"['0.003', '0.997']",401682,highest-temperature-in-munich-on-april-23-2026,Highest temperature in Munich on April 23?
2040341,Will the highest temperature in Munich be 13°C on April 23?,Yes,No,35398854136312765077829223196158753181348945336286714548811802142261427739251,41214131029515573416501430870384256202257037941608402781599467919339956938512,0x2a41ddaa50cc8e8d5b32948c6a08775880b3cb452b96fae9e4971c28da5f288e,True,highest-temperature-in-munich-on-april-23-2026-13c,701.1203999999999,2026-04-21 04:04:29.192813+00:00,False,True,False,2026-04-23T12:00:00Z,"['0.004', '0.996']",401682,highest-temperature-in-munich-on-april-23-2026,Highest temperature in Munich on April 23?
2040342,Will the highest temperature in Munich be 14°C on April 23?,Yes,No,68071269328962924862053148549188897533072194463655934784921485697672432142769,10327041939260344759829245398914392076911188248202818671986491159813085316129,0xa25f7139d89de52e33275bc72aed3ab2e04accec929af65ae55e7b28782030fb,True,highest-temperature-in-munich-on-april-23-2026-14c,168.279043,2026-04-21 04:04:29.301662+00:00,False,True,False,2026-04-23T12:00:00Z,"['0.0115', '0.9885']",401682,highest-temperature-in-munich-on-april-23-2026,Highest temperature in Munich on April 23?
2040343,Will the highest temperature in Munich be 15°C on April 23?,Yes,No,53651847715635246674431126679584276927521958406948522590578943812089250035146,77868988294228120033121590527114908790901931101984473258529968976375109346595,0x340ebb0ac2edf57cc787d1d23f9cd17c7d35c947a0bb089d001047f25fb87cd9,True,highest-temperature-in-munich-on-april-23-2026-15c,579.365745,2026-04-21 04:04:29.406551+00:00,False,True,False,2026-04-23T12:00:00Z,"['0.03', '0.97']",401682,highest-temperature-in-munich-on-april-23-2026,Highest temperature in Munich on April 23?
2040344,Will the highest temperature in Munich be 16°C on April 23?,Yes,No,76905404489262907590842726197373299641321488715016366211934946986275508370815,29963799252654933816224395932669081445403880447460708495325932803555907278117,0x95967b9734d87fed9eee604623323956dc89b678d93b554c68b442f1c2e7c15e,True,highest-temperature-in-munich-on-april-23-2026-16c,475.82044299999995,2026-04-21 04:04:29.514639+00:00,False,True,False,2026-04-23T12:00:00Z,"['0.12', '0.88']",401682,highest-temperature-in-munich-on-april-23-2026,Highest temperature in Munich on April 23?
2040345,Will the highest temperature in Munich be 17°C on April 23?,Yes,No,14992740884678867255884943758855666148789340554246608515039304805242842118964,92534881420735293071548029884078240339317852599771264778716733304514586684183,0x33862dc831319e2e07093a60066d916de076975987fd7601000069f041b570fe,True,highest-temperature-in-munich-on-april-23-2026-17c,301.815897,2026-04-21 04:04:29.621955+00:00,False,True,False,2026-04-23T12:00:00Z,"['0.29', '0.71']",401682,highest-temperature-in-munich-on-april-23-2026,Highest temperature in Munich on April 23?
2040346,Will the highest temperature in Munich be 18°C on April 23?,Yes,No,1080009139257923574929692270477341197057661309479570589839597738130998100444,19404204024191811682731289110900851667718542537341219283332095897655349732529,0x34d427f742ad366c0ca72b391101bb17cb6249607f5eabb98af2db19c4c4a40c,True,highest-temperature-in-munich-on-april-23-2026-18c,347.71404599999994,2026-04-21 04:04:29.730589+00:00,False,True,False,2026-04-23T12:00:00Z,"['0.3', '0.7']",401682,highest-temperature-in-munich-on-april-23-2026,Highest temperature in Munich on April 23?
2040347,Will the highest temperature in Munich be 19°C on April 23?,Yes,No,39687738643189662201617185117906798354491693872384775143294731153383470582793,79185125621639685694117654542023657921953724771169923432890000249435050617650,0xd46310b9419239ecbe27c3cd04d2c7f5d2fd41c1021fcd91dcbbbe09e0291169,True,highest-temperature-in-munich-on-april-23-2026-19c,151.93889000000001,2026-04-21 04:04:29.836481+00:00,False,True,False,2026-04-23T12:00:00Z,"['0.21', '0.79']",401682,highest-temperature-in-munich-on-april-23-2026,Highest temperature in Munich on April 23?
2040348,Will the highest temperature in Munich be 20°C or higher on April 23?,Yes,No,64101227031705613324099080886478011306768902428408570213808348369938615715537,41118337342033865351458848839047041103769366700067548534431906442110459277455,0xc204958b7d8665018ceb1c4877623fa606050bbc1ba2ce1def4bd48d3431dfe5,True,highest-temperature-in-munich-on-april-23-2026-20corhigher,502.406504,2026-04-21 04:04:29.942446+00:00,False,True,False,2026-04-23T12:00:00Z,"['0.0685', '0.9315']",401682,highest-temperature-in-munich-on-april-23-2026,Highest temperature in Munich on April 23?
2040349,Will the highest temperature in Tel Aviv be 18°C or below on April 23?,Yes,No,16915250896989460618431761946394397410015328887265744891148483826648551421691,51625429330658025880838258110344208713040963500466792579537324701117183026547,0x343204d061510534d4affb95b104ced3cbbcaf99f0845c8ab650121d64fff67d,True,highest-temperature-in-tel-aviv-on-april-23-2026-18corbelow,359.97895,2026-04-21 04:04:33.084343+00:00,False,True,False,2026-04-23T12:00:00Z,"['0.0065', '0.9935']",401683,highest-temperature-in-tel-aviv-on-april-23-2026,Highest temperature in Tel Aviv on April 23?
2040350,Will the highest temperature in Tel Aviv be 19°C on April 23?,Yes,No,30162813603226197139810543414136303029979114654691494328794747108841512189513,1123044360276597784533835833288927931960499820061871653566244497422542556904,0xf44f5bf681f21972bc5d1e0f8f9dbebbfa09ba56e8f357bd960115aa5f0e9cbe,True,highest-temperature-in-tel-aviv-on-april-23-2026-19c,98.83406599999999,2026-04-21 04:04:33.189162+00:00,False,True,False,2026-04-23T12:00:00Z,"['0.0045', '0.9955']",401683,highest-temperature-in-tel-aviv-on-april-23-2026,Highest temperature in Tel Aviv on April 23?
2040351,Will the highest temperature in Tel Aviv be 20°C on April 23?,Yes,No,4743430478995722947031030027254527657304651752938636364185614713590602327613,70893439137200904986644808233333637960852050673554340506600875222802556439811,0x6cea1e440965cc202b4754a0112fe75926ab52c769d42827230d9ddd40889e3a,True,highest-temperature-in-tel-aviv-on-april-23-2026-20c,257.8885,2026-04-21 04:04:33.293337+00:00,False,True,False,2026-04-23T12:00:00Z,"['0.006', '0.994']",401683,highest-temperature-in-tel-aviv-on-april-23-2026,Highest temperature in Tel Aviv on April 23?
2040352,Will the highest temperature in Tel Aviv be 21°C on April 23?,Yes,No,34296958964135310830414697894611998882502702970986378319736024866151294229615,2344669890267459338416929893695223240436158004723239768584985209147937580336,0xa1f6a0942697c0a9fada434249a6ffeabf557ffc249f35faf0beb5dd06baf64f,True,highest-temperature-in-tel-aviv-on-april-23-2026-21c,226.62415200000004,2026-04-21 04:04:33.399186+00:00,False,True,False,2026-04-23T12:00:00Z,"['0.035', '0.965']",401683,highest-temperature-in-tel-aviv-on-april-23-2026,Highest temperature in Tel Aviv on April 23?
2040353,Will the highest temperature in Tel Aviv be 22°C on April 23?,Yes,No,63866547104667838401082250917654241481329773453970745585449633739888043270515,77776891322880984236084448815305145802352875902936360030675314254488087628382,0x30810e672f02b2a784579885abe3beda0fdff44b2fc4763ba372a5d583bbc1b9,True,highest-temperature-in-tel-aviv-on-april-23-2026-22c,78.169492,2026-04-21 04:04:33.504702+00:00,False,True,False,2026-04-23T12:00:00Z,"['0.04', '0.96']",401683,highest-temperature-in-tel-aviv-on-april-23-2026,Highest temperature in Tel Aviv on April 23?
2040354,Will the highest temperature in Tel Aviv be 23°C on April 23?,Yes,No,58551511397805722757208257479286652438017963960315554440669509720048473765365,81854596312318677263546332075717666728634747956096820594719912095584560415382,0x91670dac900e79664827ed75386adb5b4668658848586301ba22761eba902370,True,highest-temperature-in-tel-aviv-on-april-23-2026-23c,61.411752,2026-04-21 04:04:33.611736+00:00,False,True,False,2026-04-23T12:00:00Z,"['0.25', '0.75']",401683,highest-temperature-in-tel-aviv-on-april-23-2026,Highest temperature in Tel Aviv on April 23?
2040355,Will the highest temperature in Tel Aviv be 24°C on April 23?,Yes,No,85911138666862677250842836136772245921903366015400819095091873110373784013048,98602782295784692622072595797344120949449623306218721642632537364926454889671,0xfb9a5ff26167ec628f5e6319e52d82fd9d7ae8fc4c48fe200fcf81d8877db79c,True,highest-temperature-in-tel-aviv-on-april-23-2026-24c,68.27,2026-04-21 04:04:33.716717+00:00,False,True,False,2026-04-23T12:00:00Z,"['0.345', '0.655']",401683,highest-temperature-in-tel-aviv-on-april-23-2026,Highest temperature in Tel Aviv on April 23?
2040356,Will the highest temperature in Tel Aviv be 25°C on April 23?,Yes,No,54352387078876151597133914542671796966588273886801438372670182768371197570469,15289387236865673314081716566202436666412684896967775804370144108181350035879,0x397217d985a28793600073807de00b58df6ce508626833dd68288182e812936b,True,highest-temperature-in-tel-aviv-on-april-23-2026-25c,82.59856699999999,2026-04-21 04:04:34.021112+00:00,False,True,False,2026-04-23T12:00:00Z,"['0.27', '0.73']",401683,highest-temperature-in-tel-aviv-on-april-23-2026,Highest temperature in Tel Aviv on April 23?
2040357,Will the highest temperature in Tel Aviv be 26°C on April 23?,Yes,No,32832826805351050056158027822026100976760783994037169480174803892443469265299,63404557809520915506693524927953246260186628893377151787352535420972447098198,0xb04c847ba09b28d81ad29ce4a7abb220212a92e4e66dfb04b6e1d79a372437c0,True,highest-temperature-in-tel-aviv-on-april-23-2026-26c,151.751586,2026-04-21 04:04:34.130600+00:00,False,True,False,2026-04-23T12:00:00Z,"['0.095', '0.905']",401683,highest-temperature-in-tel-aviv-on-april-23-2026,Highest temperature in Tel Aviv on April 23?
2040358,Will the highest temperature in Tel Aviv be 27°C on April 23?,Yes,No,112971895587679436789379491023064243685140094720772795786861728386600696256441,103171965626995515102922663170820957708997679820419632426211614983183347899345,0x3c2c37b4334f56ff40fff9b7c166c1bdd0d39b204df70bbc665b10cf494562e8,True,highest-temperature-in-tel-aviv-on-april-23-2026-27c,85,2026-04-21 04:04:34.243115+00:00,False,True,False,2026-04-23T12:00:00Z,"['0.0205', '0.9795']",401683,highest-temperature-in-tel-aviv-on-april-23-2026,Highest temperature in Tel Aviv on April 23?
2040359,Will the highest temperature in Tel Aviv be 28°C or higher on April 23?,Yes,No,106718915178778734885098827491891591900167234344840766868847777434708028185731,45039483016018242127707872121048685629369291640953718231626622777086914141538,0x4a121a65961da12685358665a12de06f7bc72a58f47259b72af1c03905ae896c,True,highest-temperature-in-tel-aviv-on-april-23-2026-28corhigher,117.88,2026-04-21 04:04:34.353428+00:00,False,True,False,2026-04-23T12:00:00Z,"['0.0075', '0.9925']",401683,highest-temperature-in-tel-aviv-on-april-23-2026,Highest temperature in Tel Aviv on April 23?
2040360,Will the highest temperature in Tokyo be 13°C or below on April 23?,Yes,No,6073315168097364375063128612280997517963535198501826478504165862135859950574,80199334678444102498753717755250891007516084142323701382063045291528173714556,0xe738dd8147f5a1cc5eabc38c8332566efc6459cde4d51f272562148f7d9a3d68,True,highest-temperature-in-tokyo-on-april-23-2026-13corbelow,454.832,2026-04-21 04:04:37.403721+00:00,False,True,False,2026-04-23T12:00:00Z,"['0.0015', '0.9985']",401684,highest-temperature-in-tokyo-on-april-23-2026,Highest temperature in Tokyo on April 23?
2040361,Will the highest temperature in Tokyo be 14°C on April 23?,Yes,No,13447657224608333521892595782195031593992522422740950705521524750082721240828,106783782879875333310578680605479989978871004159196672637987031638549970374117,0xbedff36bd3f3e2166d5198d671fc71c90fbc09dfe1c288a0c00d32999ca484bb,True,highest-temperature-in-tokyo-on-april-23-2026-14c,564.878,2026-04-21 04:04:37.814913+00:00,False,True,False,2026-04-23T12:00:00Z,"['0.0015', '0.9985']",401684,highest-temperature-in-tokyo-on-april-23-2026,Highest temperature in Tokyo on April 23?
2040362,Will the highest temperature in Tokyo be 15°C on April 23?,Yes,No,9103659568962381591528046566263446308980060251235628449443727304887659275649,86646968901353146516147553749137134385845097101310771114784213481198110224715,0xd92e72a57536da844eb4fe24cd364e5f00ec6c020fca1fedfba532aadfbefcba,True,highest-temperature-in-tokyo-on-april-23-2026-15c,329.891,2026-04-21 04:04:37.988617+00:00,False,True,False,2026-04-23T12:00:00Z,"['0.0055', '0.9945']",401684,highest-temperature-in-tokyo-on-april-23-2026,Highest temperature in Tokyo on April 23?
2040363,Will the highest temperature in Tokyo be 16°C on April 23?,Yes,No,38782001801366922208311761729560284483856708182576355272521255512511063984801,33928969796388939049346358284120462688142339224474702368154679983453984643319,0xe9c56db801146ff7dafaa1579e43a9af1c3eb78a754a640331286925d53a92bd,True,highest-temperature-in-tokyo-on-april-23-2026-16c,201.15138999999996,2026-04-21 04:04:38.156237+00:00,False,True,False,2026-04-23T12:00:00Z,"['0.013', '0.987']",401684,highest-temperature-in-tokyo-on-april-23-2026,Highest temperature in Tokyo on April 23?
2040364,Will the highest temperature in Tokyo be 17°C on April 23?,Yes,No,96185217164983563660413027252553695945533998272259724038995587074993154456143,51751920719247088658040412208418345403055863573915502988991404083741825458762,0x6d5d54f5dca045852449e807a91f01d82f19a2e7af816200731eda832508d851,True,highest-temperature-in-tokyo-on-april-23-2026-17c,1239.923421,2026-04-21 04:04:38.268612+00:00,False,True,False,2026-04-23T12:00:00Z,"['0.041', '0.959']",401684,highest-temperature-in-tokyo-on-april-23-2026,Highest temperature in Tokyo on April 23?
2040365,Will the highest temperature in Tokyo be 18°C on April 23?,Yes,No,91982488570776995480698627291830285012066256085909012414189912627015004329477,16235091439266798966729358084045926113181269132217476985350751270920210136147,0x424e19e9d51ea43dc1b153c60fe9e823ec4b3f30165527d0f3c3e52a1709c474,True,highest-temperature-in-tokyo-on-april-23-2026-18c,177.798191,2026-04-21 04:04:38.384042+00:00,False,True,False,2026-04-23T12:00:00Z,"['0.15', '0.85']",401684,highest-temperature-in-tokyo-on-april-23-2026,Highest temperature in Tokyo on April 23?
2040366,Will the highest temperature in Tokyo be 19°C on April 23?,Yes,No,45643377781351776215417007579587482163593728863901303695550223437246437415592,69584781481760087294359739697762760104885457246938808622691609417961089388610,0x1b074159a55b2449ce5ed3c76f34d41d7a20a0985a26a065008ee98378b003c9,True,highest-temperature-in-tokyo-on-april-23-2026-19c,115.651001,2026-04-21 04:04:38.493654+00:00,False,True,False,2026-04-23T12:00:00Z,"['0.295', '0.705']",401684,highest-temperature-in-tokyo-on-april-23-2026,Highest temperature in Tokyo on April 23?
2040367,Will the highest temperature in Tokyo be 20°C on April 23?,Yes,No,49529735114920546476071107239065142184451591690402091173508474263666248566147,6374500783077354780270705609552654998706013080471153302788681334826408230564,0x709bde90e9526b58ad91f5bb93ff99639d2c04fe1caf22e1ed7668cc246d71b4,True,highest-temperature-in-tokyo-on-april-23-2026-20c,226.622411,2026-04-21 04:04:38.600993+00:00,False,True,False,2026-04-23T12:00:00Z,"['0.315', '0.685']",401684,highest-temperature-in-tokyo-on-april-23-2026,Highest temperature in Tokyo on April 23?
2040368,Will the highest temperature in Tokyo be 21°C on April 23?,Yes,No,55390398022414728806850798397513098142314324140712220125178325779420693213068,12132849279065666056770481833077338837421216368627077032402066194277365594013,0xc6ddf7fb88d564abd6bf4ca32332fda366079506ab24628a0f4d5c4ae2dcd7a0,True,highest-temperature-in-tokyo-on-april-23-2026-21c,426.7083040000002,2026-04-21 04:04:38.709409+00:00,False,True,False,2026-04-23T12:00:00Z,"['0.06', '0.94']",401684,highest-temperature-in-tokyo-on-april-23-2026,Highest temperature in Tokyo on April 23?
2040369,Will the highest temperature in Tokyo be 22°C on April 23?,Yes,No,56854654222263248854998789452259655265222259613108847831227546185720966554029,73760368182528874072293768728236481104301022596793121280983081988086548221707,0xd8d657f1681aee9d40bb495e71cf2d86580e2c95be3d98f09ddfaaa1da3d6a7f,True,highest-temperature-in-tokyo-on-april-23-2026-22c,565.7088980000001,2026-04-21 04:04:38.816392+00:00,False,True,False,2026-04-23T12:00:00Z,"['0.02', '0.98']",401684,highest-temperature-in-tokyo-on-april-23-2026,Highest temperature in Tokyo on April 23?
2040370,Will the highest temperature in Tokyo be 23°C or higher on April 23?,Yes,No,84550897183133374591966433545012953294618101787087470266000193592045774211732,52802913119315563507608855319582675810637354565443599282982388821469119394,0xde423537093d67fbcaee8472a3fb6b6fb1b4b75c0ea2836aa279f15b9dc3da1c,True,highest-temperature-in-tokyo-on-april-23-2026-23corhigher,983.7444370000001,2026-04-21 04:04:38.924924+00:00,False,True,False,2026-04-23T12:00:00Z,"['0.014', '0.986']",401684,highest-temperature-in-tokyo-on-april-23-2026,Highest temperature in Tokyo on April 23?
2040371,Will the highest temperature in Hong Kong be 21°C or below on April 23?,Yes,No,78058759021359196528082911362613141170183128697558922927712923705591915070176,106050119738808963896660674562974862815526681072498581598766920804866145442999,0x9d3cb3b4aec198588b9fecf49c07743f44629b6a2a91dde0101927bd52cbf1ed,True,highest-temperature-in-hong-kong-on-april-23-2026-21corbelow,458.0149999999999,2026-04-21 04:04:42.240827+00:00,False,True,False,2026-04-23T12:00:00Z,"['0.0015', '0.9985']",401685,highest-temperature-in-hong-kong-on-april-23-2026,Highest temperature in Hong Kong on April 23?
2040372,Will the highest temperature in Hong Kong be 22°C on April 23?,Yes,No,112343789871362225039628792321275366984305119476329409814959147554447744697907,105598087824752392039735244458096795285528148838982087491395566449963012654909,0xcdcb471e2de818fbced61abc5f7ee9a0990ea398d5c6bfb6b80f767b4bdfa85d,True,highest-temperature-in-hong-kong-on-april-23-2026-22c,1712.5889159999997,2026-04-21 04:04:42.353853+00:00,False,True,False,2026-04-23T12:00:00Z,"['0.0015', '0.9985']",401685,highest-temperature-in-hong-kong-on-april-23-2026,Highest temperature in Hong Kong on April 23?
2040373,Will the highest temperature in Hong Kong be 23°C on April 23?,Yes,No,45780029078938174091815211734011187972392676926668305531724447378755355900462,3056918004821160619997563256585309133317029353699177194119733254347420504093,0x5053ed497704659ade055f2aafade9de254754d8cfe2e75325125e3d70c77caa,True,highest-temperature-in-hong-kong-on-april-23-2026-23c,2620.9259159999997,2026-04-21 04:04:42.464135+00:00,False,True,False,2026-04-23T12:00:00Z,"['0.0015', '0.9985']",401685,highest-temperature-in-hong-kong-on-april-23-2026,Highest temperature in Hong Kong on April 23?
2040374,Will the highest temperature in Hong Kong be 24°C on April 23?,Yes,No,13541995204451271137683135534366529195888610790696260625355311392997340321486,7245823374710339872961298131399745602718360668122860797276226250836525012000,0xb7dfcf8750a882775ac961d11bca53b92365d94bc2003f9c5a6c38385f2f67b0,True,highest-temperature-in-hong-kong-on-april-23-2026-24c,1595.1125969999994,2026-04-21 04:04:42.571808+00:00,False,True,False,2026-04-23T12:00:00Z,"['0.0025', '0.9975']",401685,highest-temperature-in-hong-kong-on-april-23-2026,Highest temperature in Hong Kong on April 23?
2040375,Will the highest temperature in Hong Kong be 25°C on April 23?,Yes,No,77361369879445084136511819912999569226610273741547757753743696245080921707501,104314837566936826618063184936384991903382006710718459432467875984236865258261,0x8bc0b79c752ef09824a9c26e5eb3d1c4147235e299de58a1e859061eda9e0237,True,highest-temperature-in-hong-kong-on-april-23-2026-25c,6819.788337000035,2026-04-21 04:04:42.681821+00:00,False,True,False,2026-04-23T12:00:00Z,"['0.0255', '0.9745']",401685,highest-temperature-in-hong-kong-on-april-23-2026,Highest temperature in Hong Kong on April 23?
2040376,Will the highest temperature in Hong Kong be 26°C on April 23?,Yes,No,12536153601155703043463893483091283496904839782814656694195561982625513111399,28015982381711068022974921068671607790217238993263057583421400006497277019760,0x194c731dc5ad2ecf51679d910b1102f4299c8873d63a564a87bae5b357ad01a2,True,highest-temperature-in-hong-kong-on-april-23-2026-26c,714.709471,2026-04-21 04:04:42.790286+00:00,False,True,False,2026-04-23T12:00:00Z,"['0.22', '0.78']",401685,highest-temperature-in-hong-kong-on-april-23-2026,Highest temperature in Hong Kong on April 23?
2040377,Will the highest temperature in Hong Kong be 27°C on April 23?,Yes,No,107718112799469550308611741322001737306360666160002498195413616070015464035096,94681596936822430091052663588309492409759015120110772587216085231411524658598,0x4f1cc37576244be81ca1eb6970b1e31eee94a1b3eca630a559fe71dc91371853,True,highest-temperature-in-hong-kong-on-april-23-2026-27c,262.07743400000004,2026-04-21 04:04:42.898694+00:00,False,True,False,2026-04-23T12:00:00Z,"['0.335', '0.665']",401685,highest-temperature-in-hong-kong-on-april-23-2026,Highest temperature in Hong Kong on April 23?
2040378,Will the highest temperature in Hong Kong be 28°C on April 23?,Yes,No,48995693792828177691296426569929406456533883002489185690818641511293677747276,99953942199956097944358100100505101380026153765792690780793439935201570999485,0xe192653f0da793bc894a31b9bee18ceadc797e377ced11acd5b6a175006f85a0,True,highest-temperature-in-hong-kong-on-april-23-2026-28c,195.24623,2026-04-21 04:04:43.006787+00:00,False,True,False,2026-04-23T12:00:00Z,"['0.26', '0.74']",401685,highest-temperature-in-hong-kong-on-april-23-2026,Highest temperature in Hong Kong on April 23?
2040379,Will the highest temperature in Hong Kong be 29°C on April 23?,Yes,No,115388439934877738882032876010966110345503829875996992172710800572790988435384,84998565999973476472387606495607859888998434589917900159798724635009711775164,0x13edaf9c9210421fc1eb4f2476e71062c93047f0c0944d7b97e1e26bc198d128,True,highest-temperature-in-hong-kong-on-april-23-2026-29c,161.074351,2026-04-21 04:04:43.116038+00:00,False,True,False,2026-04-23T12:00:00Z,"['0.075', '0.925']",401685,highest-temperature-in-hong-kong-on-april-23-2026,Highest temperature in Hong Kong on April 23?
2040380,Will the highest temperature in Hong Kong be 30°C on April 23?,Yes,No,77227117663754972665774977282942499954492375488576242642311238667053660065357,5208431542878265171852920419942856690564247448418192648038105981927571660525,0xba628efd077aeedb1fd764784e2f3679f7e27a0077cc6c4b2d1d8c45d17b9f3c,True,highest-temperature-in-hong-kong-on-april-23-2026-30c,636.16486,2026-04-21 04:04:43.223963+00:00,False,True,False,2026-04-23T12:00:00Z,"['0.0455', '0.9545']",401685,highest-temperature-in-hong-kong-on-april-23-2026,Highest temperature in Hong Kong on April 23?
2040381,Will the highest temperature in Hong Kong be 31°C or higher on April 23?,Yes,No,76947160750001805507008721107173531516483389833534001925630681610976415054050,1305093421313802482630075597480280103055158188642939253517809848694536843535,0x15a3030dae901bf65617ffa3746ac72ea5fbc4c85b0267068ae67c87c44fe2d6,True,highest-temperature-in-hong-kong-on-april-23-2026-31corhigher,393.478668,2026-04-21 04:04:43.333090+00:00,False,True,False,2026-04-23T12:00:00Z,"['0.012', '0.988']",401685,highest-temperature-in-hong-kong-on-april-23-2026,Highest temperature in Hong Kong on April 23?
2040382,Will the highest temperature in Shanghai be 8°C or below on April 23?,Yes,No,42350196794633831893873034802355690894371539152463953769451464355380286244830,111761318544241027401999709022871663236683790860070321833385855363022433566039,0x1171b9ba5751cd0c8665ee0aa4abac5ca57aff8951c0a571fd7989299a7410d0,True,highest-temperature-in-shanghai-on-april-23-2026-8corbelow,640.1300000000001,2026-04-21 04:04:46.307097+00:00,False,True,False,2026-04-23T12:00:00Z,"['0.0015', '0.9985']",401686,highest-temperature-in-shanghai-on-april-23-2026,Highest temperature in Shanghai on April 23?
2040383,Will the highest temperature in Shanghai be 9°C on April 23?,Yes,No,39209752546662792037936113290681581299705658758859731013973662319984735366302,105015772949655886480922839472476066685607659342634808126693309937098375677861,0x2e165c920f7e79a296e6a8622927cc1168081df4f80ff88fb17f9ffac877efeb,True,highest-temperature-in-shanghai-on-april-23-2026-9c,411.998,2026-04-21 04:04:46.471447+00:00,False,True,False,2026-04-23T12:00:00Z,"['0.002', '0.998']",401686,highest-temperature-in-shanghai-on-april-23-2026,Highest temperature in Shanghai on April 23?
2040384,Will the highest temperature in Shanghai be 10°C on April 23?,Yes,No,73626461315754365854938428746065096147667199463367790831928961570596555050508,70436453499026002844338859672288463158288871044756720075270234495030025370961,0x2290cd450d676bb1248fa2c063573b75a4c7fda7b1ea565134435f72a07e5aa9,True,highest-temperature-in-shanghai-on-april-23-2026-10c,411.063,2026-04-21 04:04:46.627611+00:00,False,True,False,2026-04-23T12:00:00Z,"['0.0035', '0.9965']",401686,highest-temperature-in-shanghai-on-april-23-2026,Highest temperature in Shanghai on April 23?
2040385,Will the highest temperature in Shanghai be 11°C on April 23?,Yes,No,7403722275799698868748195167770123090123870437418739426310876511621962131160,58282945006463678774086606392879751406548132285374257311399513951538264419688,0xc179f21391d2d3df9b47a8ef362ce3aea624d266463a07a9586d79bdff8752d2,True,highest-temperature-in-shanghai-on-april-23-2026-11c,385.137958,2026-04-21 04:04:46.784530+00:00,False,True,False,2026-04-23T12:00:00Z,"['0.0045', '0.9955']",401686,highest-temperature-in-shanghai-on-april-23-2026,Highest temperature in Shanghai on April 23?
2040386,Will the highest temperature in Shanghai be 12°C on April 23?,Yes,No,106876730364256521340370115638769347482138983750484597914406946444900929321688,24152926877351208722269189331919964819168709237883994853595602483246712173152,0x1b11af9a0944f3f1c1863d493228a60d70114b7e82373317f91545a83d75fa4f,True,highest-temperature-in-shanghai-on-april-23-2026-12c,253.41083200000014,2026-04-21 04:04:46.947253+00:00,False,True,False,2026-04-23T12:00:00Z,"['0.007', '0.993']",401686,highest-temperature-in-shanghai-on-april-23-2026,Highest temperature in Shanghai on April 23?
2040387,Will the highest temperature in Shanghai be 13°C on April 23?,Yes,No,7277646147294268311427885080939997484424984255172355563607648371668655166949,45240602400113947172709394248874613137784132757397722260297582590840379008516,0x0a4a7ba2f1f204a04d5725e2ec1a76cf15a7bc02a04454ea69391b0c718b412b,True,highest-temperature-in-shanghai-on-april-23-2026-13c,663.2191460000001,2026-04-21 04:04:47.106127+00:00,False,True,False,2026-04-23T12:00:00Z,"['0.0185', '0.9815']",401686,highest-temperature-in-shanghai-on-april-23-2026,Highest temperature in Shanghai on April 23?
2040388,Will the highest temperature in Shanghai be 14°C on April 23?,Yes,No,65150901418880929841711323368429289765004388906390935271670422130847086411651,114572391153845427899353324292825946927403298288526238683782609607072504112465,0x0e3e7ad724b43fefe59882d6cae26ec842b17b9086e9f732619d80487b7dcb7b,True,highest-temperature-in-shanghai-on-april-23-2026-14c,591.9315359999999,2026-04-21 04:04:47.262036+00:00,False,True,False,2026-04-23T12:00:00Z,"['0.083', '0.917']",401686,highest-temperature-in-shanghai-on-april-23-2026,Highest temperature in Shanghai on April 23?
2040389,Will the highest temperature in Shanghai be 15°C on April 23?,Yes,No,42299094057966661959449604684162583372639349166359729173477872908033362793159,3166171257782098191523891039331608112220824815392146240809290616808013233269,0xc91437a1fca62921218bb32bf4aa7384acdcf073e8a80582fd9b97f1b8dac6ac,True,highest-temperature-in-shanghai-on-april-23-2026-15c,130.25885300000002,2026-04-21 04:04:47.422475+00:00,False,True,False,2026-04-23T12:00:00Z,"['0.315', '0.685']",401686,highest-temperature-in-shanghai-on-april-23-2026,Highest temperature in Shanghai on April 23?
2040390,Will the highest temperature in Shanghai be 16°C on April 23?,Yes,No,8291602284097073909512035559071862178571730224216773187335069154835946482279,26853472114853965674913517086777222338696991021348603043430253558597413279511,0x24fa8460cd6cf7b952cb5b83805bdfe162f6e07a59276342c171631c34888b13,True,highest-temperature-in-shanghai-on-april-23-2026-16c,246.21623899999997,2026-04-21 04:04:47.824398+00:00,False,True,False,2026-04-23T12:00:00Z,"['0.35', '0.65']",401686,highest-temperature-in-shanghai-on-april-23-2026,Highest temperature in Shanghai on April 23?
2040391,Will the highest temperature in Shanghai be 17°C on April 23?,Yes,No,53765196512838611344231057228370670439853939363128045201156053096892446298765,63771716620282907164614183133001950466911496544513582868916395475571450727650,0x0147dbb14b809904fb0d438ef7e61a59b6a01a8fcd4f6997c820514d8262d254,True,highest-temperature-in-shanghai-on-april-23-2026-17c,128.7646,2026-04-21 04:04:47.981730+00:00,False,True,False,2026-04-23T12:00:00Z,"['0.165', '0.835']",401686,highest-temperature-in-shanghai-on-april-23-2026,Highest temperature in Shanghai on April 23?
2040392,Will the highest temperature in Shanghai be 18°C or higher on April 23?,Yes,No,81199514839400648330897506627265860521621801492689018391722195199853106411142,87088881080779703708254854053221164899645356350733900198767240792316959042444,0x5deaf6af2f1ebf7a6b840d2299e1a970b30fbfc7ff924a40a48e509edad1cdcf,True,highest-temperature-in-shanghai-on-april-23-2026-18corhigher,1228.751302,2026-04-21 04:04:48.495114+00:00,False,True,False,2026-04-23T12:00:00Z,"['0.0865', '0.9135']",401686,highest-temperature-in-shanghai-on-april-23-2026,Highest temperature in Shanghai on April 23?
2040393,Will the highest temperature in Singapore be 24°C or below on April 23?,Yes,No,103707058196892079575281571948418317366166511767511724135415416093375839899819,114746806683429223974243387429357753037215982007785053542490660516407775823922,0xf01d68ebc5c668da52305332bd6d19d612ac03bf2af4c77ac8e3d5b901aa5ac1,True,highest-temperature-in-singapore-on-april-23-2026-24corbelow,463.118,2026-04-21 04:04:51.889317+00:00,False,True,False,2026-04-23T12:00:00Z,"['0.0005', '0.9995']",401687,highest-temperature-in-singapore-on-april-23-2026,Highest temperature in Singapore on April 23?
2040394,Will the highest temperature in Singapore be 25°C on April 23?,Yes,No,58201507598806791448094753122339002903330388978675443112999858584980681426348,8141004102345865626145743693458842239250109457342753809861580822627813847941,0x33e1993a25a1fe2d8dcf6c38a32501cbe31a8434ed34298f404d62fee8b194ad,True,highest-temperature-in-singapore-on-april-23-2026-25c,678,2026-04-21 04:04:51.998373+00:00,False,True,False,2026-04-23T12:00:00Z,"['0.0035', '0.9965']",401687,highest-temperature-in-singapore-on-april-23-2026,Highest temperature in Singapore on April 23?
2040395,Will the highest temperature in Singapore be 26°C on April 23?,Yes,No,72245844379236120246202593200989478444967108494518254148415094230622409907503,95908752888012643231463101125697030976758638096384748443898801294277792741503,0x6a8830f9fae29c84901bf10d34c1c6593de60d51be6bb8eda805ab635af50537,True,highest-temperature-in-singapore-on-april-23-2026-26c,313.91,2026-04-21 04:04:52.106270+00:00,False,True,False,2026-04-23T12:00:00Z,"['0.003', '0.997']",401687,highest-temperature-in-singapore-on-april-23-2026,Highest temperature in Singapore on April 23?
2040396,Will the highest temperature in Singapore be 27°C on April 23?,Yes,No,79335938602645458559659780160321531085581353280009299273059620669400779598947,87233388434078930531172181712421342072863439980896979925276698057732800220367,0x14c6b38d57ea2c0d770962f3b69b029ab18e6c498b5f02563bc3d1a73d99009c,True,highest-temperature-in-singapore-on-april-23-2026-27c,142.463416,2026-04-21 04:04:52.215505+00:00,False,True,False,2026-04-23T12:00:00Z,"['0.0065', '0.9935']",401687,highest-temperature-in-singapore-on-april-23-2026,Highest temperature in Singapore on April 23?
2040397,Will the highest temperature in Singapore be 28°C on April 23?,Yes,No,59603969373499472688230893443135860561968342979041855229406739087202882761916,24162217956009203947599234217725210233965645334637869279351967869240261289317,0x5a315576143c7e75243a78b5be3b5e53689aba13013a726f5fa91b11d01d5c2f,True,highest-temperature-in-singapore-on-april-23-2026-28c,250.89836499999998,2026-04-21 04:04:52.323600+00:00,False,True,False,2026-04-23T12:00:00Z,"['0.0065', '0.9935']",401687,highest-temperature-in-singapore-on-april-23-2026,Highest temperature in Singapore on April 23?
2040398,Will the highest temperature in Singapore be 29°C on April 23?,Yes,No,99182865496384105150142018614055464273743065443474849107441074327011868866253,91744239299632151790065272255177279693518669697739621527785996472287267873945,0x94aef958ff6e519ae9edc54bc632510471554944f15b9d5f159f6f770cf4a332,True,highest-temperature-in-singapore-on-april-23-2026-29c,589.168167,2026-04-21 04:04:52.432637+00:00,False,True,False,2026-04-23T12:00:00Z,"['0.0145', '0.9855']",401687,highest-temperature-in-singapore-on-april-23-2026,Highest temperature in Singapore on April 23?
2040399,Will the highest temperature in Singapore be 30°C on April 23?,Yes,No,62336168974801597085442533905373453775214036156850683324663556511949847292214,89833430048945950639983650512140760067652393973804779561848942629601807145757,0xd8f9a9af736c47719b5456acfbc517627a7b7e5822203468d9e56be982d659f8,True,highest-temperature-in-singapore-on-april-23-2026-30c,406.0747600000001,2026-04-21 04:04:52.540809+00:00,False,True,False,2026-04-23T12:00:00Z,"['0.05', '0.95']",401687,highest-temperature-in-singapore-on-april-23-2026,Highest temperature in Singapore on April 23?
2040400,Will the highest temperature in Singapore be 31°C on April 23?,Yes,No,30664256139222969832508115692149839646533603186103294703859852354875232025615,34445839484419944064603523657364615506624767488968353054787364267227203615673,0x7c4902d8918d790bd05a73cfa9ac87ebb6a3f7f6b0fe17cb8d7386cf3cc05927,True,highest-temperature-in-singapore-on-april-23-2026-31c,177.66,2026-04-21 04:04:52.648820+00:00,False,True,False,2026-04-23T12:00:00Z,"['0.25', '0.75']",401687,highest-temperature-in-singapore-on-april-23-2026,Highest temperature in Singapore on April 23?
2040401,Will the highest temperature in Singapore be 32°C on April 23?,Yes,No,74219700947708571706930849368264572865452597902411055607427439558058309194029,988996804134775808347744005566951152499379560243719741631937580428324672244,0xaef01c6565040ae64f32e6ad68c63b7073593fb8c4f7db25b10bea71b182b94d,True,highest-temperature-in-singapore-on-april-23-2026-32c,173.154283,2026-04-21 04:04:52.758328+00:00,False,True,False,2026-04-23T12:00:00Z,"['0.395', '0.605']",401687,highest-temperature-in-singapore-on-april-23-2026,Highest temperature in Singapore on April 23?
2040402,Will the highest temperature in Singapore be 33°C on April 23?,Yes,No,79209793516510500470240551950108059534106786362643039273257707296539027845684,75462088188920441829810757140438750802592018332944102787411690485930475302243,0x15c98def500fa151c9806cfed66e16f061ee5f0e1423a90a991739cd7c7df3b0,True,highest-temperature-in-singapore-on-april-23-2026-33c,153.77342000000002,2026-04-21 04:04:52.866487+00:00,False,True,False,2026-04-23T12:00:00Z,"['0.3', '0.7']",401687,highest-temperature-in-singapore-on-april-23-2026,Highest temperature in Singapore on April 23?
2040403,Will the highest temperature in Singapore be 34°C or higher on April 23?,Yes,No,29736703568930344005467196027327517286918607673177876053902518331233542987671,100784841713989333146065373158465487597500749879116318124987254418677032238565,0x07dfc4950b61228b6916e29dbd1c8fbb65ee936f37936d4a1be4ffb351cb2b22,True,highest-temperature-in-singapore-on-april-23-2026-34corhigher,306.15147,2026-04-21 04:04:52.975596+00:00,False,True,False,2026-04-23T12:00:00Z,"['0.055', '0.945']",401687,highest-temperature-in-singapore-on-april-23-2026,Highest temperature in Singapore on April 23?
2040404,Will the highest temperature in Milan be 15°C or below on April 23?,Yes,No,92109328497972376099218844046082433835362722842900610522938569345315804859921,36589837074909704895589759262975815283436857969364103903947222379758966174217,0x17bda77db3b52ebd930e25ea415076e61eb58e893882e5f937ee26088df89369,True,highest-temperature-in-milan-on-april-23-2026-15corbelow,481.42,2026-04-21 04:04:56.007589+00:00,False,True,False,2026-04-23T12:00:00Z,"['0.003', '0.997']",401688,highest-temperature-in-milan-on-april-23-2026,Highest temperature in Milan on April 23?
2040405,Will the highest temperature in Milan be 16°C on April 23?,Yes,No,5515228744384238188644351833330285323390477988574238326023527225300639199759,32152027794837832664566446740063773338778177383893759289131223945765778103966,0xf8aa446e7f50927f7f7c73e919c2277904fc031ad4d50045bd555711d7414d36,True,highest-temperature-in-milan-on-april-23-2026-16c,747.8896219999999,2026-04-21 04:04:56.117493+00:00,False,True,False,2026-04-23T12:00:00Z,"['0.002', '0.998']",401688,highest-temperature-in-milan-on-april-23-2026,Highest temperature in Milan on April 23?
2040406,Will the highest temperature in Milan be 17°C on April 23?,Yes,No,22049480841484503545510307339998564460174407968934298948279605830696653296335,40517213036725059688890184172313459774149048901022516395294683451384738492196,0x2da89a0afa1e4324e3ac99d9b5e54d09c4d60646f80fb2abd9a68f2ecebd2ee8,True,highest-temperature-in-milan-on-april-23-2026-17c,833.86,2026-04-21 04:04:56.222403+00:00,False,True,False,2026-04-23T12:00:00Z,"['0.0015', '0.9985']",401688,highest-temperature-in-milan-on-april-23-2026,Highest temperature in Milan on April 23?
2040407,Will the highest temperature in Milan be 18°C on April 23?,Yes,No,41902232715550651817648801033029089169860139129648734678325350744698522776030,61499292333788348158007314196132852187284013856146071222900490345548238373107,0x8b2b7d4abd0d10c9a0eb8db4d5bf88657d06a9e0c6447d1f3eca808c086a4ed9,True,highest-temperature-in-milan-on-april-23-2026-18c,465.41999999999996,2026-04-21 04:04:56.330270+00:00,False,True,False,2026-04-23T12:00:00Z,"['0.0055', '0.9945']",401688,highest-temperature-in-milan-on-april-23-2026,Highest temperature in Milan on April 23?
2040408,Will the highest temperature in Milan be 19°C on April 23?,Yes,No,29761624834196127908738077325434684657500801781185966236068739516374648356756,80861487290100846032137908220811291078617629737339347046997713317425423860585,0xca8d3f082e319dcd12b7d7ea51954a65166adf0025e252ae2ec1a578936e0474,True,highest-temperature-in-milan-on-april-23-2026-19c,597.473916,2026-04-21 04:04:56.438573+00:00,False,True,False,2026-04-23T12:00:00Z,"['0.0075', '0.9925']",401688,highest-temperature-in-milan-on-april-23-2026,Highest temperature in Milan on April 23?
2040409,Will the highest temperature in Milan be 20°C on April 23?,Yes,No,68460930116283348286510755473738474893749601520078730465328390298345842018954,2494975849842364879963077780745878363053579170913165740077424875135617232140,0x51eb462a2be54303b1c6ba5483f30eed5419428ecf0f15660bbbd9b5ebe4f701,True,highest-temperature-in-milan-on-april-23-2026-20c,486.1038659999999,2026-04-21 04:04:56.544666+00:00,False,True,False,2026-04-23T12:00:00Z,"['0.1', '0.9']",401688,highest-temperature-in-milan-on-april-23-2026,Highest temperature in Milan on April 23?
2040410,Will the highest temperature in Milan be 21°C on April 23?,Yes,No,61025269442854673022282870317200500723862472439095002437280311907783033862141,32538999259015650171551110742055658986025613216473659278999297267620288166258,0xdca58fd16774258c2b968d77371c012b8228dafcf858f1c4e41d55f8a706857e,True,highest-temperature-in-milan-on-april-23-2026-21c,336.757051,2026-04-21 04:04:56.651772+00:00,False,True,False,2026-04-23T12:00:00Z,"['0.325', '0.675']",401688,highest-temperature-in-milan-on-april-23-2026,Highest temperature in Milan on April 23?
2040411,Will the highest temperature in Milan be 22°C on April 23?,Yes,No,10566305378993435675916313215155904719926371636922918330271925889934569338577,2013868456879362742732019408860743782792228744828933552343098667099944357218,0x099e43aecad29800c9d145b712e91637c3b468bbfd0524adcef79cf64e822d3b,True,highest-temperature-in-milan-on-april-23-2026-22c,283.91830600000003,2026-04-21 04:04:56.763329+00:00,False,True,False,2026-04-23T12:00:00Z,"['0.365', '0.635']",401688,highest-temperature-in-milan-on-april-23-2026,Highest temperature in Milan on April 23?
2040412,Will the highest temperature in Milan be 23°C on April 23?,Yes,No,104199827363014730479856219915996233453468092005274110483085943114909177418871,14358135722151915472760685636022915145418701240789414357572631864264853624129,0x0d0397a00c795f36c1bf92318b3a1cb146c03ff0045e48e1ddbc0e9294070307,True,highest-temperature-in-milan-on-april-23-2026-23c,246.941608,2026-04-21 04:04:56.872513+00:00,False,True,False,2026-04-23T12:00:00Z,"['0.215', '0.785']",401688,highest-temperature-in-milan-on-april-23-2026,Highest temperature in Milan on April 23?
2040413,Will the highest temperature in Milan be 24°C on April 23?,Yes,No,64438500331371663963653857143558552482143936296191589107435486248703922302097,60463303651158507613815701330261267833064460063787643191093600596671925403259,0xaa0e1e2ec2ca535322e825a1f84e7a0c0f5bb1bb3aabda77002ba3b00046ede1,True,highest-temperature-in-milan-on-april-23-2026-24c,371.58417600000007,2026-04-21 04:04:56.980292+00:00,False,True,False,2026-04-23T12:00:00Z,"['0.0455', '0.9545']",401688,highest-temperature-in-milan-on-april-23-2026,Highest temperature in Milan on April 23?
2040414,Will the highest temperature in Milan be 25°C or higher on April 23?,Yes,No,86389913354851842709225463571014241937678119997705388527416988682320066808814,29101603361836459046651057978742619030499416360897326468459487063840522372004,0x87576eec313461a1c7eb4c2c2fbf8bef30a79d7ee9ffb93fbc5345c064ee568a,True,highest-temperature-in-milan-on-april-23-2026-25corhigher,411.6014,2026-04-21 04:04:57.086958+00:00,False,True,False,2026-04-23T12:00:00Z,"['0.009', '0.991']",401688,highest-temperature-in-milan-on-april-23-2026,Highest temperature in Milan on April 23?
2040415,Will the highest temperature in Madrid be 22°C or below on April 23?,Yes,No,104367298036269273144968015929591197372698803800928388998617615138254424745749,96474687164081510967254931880599302954575851580638627890298846629157233207733,0x87367d659e49359a5af8b262684761ef38da055468dc03d270770fed5fea8d80,True,highest-temperature-in-madrid-on-april-23-2026-22corbelow,339.9948,2026-04-21 04:05:00.140483+00:00,False,True,False,2026-04-23T12:00:00Z,"['0.003', '0.997']",401689,highest-temperature-in-madrid-on-april-23-2026,Highest temperature in Madrid on April 23?
2040416,Will the highest temperature in Madrid be 23°C on April 23?,Yes,No,58417704932396555761099132816771683152350526200803944595188147021913517733323,58372537850110886739302563269471903846180155517344479554364167003266768572533,0xb7a00574ea0908d695e355d2d1b30d12842632bb5a19a0a95d64c071473b6709,True,highest-temperature-in-madrid-on-april-23-2026-23c,606.364957,2026-04-21 04:05:00.255803+00:00,False,True,False,2026-04-23T12:00:00Z,"['0.004', '0.996']",401689,highest-temperature-in-madrid-on-april-23-2026,Highest temperature in Madrid on April 23?
2040417,Will the highest temperature in Madrid be 24°C on April 23?,Yes,No,72390377512994777889422636436351482805079370121985764481058103114978433869995,41718836711980322914481422389744022750584129264477461589827120389061631713386,0x4cd6f098b56e4dc8ffc33d9fe879c6cc00240edffacf2db883452b0e408ea7ed,True,highest-temperature-in-madrid-on-april-23-2026-24c,857.6086,2026-04-21 04:05:00.428515+00:00,False,True,False,2026-04-23T12:00:00Z,"['0.002', '0.998']",401689,highest-temperature-in-madrid-on-april-23-2026,Highest temperature in Madrid on April 23?
2040418,Will the highest temperature in Madrid be 25°C on April 23?,Yes,No,46076012599076210230998404468660502635310251483646141606580651961205191223747,53164646360596946171612575710890679591172662172290611272179517193964061576830,0x7f2249499b4266518c7ba833eb473c6b11ae081f81026f6b7756d684091ff37a,True,highest-temperature-in-madrid-on-april-23-2026-25c,168.42069999999998,2026-04-21 04:05:00.606136+00:00,False,True,False,2026-04-23T12:00:00Z,"['0.02', '0.98']",401689,highest-temperature-in-madrid-on-april-23-2026,Highest temperature in Madrid on April 23?
2040419,Will the highest temperature in Madrid be 26°C on April 23?,Yes,No,4902927297553598250235086493019184280909222589002333287421900698189722249348,56566689813730740301495430334085684503603377886665385638901765455170629573697,0xaebd3f21cc9135bd440707cbc9079f4c6bcc881387eff0823bf3d2031c27d078,True,highest-temperature-in-madrid-on-april-23-2026-26c,133.275734,2026-04-21 04:05:00.722920+00:00,False,True,False,2026-04-23T12:00:00Z,"['0.065', '0.935']",401689,highest-temperature-in-madrid-on-april-23-2026,Highest temperature in Madrid on April 23?
2040420,Will the highest temperature in Madrid be 27°C on April 23?,Yes,No,88987492072209920619388810588510075403506643597959689375566328960870731946411,84971009369027404811159786123482593634626262872453806661129516505644166713913,0x577bc74c0e5e625fb0cf29e7a342bba2f256f8b8b72c70e34ff13cf78c08e669,True,highest-temperature-in-madrid-on-april-23-2026-27c,113.61350800000001,2026-04-21 04:05:00.880133+00:00,False,True,False,2026-04-23T12:00:00Z,"['0.285', '0.715']",401689,highest-temperature-in-madrid-on-april-23-2026,Highest temperature in Madrid on April 23?
2040421,Will the highest temperature in Madrid be 28°C on April 23?,Yes,No,88289669895059964136309344571139291846632564349737227652157441306365127911829,47860347808146355750761940133277293484195127739704021146508023454347117819309,0x015597bb648f09681c4c9ec22daa4de7af27acd7e3853b09b628c93df8b8185b,True,highest-temperature-in-madrid-on-april-23-2026-28c,85.796505,2026-04-21 04:05:00.985149+00:00,False,True,False,2026-04-23T12:00:00Z,"['0.375', '0.625']",401689,highest-temperature-in-madrid-on-april-23-2026,Highest temperature in Madrid on April 23?
2040422,Will the highest temperature in Madrid be 29°C on April 23?,Yes,No,41083674691065626810890626828061307489535688483133086473787869467267736416222,2452953780627513447305888814761223304646179490863371703243122883860111025019,0x30b128a62853fbfd3c4785da1358eb22f0d88ff6dabb5809692b4c3dd2747b3c,True,highest-temperature-in-madrid-on-april-23-2026-29c,30.417579,2026-04-21 04:05:01.095725+00:00,False,True,False,2026-04-23T12:00:00Z,"['0.22', '0.78']",401689,highest-temperature-in-madrid-on-april-23-2026,Highest temperature in Madrid on April 23?
2040423,Will the highest temperature in Madrid be 30°C on April 23?,Yes,No,30045919928097264770048785298492875865110151459370192996983815310224046570872,112406633446193442166825599919564387190657250697946246913078766162838200462723,0x4cbf09230e72ba76b8b7842700869d228a08dc5954e31aea21200a86868de80b,True,highest-temperature-in-madrid-on-april-23-2026-30c,105.577974,2026-04-21 04:05:01.206358+00:00,False,True,False,2026-04-23T12:00:00Z,"['0.07', '0.93']",401689,highest-temperature-in-madrid-on-april-23-2026,Highest temperature in Madrid on April 23?
2040424,Will the highest temperature in Madrid be 31°C on April 23?,Yes,No,60004929035422083736030135006151145135299854651406975235671888115020484383633,38949980449092848472957699189867769184780113062743482671237026627114467571058,0xa48d432a324c50ec0c7615abbaeeba3d46dc85c84a269c10809fa21def8b26f0,True,highest-temperature-in-madrid-on-april-23-2026-31c,65.522125,2026-04-21 04:05:01.317890+00:00,False,True,False,2026-04-23T12:00:00Z,"['0.0245', '0.9755']",401689,highest-temperature-in-madrid-on-april-23-2026,Highest temperature in Madrid on April 23?
2040425,Will the highest temperature in Madrid be 32°C or higher on April 23?,Yes,No,47871147367563707251136358792626981709252384743075581168350205282153083568121,43886801860353942509246079152488737464355729114338689679196899883011829075792,0x9e9fbd38110005bdf71c1f672164ec4d8fa2ad4b4fdd14ab46c97e44bde488d4,True,highest-temperature-in-madrid-on-april-23-2026-32corhigher,453.7017,2026-04-21 04:05:01.430488+00:00,False,True,False,2026-04-23T12:00:00Z,"['0.007', '0.993']",401689,highest-temperature-in-madrid-on-april-23-2026,Highest temperature in Madrid on April 23?
2040426,Will the highest temperature in Warsaw be 8°C or below on April 23?,Yes,No,83522636068387294245652689971859823257298917056388850711550872083496137776630,109757089728228959004328200174436706028017915205231904556643634065878345707616,0xe35c1dcf0ed8ff11c2481a2d0fdd6ca844a98b36bba0d5d55cbf5ba6961575c8,True,highest-temperature-in-warsaw-on-april-23-2026-8corbelow,209.6615,2026-04-21 04:05:04.784344+00:00,False,True,False,2026-04-23T12:00:00Z,"['0.004', '0.996']",401690,highest-temperature-in-warsaw-on-april-23-2026,Highest temperature in Warsaw on April 23?
2040427,Will the highest temperature in Warsaw be 9°C on April 23?,Yes,No,20873824307048089073353913386323986298580214540657370510416821758728171562292,114223160049611534354398474985481233618216808125464384248506075767127246393485,0xc4b51aec6174a2f530b6de5d12b845aa2cf931b51937fad43aa450d2cecc87f8,True,highest-temperature-in-warsaw-on-april-23-2026-9c,36.58975,2026-04-21 04:05:04.894567+00:00,False,True,False,2026-04-23T12:00:00Z,"['0.0045', '0.9955']",401690,highest-temperature-in-warsaw-on-april-23-2026,Highest temperature in Warsaw on April 23?
2040428,Will the highest temperature in Warsaw be 10°C on April 23?,Yes,No,97844705875995212992296924540869526331990773340903257452202482041029360994853,97767877305593650071261900431875898863711412323946816764846991033792688748507,0x7090abae4a24a0c52b34bfb908f27c9134aed8dbd5345c64e513a9ee2f10d3c8,True,highest-temperature-in-warsaw-on-april-23-2026-10c,36.58975,2026-04-21 04:05:04.998678+00:00,False,True,False,2026-04-23T12:00:00Z,"['0.0055', '0.9945']",401690,highest-temperature-in-warsaw-on-april-23-2026,Highest temperature in Warsaw on April 23?
2040429,Will the highest temperature in Warsaw be 11°C on April 23?,Yes,No,38874858773926951436585907539799437535219590891441865001305680365575990393516,63248121861110481949176604437431041622439918042855199873830020271988424611081,0x4e26e89aa74fc0f10682495797861bc3a797f89e979742c287328bbb5504edf6,True,highest-temperature-in-warsaw-on-april-23-2026-11c,195.2272,2026-04-21 04:05:05.106462+00:00,False,True,False,2026-04-23T12:00:00Z,"['0.0075', '0.9925']",401690,highest-temperature-in-warsaw-on-april-23-2026,Highest temperature in Warsaw on April 23?
2040430,Will the highest temperature in Warsaw be 12°C on April 23?,Yes,No,44359309879307779712105929645806738191057048441201136289381865821191049593149,15204002660359557130078564870007250386120110494537655787156277389590592924245,0xdd152fc004eb582947c5735a2171c9104a17db6c18e81e1ee8b8bf361b5e8166,True,highest-temperature-in-warsaw-on-april-23-2026-12c,88.09,2026-04-21 04:05:05.216768+00:00,False,True,False,2026-04-23T12:00:00Z,"['0.009', '0.991']",401690,highest-temperature-in-warsaw-on-april-23-2026,Highest temperature in Warsaw on April 23?
2040431,Will the highest temperature in Warsaw be 13°C on April 23?,Yes,No,66997167893665977811909284717356450620384665041486764692361867176618607213828,53267456293337468847437151061391814792862503205448055450393177425122982297726,0x4880b23a089c5cbb1d61b327c4710a3da089529586db2bf45e39dad492bef0dd,True,highest-temperature-in-warsaw-on-april-23-2026-13c,139.56754899999999,2026-04-21 04:05:05.323385+00:00,False,True,False,2026-04-23T12:00:00Z,"['0.0165', '0.9835']",401690,highest-temperature-in-warsaw-on-april-23-2026,Highest temperature in Warsaw on April 23?
2040432,Will the highest temperature in Warsaw be 14°C on April 23?,Yes,No,39811435920657686920139550058340498098809570058643847274637058687832573945789,92578086216771393491445410994766767722550575802790475393046687283727511698585,0xab877b73cc5758bd3987ce20d25c138f685a3ca1e7c0801ca24295e5e3022c6c,True,highest-temperature-in-warsaw-on-april-23-2026-14c,509.21843099999984,2026-04-21 04:05:05.428461+00:00,False,True,False,2026-04-23T12:00:00Z,"['0.035', '0.965']",401690,highest-temperature-in-warsaw-on-april-23-2026,Highest temperature in Warsaw on April 23?
2040433,Will the highest temperature in Warsaw be 15°C on April 23?,Yes,No,55511756612602598719002908593882283785704352611871170618605479716239259520100,54386421651734896595423094512607348555174212785964158492804558806214237136105,0x4af5fa6913da6016729cd8c1c9529970217664c92bb93d1c339e562812227e8b,True,highest-temperature-in-warsaw-on-april-23-2026-15c,81.820612,2026-04-21 04:05:05.532031+00:00,False,True,False,2026-04-23T12:00:00Z,"['0.185', '0.815']",401690,highest-temperature-in-warsaw-on-april-23-2026,Highest temperature in Warsaw on April 23?
2040434,Will the highest temperature in Warsaw be 16°C on April 23?,Yes,No,86778507997261410782552770000308523392647631843951945748630851563937451298411,103915498054060625784222389036160786685577522342070803006928472981669810902213,0x5f3ed5be6f6c75394af6e92cabc48e3147a0f59167abc8ce47e0bade71cdefb6,True,highest-temperature-in-warsaw-on-april-23-2026-16c,62.416146,2026-04-21 04:05:05.637351+00:00,False,True,False,2026-04-23T12:00:00Z,"['0.365', '0.635']",401690,highest-temperature-in-warsaw-on-april-23-2026,Highest temperature in Warsaw on April 23?
2040435,Will the highest temperature in Warsaw be 17°C on April 23?,Yes,No,107899901542914918297276577481909339957081173938447952334368399765793719551123,95190806778747654363917432981528917957068323337249974056989765071504541069693,0x3c9882aa9ca1171a1201e6daba8d92986ee1804920891ecd8ef44d2a9982f2b9,True,highest-temperature-in-warsaw-on-april-23-2026-17c,161.77609600000002,2026-04-21 04:05:05.787735+00:00,False,True,False,2026-04-23T12:00:00Z,"['0.315', '0.685']",401690,highest-temperature-in-warsaw-on-april-23-2026,Highest temperature in Warsaw on April 23?
2040436,Will the highest temperature in Warsaw be 18°C or higher on April 23?,Yes,No,115470958194740213851308174049060525374692000226385771295215986554798237564403,9899428165733098408873892096687791454693998201903300964938783308956486033227,0x56132598ad3567c1ed1efbe0eb2060e6c6f7ea201ba078905d8092d98edd4502,True,highest-temperature-in-warsaw-on-april-23-2026-18corhigher,51.90558300000001,2026-04-21 04:05:05.947916+00:00,False,True,False,2026-04-23T12:00:00Z,"['0.135', '0.865']",401690,highest-temperature-in-warsaw-on-april-23-2026,Highest temperature in Warsaw on April 23?
2040437,Will the highest temperature in Taipei be 26°C or below on April 23?,Yes,No,59370720681518884314011395798772724704937803656588470928559388581061681734487,61702890008466008509579620881216501999683008248199350199787714048613158117048,0xc8d05605fd44bb112919509eeb2045b2aca50f698bfbc9e64271f5a83c26f197,True,highest-temperature-in-taipei-on-april-23-2026-26corbelow,502.20837299999994,2026-04-21 04:05:09.474901+00:00,False,True,False,2026-04-23T12:00:00Z,"['0.075', '0.925']",401691,highest-temperature-in-taipei-on-april-23-2026,Highest temperature in Taipei on April 23?
2040438,Will the highest temperature in Taipei be 27°C on April 23?,Yes,No,12231115695830975684422007581847193767286226492277873050026686705848304431077,28287607852691238616582576340393303104024788806274005786327885580522139919306,0xcf1750ba9fc10f9a8c1ed4c6a115b6dad7e66d601dd9da1a6aa704313095686f,True,highest-temperature-in-taipei-on-april-23-2026-27c,49.542711,2026-04-21 04:05:09.583636+00:00,False,True,False,2026-04-23T12:00:00Z,"['0.135', '0.865']",401691,highest-temperature-in-taipei-on-april-23-2026,Highest temperature in Taipei on April 23?
2040439,Will the highest temperature in Taipei be 28°C on April 23?,Yes,No,64891750352947940446427983627100923475217753413459677384283579632821310831597,61573139945618605846128469776198429495184203577433701052477663343515898808887,0xfc4febf9ca76e62a30a131e6013057b8e5ef6ff23379885c365913f7078765f4,True,highest-temperature-in-taipei-on-april-23-2026-28c,55.793831,2026-04-21 04:05:09.690796+00:00,False,True,False,2026-04-23T12:00:00Z,"['0.3', '0.7']",401691,highest-temperature-in-taipei-on-april-23-2026,Highest temperature in Taipei on April 23?
2040440,Will the highest temperature in Taipei be 29°C on April 23?,Yes,No,29332214126390755457867972230175426279813005161327345866564382736193345418973,34753185257637370888992456016484432773890492167928683945024015132474391896776,0xe9210bf37bedd5cd9cef7bceb90cbf64316a42576cffee609137d207db7cc68b,True,highest-temperature-in-taipei-on-april-23-2026-29c,22.77486,2026-04-21 04:05:09.797030+00:00,False,True,False,2026-04-23T12:00:00Z,"['0.315', '0.685']",401691,highest-temperature-in-taipei-on-april-23-2026,Highest temperature in Taipei on April 23?
2040441,Will the highest temperature in Taipei be 30°C on April 23?,Yes,No,56979128601490942057079919918803441522534840902907191219584635542127210304610,25390106545461158337570679296654556804409022645360372923855014090906469300345,0xbc3dec40c4d663d4fe4a39c609379bc5ec4637e7bf5502e74d1c07acd0d59e7b,True,highest-temperature-in-taipei-on-april-23-2026-30c,25.99148,2026-04-21 04:05:09.903457+00:00,False,True,False,2026-04-23T12:00:00Z,"['0.17', '0.83']",401691,highest-temperature-in-taipei-on-april-23-2026,Highest temperature in Taipei on April 23?
2040442,Will the highest temperature in Taipei be 31°C on April 23?,Yes,No,76090545475256169621093639938541700782380333262321087494228599924482633625994,9868407488601980024122570443913682581489557339611693451758562777614859445072,0x48f44212acef89c5bd79445fb493041a5c96bc6319f9fbd81ea95c46058fc5b7,True,highest-temperature-in-taipei-on-april-23-2026-31c,52.252581,2026-04-21 04:05:10.008688+00:00,False,True,False,2026-04-23T12:00:00Z,"['0.09', '0.91']",401691,highest-temperature-in-taipei-on-april-23-2026,Highest temperature in Taipei on April 23?
2040443,Will the highest temperature in Taipei be 32°C on April 23?,Yes,No,111418751447552830393689242522457727782045787742722874478020794011547958089987,109653464438540765693322272143488833034900099629123592974541567511711735482756,0x17748754cff4ab8f5bbf9984b16bec945a0a7a5118fe2b2ebb9bdae5cb7114cb,True,highest-temperature-in-taipei-on-april-23-2026-32c,347.746502,2026-04-21 04:05:10.117033+00:00,False,True,False,2026-04-23T12:00:00Z,"['0.0355', '0.9645']",401691,highest-temperature-in-taipei-on-april-23-2026,Highest temperature in Taipei on April 23?
2040444,Will the highest temperature in Taipei be 33°C on April 23?,Yes,No,90796711577994719221148077108452438016971351355686691588246619342104015449343,101169211260641781042630847262686128304360505625105422940337596222064206305465,0xf8dcb1691387568805e0dc70900e3d0a16d4602f95930998416abf73ce76f6bc,True,highest-temperature-in-taipei-on-april-23-2026-33c,500.562166,2026-04-21 04:05:10.222228+00:00,False,True,False,2026-04-23T12:00:00Z,"['0.0055', '0.9945']",401691,highest-temperature-in-taipei-on-april-23-2026,Highest temperature in Taipei on April 23?
2040445,Will the highest temperature in Taipei be 34°C on April 23?,Yes,No,83581925029885260331901406727901467468741475902161025599784773556838486008721,42895033871425426684075391771364341956380936013520753029658702259024228054218,0x6b6d71f7dde82e28624acd7bcc2965939a945d2aec5c2721b33d888c6b87c572,True,highest-temperature-in-taipei-on-april-23-2026-34c,83.902666,2026-04-21 04:05:10.327320+00:00,False,True,False,2026-04-23T12:00:00Z,"['0.006', '0.994']",401691,highest-temperature-in-taipei-on-april-23-2026,Highest temperature in Taipei on April 23?
2040446,Will the highest temperature in Taipei be 35°C on April 23?,Yes,No,16514498580084047116661285547236350858748610467492226215296692644056227007505,12636786200652707971550478482737156448573116455941822287648564960480351353361,0xb6cb5e169d6e9ffb12e94ac0cf5d60ec1a45a1b1611ef6c1f753bfe079c07295,True,highest-temperature-in-taipei-on-april-23-2026-35c,287.89966599999997,2026-04-21 04:05:10.432190+00:00,False,True,False,2026-04-23T12:00:00Z,"['0.004', '0.996']",401691,highest-temperature-in-taipei-on-april-23-2026,Highest temperature in Taipei on April 23?
2040447,Will the highest temperature in Taipei be 36°C or higher on April 23?,Yes,No,35070624651782881857171557231876531679096243789528154769774508713514371831518,22883144266614589673805082651762376441345098062083963865389063374623250186571,0xd4c3cd7fafb5db4f65be2d15ab52b77ed2d9f38f302120f5cd111c88daa328ff,True,highest-temperature-in-taipei-on-april-23-2026-36corhigher,372.878,2026-04-21 04:05:10.536319+00:00,False,True,False,2026-04-23T12:00:00Z,"['0.0015', '0.9985']",401691,highest-temperature-in-taipei-on-april-23-2026,Highest temperature in Taipei on April 23?
2040448,Will the highest temperature in Chongqing be 20°C or below on April 23?,Yes,No,5734421425326067275082203514116701471042613380259802927555059772624971102660,106772443181860879968623716703993763178644444889893491424496506790908197170691,0xa32c6d3f346040830870893b04e2af9af16f7bf662324e6857c21be1718a3e78,True,highest-temperature-in-chongqing-on-april-23-2026-20corbelow,125.70646600000002,2026-04-21 04:05:13.869747+00:00,False,True,False,2026-04-23T12:00:00Z,"['0.004', '0.996']",401692,highest-temperature-in-chongqing-on-april-23-2026,Highest temperature in Chongqing on April 23?
2040449,Will the highest temperature in Chongqing be 21°C on April 23?,Yes,No,63986265049123653985373091055246353652875496034072135982608313060473693219937,60488497345279087107634469816056212792776788516482781648392089401782502245523,0xa3684d7822b4225932bb3adc9960a9523024d69532b3305f7e84d8497a8eba98,True,highest-temperature-in-chongqing-on-april-23-2026-21c,136.93572400000002,2026-04-21 04:05:13.978956+00:00,False,True,False,2026-04-23T12:00:00Z,"['0.01', '0.99']",401692,highest-temperature-in-chongqing-on-april-23-2026,Highest temperature in Chongqing on April 23?
2040450,Will the highest temperature in Chongqing be 22°C on April 23?,Yes,No,57816099208120541656830251149106373131112896810875003053320305559225487813761,46714532544261361837411565929240640443435596914580606280838360346509130870173,0x31532f63b62693f163a86fb25b244e49709107c2906ece6aef88cc737c46797c,True,highest-temperature-in-chongqing-on-april-23-2026-22c,394.74221900000003,2026-04-21 04:05:14.085477+00:00,False,True,False,2026-04-23T12:00:00Z,"['0.04', '0.96']",401692,highest-temperature-in-chongqing-on-april-23-2026,Highest temperature in Chongqing on April 23?
2040451,Will the highest temperature in Chongqing be 23°C on April 23?,Yes,No,5949915854387066416324297528270293539341547526376813080726999759483526425949,48983125186756502476294824717523674462049566583041241277036307735408333493999,0xf854527267fe2c432f0a49880236e284cf307d5312acc0c4cae39358df43a2e4,True,highest-temperature-in-chongqing-on-april-23-2026-23c,295.0547880000001,2026-04-21 04:05:14.234432+00:00,False,True,False,2026-04-23T12:00:00Z,"['0.065', '0.935']",401692,highest-temperature-in-chongqing-on-april-23-2026,Highest temperature in Chongqing on April 23?
2040452,Will the highest temperature in Chongqing be 24°C on April 23?,Yes,No,7661215996330243618461306999063743223371539110165238447329523847174015571888,35782587364411872591207907897677480496418020806778588976231193047474487681050,0xed1bea92998f5ac09c223f95a6dd4093a7f01ad2b2738d01e498cd71630b1c82,True,highest-temperature-in-chongqing-on-april-23-2026-24c,24.924951999999998,2026-04-21 04:05:14.392806+00:00,False,True,False,2026-04-23T12:00:00Z,"['0.255', '0.745']",401692,highest-temperature-in-chongqing-on-april-23-2026,Highest temperature in Chongqing on April 23?
2040453,Will the highest temperature in Chongqing be 25°C on April 23?,Yes,No,5781427550494778793886390966959675286585514765509803316386268383083799370768,31225767091669132452444423150208016775887930043096760754618506756349048527695,0x4df9fc5275ccbac191628d428c90f1cbb669eff4ac612d2e434343ea979f94cf,True,highest-temperature-in-chongqing-on-april-23-2026-25c,7.1068999999999996,2026-04-21 04:05:14.520444+00:00,False,True,False,2026-04-23T12:00:00Z,"['0.28', '0.72']",401692,highest-temperature-in-chongqing-on-april-23-2026,Highest temperature in Chongqing on April 23?
2040454,Will the highest temperature in Chongqing be 26°C on April 23?,Yes,No,55385504506763250326089498890496331094528564818826503243385542125349030438498,98842976265166996100166022383661207821684568932299136420708755680208681819214,0xe7016d3bca6e26e04650b7ab0b4544657cf3b0c916ee6b37a6e62c7e06f2758c,True,highest-temperature-in-chongqing-on-april-23-2026-26c,18.264353999999997,2026-04-21 04:05:14.659362+00:00,False,True,False,2026-04-23T12:00:00Z,"['0.27', '0.73']",401692,highest-temperature-in-chongqing-on-april-23-2026,Highest temperature in Chongqing on April 23?
2040455,Will the highest temperature in Chongqing be 27°C on April 23?,Yes,No,37081042002150552995777331336866042499890992185240100554333448449977946728955,104428445978792555119403833691376727919972434180113481403201295254576433658601,0x0b03a82225b290e6d487d2f3fe18c00e6e1ced13e08f0445d06dec236c2d98b3,True,highest-temperature-in-chongqing-on-april-23-2026-27c,15.956665,2026-04-21 04:05:15.080803+00:00,False,True,False,2026-04-23T12:00:00Z,"['0.115', '0.885']",401692,highest-temperature-in-chongqing-on-april-23-2026,Highest temperature in Chongqing on April 23?
2040456,Will the highest temperature in Chongqing be 28°C on April 23?,Yes,No,98541774292087604629710293152390245852525611471435603713740911192386640926891,6103884522396958474757002105131338875005950532688057561877264261001647298940,0xbe7dc7aaff77210e7f5bafe999a21661d60c42670c63f4d5e6d4c8b446daf975,True,highest-temperature-in-chongqing-on-april-23-2026-28c,305.521766,2026-04-21 04:05:15.185881+00:00,False,True,False,2026-04-23T12:00:00Z,"['0.0315', '0.9685']",401692,highest-temperature-in-chongqing-on-april-23-2026,Highest temperature in Chongqing on April 23?
2040457,Will the highest temperature in Chongqing be 29°C on April 23?,Yes,No,65094053195621449233467804371400160386508564658155604992039791123549267471258,83989857448654665446595080066534740780084034160935317867206697128454023442021,0x8ac5c02ba0a1e1a9c2a67a81671262897cc24923d429f261d12b9bc710cdc581,True,highest-temperature-in-chongqing-on-april-23-2026-29c,71.93,2026-04-21 04:05:15.293803+00:00,False,True,False,2026-04-23T12:00:00Z,"['0.0135', '0.9865']",401692,highest-temperature-in-chongqing-on-april-23-2026,Highest temperature in Chongqing on April 23?
2040458,Will the highest temperature in Chongqing be 30°C or higher on April 23?,Yes,No,13501268660295557144598442905135156592609632188040258353975135981119095948447,36515609649629407538143428130853703111293875533261294806107494072731785023436,0x508d25dbebe81d14e26a5b218fc543ae1bcea0df96b5e2c7fbd1ca60f7fcab1e,True,highest-temperature-in-chongqing-on-april-23-2026-30corhigher,100.13371600000002,2026-04-21 04:05:15.400448+00:00,False,True,False,2026-04-23T12:00:00Z,"['0.006', '0.994']",401692,highest-temperature-in-chongqing-on-april-23-2026,Highest temperature in Chongqing on April 23?
2040459,Will the highest temperature in Beijing be 22°C or below on April 23?,Yes,No,32674786019912171705853099082017016364082162278131615091440939077125528544196,109776231613484759234252228456297854314543944964256249025884524592531853603287,0x008d1d108adf0bad105d67ab0ff29278ade2e42a08e0280b7a1e6eff67d286cb,True,highest-temperature-in-beijing-on-april-23-2026-22corbelow,483.46378699999997,2026-04-21 04:05:18.435506+00:00,False,True,False,2026-04-23T12:00:00Z,"['0.017', '0.983']",401693,highest-temperature-in-beijing-on-april-23-2026,Highest temperature in Beijing on April 23?
2040460,Will the highest temperature in Beijing be 23°C on April 23?,Yes,No,8431357715887922335909644548709407739447460978954925257664327098581538020739,35746804231638668172176054531919205287882143216982796742023562343473166255598,0xfc340731150e5452090f7ddecf4b587e33123eefe0bc2e5207dba2ecce958fc5,True,highest-temperature-in-beijing-on-april-23-2026-23c,389.87855500000006,2026-04-21 04:05:18.545114+00:00,False,True,False,2026-04-23T12:00:00Z,"['0.08', '0.92']",401693,highest-temperature-in-beijing-on-april-23-2026,Highest temperature in Beijing on April 23?
2040461,Will the highest temperature in Beijing be 24°C on April 23?,Yes,No,21566447027654051954463647479102067340566578824637319845242246500457092132358,101873034619233436259245993834468038080379433140919411669576507010264733686138,0x0c4871a3e1c3042aea49400e7c91c225a87dde20495d2e33ae0fa630adab3ad9,True,highest-temperature-in-beijing-on-april-23-2026-24c,560.1092929999999,2026-04-21 04:05:18.650257+00:00,False,True,False,2026-04-23T12:00:00Z,"['0.24', '0.76']",401693,highest-temperature-in-beijing-on-april-23-2026,Highest temperature in Beijing on April 23?
2040462,Will the highest temperature in Beijing be 25°C on April 23?,Yes,No,72033450016899973341933790720082434570992368137658691590336749387513473497631,54174983023866885042669242428476937739200196534595110084116373804392499562581,0x2ac0be05d06a8fedc513d54ab1657b29907070a25e51c61cecdcf59f8bc3dc3b,True,highest-temperature-in-beijing-on-april-23-2026-25c,72.224744,2026-04-21 04:05:18.758785+00:00,False,True,False,2026-04-23T12:00:00Z,"['0.3', '0.7']",401693,highest-temperature-in-beijing-on-april-23-2026,Highest temperature in Beijing on April 23?
2040463,Will the highest temperature in Beijing be 26°C on April 23?,Yes,No,37933563478902582162425195984476812400772440332875782415776656924802617667558,70006705579950338758179976576877067604963238906388564155136606989431272327391,0xb353b2242e555d9bc7c0b3cfc3ad72e500c7a434f4b4552bce50eb9af874859d,True,highest-temperature-in-beijing-on-april-23-2026-26c,138.722594,2026-04-21 04:05:18.863091+00:00,False,True,False,2026-04-23T12:00:00Z,"['0.195', '0.805']",401693,highest-temperature-in-beijing-on-april-23-2026,Highest temperature in Beijing on April 23?
2040464,Will the highest temperature in Beijing be 27°C on April 23?,Yes,No,17809211048824649906972188277146605747755810969538471142767925463987772887139,35189894484061584250478220912723579873448430782047774414269676320010317219240,0x26bdd4778645192ac277c7495d19dee2cf15d0b2b6a2b195213be0ccf79ceb19,True,highest-temperature-in-beijing-on-april-23-2026-27c,258.991453,2026-04-21 04:05:18.968627+00:00,False,True,False,2026-04-23T12:00:00Z,"['0.13', '0.87']",401693,highest-temperature-in-beijing-on-april-23-2026,Highest temperature in Beijing on April 23?
2040465,Will the highest temperature in Beijing be 28°C on April 23?,Yes,No,98845413422318989502790341677546777569805315046712949629442344037436882669131,38603480459149834314972449114331955463719265733910970762390467390232999791198,0x6f4b89d77480e1c40dc6093019adbd2bb6c92fb9bdfb8814930ed8e0f656712b,True,highest-temperature-in-beijing-on-april-23-2026-28c,307.89722800000004,2026-04-21 04:05:19.075040+00:00,False,True,False,2026-04-23T12:00:00Z,"['0.055', '0.945']",401693,highest-temperature-in-beijing-on-april-23-2026,Highest temperature in Beijing on April 23?
2040466,Will the highest temperature in Beijing be 29°C on April 23?,Yes,No,13809369871010208136588184303346524858383630445097356825735613280248355810064,35905679202580849022148319106340915467652476387609132789796507291448343602119,0xff60ac6c6634861834af461417ec1ca7f5c614fc6407ef62c4383b56b2340c39,True,highest-temperature-in-beijing-on-april-23-2026-29c,437.486345,2026-04-21 04:05:19.178833+00:00,False,True,False,2026-04-23T12:00:00Z,"['0.016', '0.984']",401693,highest-temperature-in-beijing-on-april-23-2026,Highest temperature in Beijing on April 23?
2040467,Will the highest temperature in Beijing be 30°C on April 23?,Yes,No,11401436555284219455860778407721597995327221756002592391336730515770882897339,44260998969040580837168311987579920722933610239569490187041811670875094746821,0x552e20348abcebd03dc4e04046cb76aa8e32f715944af9893b0257b13ef9efd7,True,highest-temperature-in-beijing-on-april-23-2026-30c,184.88099999999994,2026-04-21 04:05:19.285297+00:00,False,True,False,2026-04-23T12:00:00Z,"['0.0055', '0.9945']",401693,highest-temperature-in-beijing-on-april-23-2026,Highest temperature in Beijing on April 23?
2040468,Will the highest temperature in Beijing be 31°C on April 23?,Yes,No,102758411778519030180806020077247122403180219928988915386640707962066673252494,62965627240843778638415299373450226025940474017042966411032797041502180356880,0xa5334f011583f2989c6418ba93c44ee91cd43031f99ed0cecf7562d2cb64ab90,True,highest-temperature-in-beijing-on-april-23-2026-31c,124.81006599999999,2026-04-21 04:05:19.390890+00:00,False,True,False,2026-04-23T12:00:00Z,"['0.004', '0.996']",401693,highest-temperature-in-beijing-on-april-23-2026,Highest temperature in Beijing on April 23?
2040469,Will the highest temperature in Beijing be 32°C or higher on April 23?,Yes,No,1918285006891543813563894283552143918293891631569974113869711081502921702599,1132314097661411736203150131417939621920954349833043284806067916666745493381,0x3afd3fcc2958cb127f4aec9ab7152f0507b353d95ff7bdb3fb80182e50d55fed,True,highest-temperature-in-beijing-on-april-23-2026-32corhigher,695.771732,2026-04-21 04:05:19.496220+00:00,False,True,False,2026-04-23T12:00:00Z,"['0.005', '0.995']",401693,highest-temperature-in-beijing-on-april-23-2026,Highest temperature in Beijing on April 23?
2040470,Will the highest temperature in Wuhan be 15°C or below on April 23?,Yes,No,40784568660547318301613445952315826598831287051327124670459856200873914834233,8521823626755311635357692980911273699887546241049956326552853221275038921681,0x77c889cc840346d9b70fd380b93d6db9de1b85a2c66889edae091ff99a2bed0c,True,highest-temperature-in-wuhan-on-april-23-2026-15corbelow,459.287362,2026-04-21 04:05:22.516439+00:00,False,True,False,2026-04-23T12:00:00Z,"['0.011', '0.989']",401694,highest-temperature-in-wuhan-on-april-23-2026,Highest temperature in Wuhan on April 23?
2040471,Will the highest temperature in Wuhan be 16°C on April 23?,Yes,No,14568289577175736078443151520676305230649944507256871906194866597849527073651,86436580513930962962070909593186270578515748335052213287418651606302576900372,0x3ca59da1d6ab99b89911ea425a1bad4b053e8d8bb435440cf9088614387af16e,True,highest-temperature-in-wuhan-on-april-23-2026-16c,183.01412000000002,2026-04-21 04:05:22.669079+00:00,False,True,False,2026-04-23T12:00:00Z,"['0.035', '0.965']",401694,highest-temperature-in-wuhan-on-april-23-2026,Highest temperature in Wuhan on April 23?
2040472,Will the highest temperature in Wuhan be 17°C on April 23?,Yes,No,82505090888733341068616521215071225898909209799912830799836246311851394907083,31905592137569344256455665047659377052346882268829195624226497583987972286947,0x6d47b7191c399b459f5415c167a5264bd6b26b48e433f67268471e2f166465fe,True,highest-temperature-in-wuhan-on-april-23-2026-17c,36.92,2026-04-21 04:05:22.823983+00:00,False,True,False,2026-04-23T12:00:00Z,"['0.055', '0.945']",401694,highest-temperature-in-wuhan-on-april-23-2026,Highest temperature in Wuhan on April 23?
2040473,Will the highest temperature in Wuhan be 18°C on April 23?,Yes,No,24265604403951104091101282822296529478201335889686105982031111770713487506470,19438565749557930280421863673782315893473501779340360515075898061552994485735,0x17f3aa1bd8b4d64c4f720e8a31435227d8ae85824eb3cdff8fce8e1b04b0eb52,True,highest-temperature-in-wuhan-on-april-23-2026-18c,127.87999999999998,2026-04-21 04:05:22.977645+00:00,False,True,False,2026-04-23T12:00:00Z,"['0.29', '0.71']",401694,highest-temperature-in-wuhan-on-april-23-2026,Highest temperature in Wuhan on April 23?
2040474,Will the highest temperature in Wuhan be 19°C on April 23?,Yes,No,75449729255555373859744363306436772577479945418742797376741589022898224490967,97497539160776962726240191646360013454025775665340358671900021756246693146600,0xf130de77253030572bb665ff48a5df69d0f90caf347e56d74f6a27b33a5471dc,True,highest-temperature-in-wuhan-on-april-23-2026-19c,73.929756,2026-04-21 04:05:23.131530+00:00,False,True,False,2026-04-23T12:00:00Z,"['0.32', '0.68']",401694,highest-temperature-in-wuhan-on-april-23-2026,Highest temperature in Wuhan on April 23?
2040475,Will the highest temperature in Wuhan be 20°C on April 23?,Yes,No,1992690022440749467328272758515398577852187317670771464640461097115295602108,72439025171595467360185049387942752002454028241060746854793960313640115739369,0xddc6c2dce9a9b28d4d23e9c38be3abdbcdcbaf276eabcb87e4e2353b5f7a52ca,True,highest-temperature-in-wuhan-on-april-23-2026-20c,31.970000000000006,2026-04-21 04:05:23.285793+00:00,False,True,False,2026-04-23T12:00:00Z,"['0.18', '0.82']",401694,highest-temperature-in-wuhan-on-april-23-2026,Highest temperature in Wuhan on April 23?
2040476,Will the highest temperature in Wuhan be 21°C on April 23?,Yes,No,82523352103539709437902876872488370023020288787958480344674116643669452888667,36780173972326565205339771509372656867406295300056273482920926616282756140432,0x4c845eb468f89f26deaadc29646ddca2e4bf57cd392c0fa13debc5952e24aed7,True,highest-temperature-in-wuhan-on-april-23-2026-21c,40.2,2026-04-21 04:05:23.442025+00:00,False,True,False,2026-04-23T12:00:00Z,"['0.11', '0.89']",401694,highest-temperature-in-wuhan-on-april-23-2026,Highest temperature in Wuhan on April 23?
2040477,Will the highest temperature in Wuhan be 22°C on April 23?,Yes,No,59379335819359709940058803417816272212930670540954149748331259031507526084235,51202004898699829750897132815790044780310886963592560216156077450333799896697,0x670360ff8859293a6ccc1389cac7b2dfe9641a14c63f9fe7ec856ef75f62d770,True,highest-temperature-in-wuhan-on-april-23-2026-22c,92.75800000000001,2026-04-21 04:05:23.596502+00:00,False,True,False,2026-04-23T12:00:00Z,"['0.04', '0.96']",401694,highest-temperature-in-wuhan-on-april-23-2026,Highest temperature in Wuhan on April 23?
2040478,Will the highest temperature in Wuhan be 23°C on April 23?,Yes,No,24066517953169855186279517624076625179620208802699202221850307894064226602152,79578350643375814498006562634879879286198511085883106217688252612325339201037,0xa66cec668f9f5813554bcf358d154b60601635930c0b5c9126780f9c2ecca949,True,highest-temperature-in-wuhan-on-april-23-2026-23c,284.05,2026-04-21 04:05:23.753018+00:00,False,True,False,2026-04-23T12:00:00Z,"['0.0145', '0.9855']",401694,highest-temperature-in-wuhan-on-april-23-2026,Highest temperature in Wuhan on April 23?
2040479,Will the highest temperature in Wuhan be 24°C on April 23?,Yes,No,63361354745539387619945341673691934952545422566602892644243523045144925048899,12687767381973956818483232576115856023612541857428351710100005348631285049535,0x72e3426c707ec5459f3fb0fdd09ee0299e67862e00af5c7cbf24f17cec3212d9,True,highest-temperature-in-wuhan-on-april-23-2026-24c,97.58080000000002,2026-04-21 04:05:23.912847+00:00,False,True,False,2026-04-23T12:00:00Z,"['0.006', '0.994']",401694,highest-temperature-in-wuhan-on-april-23-2026,Highest temperature in Wuhan on April 23?
2040480,Will the highest temperature in Wuhan be 25°C or higher on April 23?,Yes,No,74163906215897948913009927762338988761082238386900588121120801765148626994218,33692826465999435986139703357136367655303682461015880872871912536310578528806,0xa9dffa700445799d82fd91f8af63a7afb2c9967c290f1e98f54ac3708ce6d185,True,highest-temperature-in-wuhan-on-april-23-2026-25corhigher,132.11431600000003,2026-04-21 04:05:24.068077+00:00,False,True,False,2026-04-23T12:00:00Z,"['0.006', '0.994']",401694,highest-temperature-in-wuhan-on-april-23-2026,Highest temperature in Wuhan on April 23?
2040481,Will the highest temperature in Chengdu be 21°C or below on April 23?,Yes,No,28715182860793015051016494984988177791542208835152530918727291404358912208314,51660199727900257093711085128055415665367970578285279513825947055857542813949,0x6a65b16c2056ada3eef6eb69260f799fee4c40347cc5c2b8e8e87f233b9aed2a,True,highest-temperature-in-chengdu-on-april-23-2026-21corbelow,469.058,2026-04-21 04:05:27.339631+00:00,False,True,False,2026-04-23T12:00:00Z,"['0.0055', '0.9945']",401695,highest-temperature-in-chengdu-on-april-23-2026,Highest temperature in Chengdu on April 23?
2040482,Will the highest temperature in Chengdu be 22°C on April 23?,Yes,No,52814765631809393665390323091775987284342811959439575148128211545609187542184,78473641404021964407548960928241953841901719106958092029856097447099263849841,0x903ae8878e7d315aa96adbdf6aa4dbf610550e4ca10aab2d3e208be067619e47,True,highest-temperature-in-chengdu-on-april-23-2026-22c,853.9059,2026-04-21 04:05:27.785876+00:00,False,True,False,2026-04-23T12:00:00Z,"['0.006', '0.994']",401695,highest-temperature-in-chengdu-on-april-23-2026,Highest temperature in Chengdu on April 23?
2040483,Will the highest temperature in Chengdu be 23°C on April 23?,Yes,No,112354085899954250787637239748675540733028723740712771963505895561520893221074,76336950909542629028621854629004958196683383273555826370389781395318382329897,0xe9f08973b1ea192ec380f2189a18694d2a0d7bc95a38100955f9c78263d84e55,True,highest-temperature-in-chengdu-on-april-23-2026-23c,507.6593250000001,2026-04-21 04:05:27.892180+00:00,False,True,False,2026-04-23T12:00:00Z,"['0.006', '0.994']",401695,highest-temperature-in-chengdu-on-april-23-2026,Highest temperature in Chengdu on April 23?
2040484,Will the highest temperature in Chengdu be 24°C on April 23?,Yes,No,29794923764258942897191981306797006146448319427045070024896300128834172426114,67043012412098055614046451384343192911409337066987559691113147584096428345048,0xd725d762890e88fcf6417efe5d60c195702b3e66a325c2f6e9a5505162af5e6d,True,highest-temperature-in-chengdu-on-april-23-2026-24c,222.96176200000005,2026-04-21 04:05:28.001741+00:00,False,True,False,2026-04-23T12:00:00Z,"['0.0145', '0.9855']",401695,highest-temperature-in-chengdu-on-april-23-2026,Highest temperature in Chengdu on April 23?
2040485,Will the highest temperature in Chengdu be 25°C on April 23?,Yes,No,2304308894679109804540464371547462130360625923972200229729891281505174443827,36717229855175808342707082808467776942082033821007873600515456677617286515221,0x10fda892b8af246595cfa6dff9be6338d7f66e03c9afb302be5dfbf9963be129,True,highest-temperature-in-chengdu-on-april-23-2026-25c,109.61017799999999,2026-04-21 04:05:28.106572+00:00,False,True,False,2026-04-23T12:00:00Z,"['0.075', '0.925']",401695,highest-temperature-in-chengdu-on-april-23-2026,Highest temperature in Chengdu on April 23?
2040486,Will the highest temperature in Chengdu be 26°C on April 23?,Yes,No,100154506433658126202004762318945628848448873934650582150237629638179944582694,9909417050416502834787088956042186992362235295206819700625330960283937920466,0x3de5a6211212e3707ed3835aa3618edb283b2921dcb4ff29137804661e9e7f09,True,highest-temperature-in-chengdu-on-april-23-2026-26c,85.05671,2026-04-21 04:05:28.211921+00:00,False,True,False,2026-04-23T12:00:00Z,"['0.155', '0.845']",401695,highest-temperature-in-chengdu-on-april-23-2026,Highest temperature in Chengdu on April 23?
2040487,Will the highest temperature in Chengdu be 27°C on April 23?,Yes,No,13717090918065663966217691838560765306149351053440386901274793613484815979810,100201457381811764326910659908239993336666713332804993417062843039245857710188,0xd1deb130603d072e5c674150f27cd662dac48a1849f9844a3a10a885d736b01f,True,highest-temperature-in-chengdu-on-april-23-2026-27c,43.196753,2026-04-21 04:05:28.315667+00:00,False,True,False,2026-04-23T12:00:00Z,"['0.29', '0.71']",401695,highest-temperature-in-chengdu-on-april-23-2026,Highest temperature in Chengdu on April 23?
2040488,Will the highest temperature in Chengdu be 28°C on April 23?,Yes,No,3120533183939778673101360384711950159719204757234439381499897347501152729330,96764716245604486037115844121332528585687398171086920145098341822940091525755,0x5ab560c9f06fb9b058e737841215a668f96888896869d0986196ad0bf8d73d8c,True,highest-temperature-in-chengdu-on-april-23-2026-28c,131.353188,2026-04-21 04:05:28.421506+00:00,False,True,False,2026-04-23T12:00:00Z,"['0.275', '0.725']",401695,highest-temperature-in-chengdu-on-april-23-2026,Highest temperature in Chengdu on April 23?
2040489,Will the highest temperature in Chengdu be 29°C on April 23?,Yes,No,105902593071440658474015153178781264216306272470308869216804885034410917899233,96394798944953614098967292202851771482640704766020605232528737962291219854179,0x6a29a51a1d58e5053e8d6ac2aadb43804f8e9ea0126b9880e78dbc107ec55dd0,True,highest-temperature-in-chengdu-on-april-23-2026-29c,293.373897,2026-04-21 04:05:28.529235+00:00,False,True,False,2026-04-23T12:00:00Z,"['0.165', '0.835']",401695,highest-temperature-in-chengdu-on-april-23-2026,Highest temperature in Chengdu on April 23?
2040490,Will the highest temperature in Chengdu be 30°C on April 23?,Yes,No,59123841161560989679626387467093387516740191419885503178559185988318972841220,34946116853828330780359617563999792084378752446145611604650386109016816635961,0x0b6bbf3e50537c56619d30c308e373ab7c51e54933760d2601d4d080be79dddc,True,highest-temperature-in-chengdu-on-april-23-2026-30c,158.724933,2026-04-21 04:05:28.636729+00:00,False,True,False,2026-04-23T12:00:00Z,"['0.055', '0.945']",401695,highest-temperature-in-chengdu-on-april-23-2026,Highest temperature in Chengdu on April 23?
2040491,Will the highest temperature in Chengdu be 31°C or higher on April 23?,Yes,No,51650835457028193571461334162593898713852457780012073451806420909838173919248,111159230033007614645461728385817497591748853670860416507159607947098469171828,0x8cb197fbe97b95d8323117a8ececc0c3397a7ee1a13c98ab2572b0611ca2617f,True,highest-temperature-in-chengdu-on-april-23-2026-31corhigher,504.77540000000005,2026-04-21 04:05:28.741351+00:00,False,True,False,2026-04-23T12:00:00Z,"['0.04', '0.96']",401695,highest-temperature-in-chengdu-on-april-23-2026,Highest temperature in Chengdu on April 23?
2040492,Will the highest temperature in Shenzhen be 23°C or below on April 23?,Yes,No,12656138450063510576709428896943199415107905729338643594429246868919328605907,61900854687375306894206752676669797747869342291581193349812702947899461899530,0x9c48a2beb5f9cb3586f039793d588db2b1d2970ced83df9db62bab83e8b0c306,True,highest-temperature-in-shenzhen-on-april-23-2026-23corbelow,1078.8470629999995,2026-04-21 04:05:31.768556+00:00,False,True,False,2026-04-23T12:00:00Z,"['0.008', '0.992']",401696,highest-temperature-in-shenzhen-on-april-23-2026,Highest temperature in Shenzhen on April 23?
2040493,Will the highest temperature in Shenzhen be 24°C on April 23?,Yes,No,74963485424866891158602953072004189781891168637996843363684267254201884532173,107172140817500402080981349949552156455521280284711688206172772793144468195231,0xcabf6f8e4f17b46afca3152a56316825c9c603b8f2e3a4a3d893ebcf4c3755c0,True,highest-temperature-in-shenzhen-on-april-23-2026-24c,377.215298,2026-04-21 04:05:31.875536+00:00,False,True,False,2026-04-23T12:00:00Z,"['0.025', '0.975']",401696,highest-temperature-in-shenzhen-on-april-23-2026,Highest temperature in Shenzhen on April 23?
2040494,Will the highest temperature in Shenzhen be 25°C on April 23?,Yes,No,12074450264665612618309956410045300917284532834171401682233668536383683078383,25445249142000665199296577334431537847565865119271249863612904267659486336060,0xf2bd6d5c9cfecf694a77d34f9eb6577431dabf252f07494d6216a91dcbb5db16,True,highest-temperature-in-shenzhen-on-april-23-2026-25c,18.6842,2026-04-21 04:05:31.980973+00:00,False,True,False,2026-04-23T12:00:00Z,"['0.075', '0.925']",401696,highest-temperature-in-shenzhen-on-april-23-2026,Highest temperature in Shenzhen on April 23?
2040495,Will the highest temperature in Shenzhen be 26°C on April 23?,Yes,No,44485411081612422259470477997540527317993724597817809161727481027436205221163,69563665159054203373600599468810071300815570677929522104629277460643828860982,0x31225959586dc655ca4c59cb0a7611a4acfd3c374a845d9705e7e97ed5dfb16f,True,highest-temperature-in-shenzhen-on-april-23-2026-26c,346.183021,2026-04-21 04:05:32.086904+00:00,False,True,False,2026-04-23T12:00:00Z,"['0.22', '0.78']",401696,highest-temperature-in-shenzhen-on-april-23-2026,Highest temperature in Shenzhen on April 23?
2040496,Will the highest temperature in Shenzhen be 27°C on April 23?,Yes,No,63698619713627576552219229091059103892001431752985949467421832049376832580238,63032763003279150805852340002640819680564900029355536911506654655937182831231,0x03867cfdcbd05be70f4e0746f5b2497afc969aada146e96f19bfe001b64158b1,True,highest-temperature-in-shenzhen-on-april-23-2026-27c,238.04646599999998,2026-04-21 04:05:32.193464+00:00,False,True,False,2026-04-23T12:00:00Z,"['0.21', '0.79']",401696,highest-temperature-in-shenzhen-on-april-23-2026,Highest temperature in Shenzhen on April 23?
2040497,Will the highest temperature in Shenzhen be 28°C on April 23?,Yes,No,65098733180478480004419164157752346433820453514287420182960430405677433723939,76813557167757253054899468017161222486074560031632070162778578797164722147367,0xf86afca489c1faac1162b2d9c89dafbabab821e736fdece98e22b496ad7f47ad,True,highest-temperature-in-shenzhen-on-april-23-2026-28c,199.917585,2026-04-21 04:05:32.298120+00:00,False,True,False,2026-04-23T12:00:00Z,"['0.315', '0.685']",401696,highest-temperature-in-shenzhen-on-april-23-2026,Highest temperature in Shenzhen on April 23?
2040498,Will the highest temperature in Shenzhen be 29°C on April 23?,Yes,No,33271201513827037671154634545907626270112125948047169452299948865982335238824,47252734079092596005253828058076156629739597338853762306090768223132504774260,0x4d5f6fa80316ccc7b25e898f6b92ea70cd6b16a7e0b9a031a27bd4139d4e506c,True,highest-temperature-in-shenzhen-on-april-23-2026-29c,288.75889600000005,2026-04-21 04:05:32.401967+00:00,False,True,False,2026-04-23T12:00:00Z,"['0.115', '0.885']",401696,highest-temperature-in-shenzhen-on-april-23-2026,Highest temperature in Shenzhen on April 23?
2040499,Will the highest temperature in Shenzhen be 30°C on April 23?,Yes,No,13935093014773643742303647640859572053028933550312147965632466993905596533684,61627464714330482619509844083939073115059842431747592010949958917224919657902,0xced07308632053ac76a99796085028cd22cf8e5c7e649ed2ff66883b8ddd634a,True,highest-temperature-in-shenzhen-on-april-23-2026-30c,201.08120000000002,2026-04-21 04:05:32.506675+00:00,False,True,False,2026-04-23T12:00:00Z,"['0.05', '0.95']",401696,highest-temperature-in-shenzhen-on-april-23-2026,Highest temperature in Shenzhen on April 23?
2040500,Will the highest temperature in Shenzhen be 31°C on April 23?,Yes,No,103569535726222011113977148288067665506806783566336629926237620290438972716486,94020351184432000054437400666832805317507206691524532909028564218216697339165,0xbdb9f7803f59e341ad7149347f170d2dcfbfb9c0eb396671a98eaefc9cd0eae2,True,highest-temperature-in-shenzhen-on-april-23-2026-31c,52.077818,2026-04-21 04:05:32.611964+00:00,False,True,False,2026-04-23T12:00:00Z,"['0.0405', '0.9595']",401696,highest-temperature-in-shenzhen-on-april-23-2026,Highest temperature in Shenzhen on April 23?
2040501,Will the highest temperature in Shenzhen be 32°C on April 23?,Yes,No,77904458953971843452113974121075528766237456420061986597611818903616366125648,6793649387302336146835636123775598911042518517847176074388831038222569151003,0x119cc9c96e02aa3207907fd3b6210970e3a7b7ff0f728ce42d2b32a6e757be0f,True,highest-temperature-in-shenzhen-on-april-23-2026-32c,441.715,2026-04-21 04:05:32.716875+00:00,False,True,False,2026-04-23T12:00:00Z,"['0.0045', '0.9955']",401696,highest-temperature-in-shenzhen-on-april-23-2026,Highest temperature in Shenzhen on April 23?
2040502,Will the highest temperature in Shenzhen be 33°C or higher on April 23?,Yes,No,63627244749452130231234510894318930288326504027173932314576131230597508837249,45367473274241388656360312715737653452793211355794405063983662690174007012493,0x9c04c28ba7775e867622faf8bdb0eb9ee2198ff70aded98b92901b09d37c48ba,True,highest-temperature-in-shenzhen-on-april-23-2026-33corhigher,400.611,2026-04-21 04:05:32.820963+00:00,False,True,False,2026-04-23T12:00:00Z,"['0.003', '0.997']",401696,highest-temperature-in-shenzhen-on-april-23-2026,Highest temperature in Shenzhen on April 23?
2040503,Will the highest temperature in Austin be 51°F or below on April 23?,Yes,No,92727631891841101643620928779950541240111670786619376119914288250171702853688,14232170859793666026819189538318012748622779057717837841146329502367997844452,0x48a1460605aa199dc5000f3a6ec1fd2a4d72cadff3857ccb03c0a69e352f50ac,True,highest-temperature-in-austin-on-april-23-2026-51forbelow,607.4590000000001,2026-04-21 04:05:36.036629+00:00,False,True,False,2026-04-23T12:00:00Z,"['0.0005', '0.9995']",401697,highest-temperature-in-austin-on-april-23-2026,Highest temperature in Austin on April 23?
2040504,Will the highest temperature in Austin be between 52-53°F on April 23?,Yes,No,26235831550881203259744255849270833326941234428862696463210430411607285577566,14604974985787710639250676289745071261597965404910108236653046342020614760122,0x9ff7b66d634baf2fe366912364a63e38d4466a02e32958c0508ba3d270241776,True,highest-temperature-in-austin-on-april-23-2026-52-53f,920.8059999999999,2026-04-21 04:05:36.147480+00:00,False,True,False,2026-04-23T12:00:00Z,"['0.0045', '0.9955']",401697,highest-temperature-in-austin-on-april-23-2026,Highest temperature in Austin on April 23?
2040505,Will the highest temperature in Austin be between 54-55°F on April 23?,Yes,No,98173588861720619673841950105034153197658009589443707963944187664146788846162,35735206475920516545802556066942002874282668094054569507350906470765917000660,0xb6c42a215f436dd890ac6f80a7d2267900a704ca9f832c9fc1eec3abea1c97ad,True,highest-temperature-in-austin-on-april-23-2026-54-55f,985.5899999999999,2026-04-21 04:05:36.253640+00:00,False,True,False,2026-04-23T12:00:00Z,"['0.0005', '0.9995']",401697,highest-temperature-in-austin-on-april-23-2026,Highest temperature in Austin on April 23?
2040506,Will the highest temperature in Austin be between 56-57°F on April 23?,Yes,No,76981233071334122706956103856978318230210547202291748656480810517552772611319,92385807823752596033234500879054648810411096736832688893425975355230969582638,0x39aa6d29679739a5796d819650856e18f58a0953bfdef8f6e709769bb4837c75,True,highest-temperature-in-austin-on-april-23-2026-56-57f,1030.817,2026-04-21 04:05:36.359866+00:00,False,True,False,2026-04-23T12:00:00Z,"['0.001', '0.999']",401697,highest-temperature-in-austin-on-april-23-2026,Highest temperature in Austin on April 23?
2040507,Will the highest temperature in Austin be between 58-59°F on April 23?,Yes,No,87274258480265048376409089769650598467845636461556210096503480461398918730354,95570567616383756026386688857799032865984153748251863476174012261748752040806,0x98599df69d1f2dff00c0780b157562c91d629f003970dbb846aacafb4e7fd61d,True,highest-temperature-in-austin-on-april-23-2026-58-59f,733.057,2026-04-21 04:05:36.463361+00:00,False,True,False,2026-04-23T12:00:00Z,"['0.0045', '0.9955']",401697,highest-temperature-in-austin-on-april-23-2026,Highest temperature in Austin on April 23?
2040508,Will the highest temperature in Austin be between 60-61°F on April 23?,Yes,No,66559822878461054648028277172246944190227442159844844203160086952335395097932,1947237683915645474868978275595809786655692453390835738653717080966848236182,0x49b1b8eca3615e0c20dff1311185b038c2b577eca5a893174de19a7be6f54461,True,highest-temperature-in-austin-on-april-23-2026-60-61f,519.975,2026-04-21 04:05:36.571534+00:00,False,True,False,2026-04-23T12:00:00Z,"['0.0005', '0.9995']",401697,highest-temperature-in-austin-on-april-23-2026,Highest temperature in Austin on April 23?
2040509,Will the highest temperature in Austin be between 62-63°F on April 23?,Yes,No,45399024641486626504289753064103574085428801946609107623997792079500064980929,108973485168550166603306215528149078612129678812687979627364421082785191289188,0x85a2763c9cbaf988d77f4f9abbdfa75bbef0d9307e506474185316f0c9db1e0d,True,highest-temperature-in-austin-on-april-23-2026-62-63f,775.944,2026-04-21 04:05:36.675445+00:00,False,True,False,2026-04-23T12:00:00Z,"['0.0015', '0.9985']",401697,highest-temperature-in-austin-on-april-23-2026,Highest temperature in Austin on April 23?
2040510,Will the highest temperature in Austin be between 64-65°F on April 23?,Yes,No,10578126430621609247981125333153163268161150587667728089084154805394364641237,74823877371573005182688086406005338126107235318137824360679373248032753415598,0x8d0c550ef7342a948ffa74e14563e51c9dde9ced5a6a92b0a89fade613ff0413,True,highest-temperature-in-austin-on-april-23-2026-64-65f,1101.4939999999997,2026-04-21 04:05:37.070078+00:00,False,True,False,2026-04-23T12:00:00Z,"['0.0005', '0.9995']",401697,highest-temperature-in-austin-on-april-23-2026,Highest temperature in Austin on April 23?
2040511,Will the highest temperature in Austin be between 66-67°F on April 23?,Yes,No,90622953213220368510780741622165355051180988275535613826681822164529732135429,90092061738706234147357917454411177773885913817174572941419245027493498860528,0xfd96db7208d882e6f241805713782583dc2478a2e25e5bb2aee0012e896dbdae,True,highest-temperature-in-austin-on-april-23-2026-66-67f,2201.5499999999997,2026-04-21 04:05:37.176938+00:00,False,True,False,2026-04-23T12:00:00Z,"['0.0005', '0.9995']",401697,highest-temperature-in-austin-on-april-23-2026,Highest temperature in Austin on April 23?
2040512,Will the highest temperature in Austin be between 68-69°F on April 23?,Yes,No,46969645435380451821531069464399024594675878346490437841471594443095369552551,3325532323839951120554855485191490859373885955321523905608795432268659965400,0xc2dbbd0c89717303a30025982fb033c059cc04152565cd0958a3454d80ab6cb3,True,highest-temperature-in-austin-on-april-23-2026-68-69f,2212.5649000000003,2026-04-21 04:05:37.282927+00:00,False,True,False,2026-04-23T12:00:00Z,"['0.0005', '0.9995']",401697,highest-temperature-in-austin-on-april-23-2026,Highest temperature in Austin on April 23?
2040513,Will the highest temperature in Austin be 70°F or higher on April 23?,Yes,No,46350553603518764951616975910207331419070865831419636740087070732198463350227,66832013646762207004166553392622941405491109362014499335926388055543586391606,0x3b73ab4f5d2f2713fdcd3850ea07d8f3cdd0c796603161e246197552f24f260e,True,highest-temperature-in-austin-on-april-23-2026-70forhigher,6700.449282999999,2026-04-21 04:05:37.388603+00:00,False,True,False,2026-04-23T12:00:00Z,"['0.992', '0.008']",401697,highest-temperature-in-austin-on-april-23-2026,Highest temperature in Austin on April 23?
2040514,Will the highest temperature in Denver be 49°F or below on April 23?,Yes,No,70256957973978831331129737656132999395314228594070923585763529339738800333291,1630388573221634018406715923179182453976929934837693440763662760485995480129,0x10aeed73011dadd4881bdf20537df88d26e4bfb7c3eb2f1d5fe98c8bdf10afa7,True,highest-temperature-in-denver-on-april-23-2026-49forbelow,486.805,2026-04-21 04:05:40.891591+00:00,False,True,False,2026-04-23T12:00:00Z,"['0.0035', '0.9965']",401698,highest-temperature-in-denver-on-april-23-2026,Highest temperature in Denver on April 23?
2040515,Will the highest temperature in Denver be between 50-51°F on April 23?,Yes,No,24166363266348946547811285427122918577199409994556699152446939025828806599135,8477746187291673822358933290162841362168689366631949524560146784985607140104,0xa2c07386b7e79eba398fb920bd1085eb50ed56bb28ec1e65dd2b9f40e030ca53,True,highest-temperature-in-denver-on-april-23-2026-50-51f,343.32300000000004,2026-04-21 04:05:41.000019+00:00,False,True,False,2026-04-23T12:00:00Z,"['0.0035', '0.9965']",401698,highest-temperature-in-denver-on-april-23-2026,Highest temperature in Denver on April 23?
2040516,Will the highest temperature in Denver be between 52-53°F on April 23?,Yes,No,67021812431727883317277872115426977638127777054284281630679504075684411163514,9650516286724670382233972982806084572370473592922818876620453501428355643487,0xd9c778f9c8eb9568edb2846ede4140a5fc7d620e84a564677c3e0bcc24953e3e,True,highest-temperature-in-denver-on-april-23-2026-52-53f,485.6501,2026-04-21 04:05:41.105972+00:00,False,True,False,2026-04-23T12:00:00Z,"['0.0045', '0.9955']",401698,highest-temperature-in-denver-on-april-23-2026,Highest temperature in Denver on April 23?
2040517,Will the highest temperature in Denver be between 54-55°F on April 23?,Yes,No,87903425016402633814909370351991425081017916938145585532298472893007288250576,38984001720583122132897855796842341429173349627241920948159745483424991521572,0x268bb3dddb5c2690bfeb8142e9bfff6eee5c19756fdf3098d5a9aff669437f65,True,highest-temperature-in-denver-on-april-23-2026-54-55f,330.94500000000005,2026-04-21 04:05:41.211884+00:00,False,True,False,2026-04-23T12:00:00Z,"['0.003', '0.997']",401698,highest-temperature-in-denver-on-april-23-2026,Highest temperature in Denver on April 23?
2040518,Will the highest temperature in Denver be between 56-57°F on April 23?,Yes,No,38716265192954171010628896807507428213314510578104140928691177366817041804948,68840043894569256439370772005249792448823208488138131968408884186870435919287,0x75361d6be899c6f7b5cf0865dc4f89d06d65b2cb79e49478262933701c93f087,True,highest-temperature-in-denver-on-april-23-2026-56-57f,123.70490000000001,2026-04-21 04:05:41.318582+00:00,False,True,False,2026-04-23T12:00:00Z,"['0.008', '0.992']",401698,highest-temperature-in-denver-on-april-23-2026,Highest temperature in Denver on April 23?
2040519,Will the highest temperature in Denver be between 58-59°F on April 23?,Yes,No,51748206754187778861890934127874660984349041265930413215121093007798499458730,83661678687849270112654462282744565420364450058307879060940169324599852042150,0xacfd274d63836001ac608487c4ec1cc6004b622c65d494f4a07bd7d9c1da1922,True,highest-temperature-in-denver-on-april-23-2026-58-59f,180.784714,2026-04-21 04:05:41.422586+00:00,False,True,False,2026-04-23T12:00:00Z,"['0.0205', '0.9795']",401698,highest-temperature-in-denver-on-april-23-2026,Highest temperature in Denver on April 23?
2040520,Will the highest temperature in Denver be between 60-61°F on April 23?,Yes,No,3515974214655324684736900043917019209322546399282630913324823421596038392790,92458151478632256834176226345352513819914165890206387372845823225473902784876,0xa559e0b2af9073fbf246b22ac9ddecca73b67609afd8d86dfaa09a6f46fd6a7c,True,highest-temperature-in-denver-on-april-23-2026-60-61f,169.70730800000004,2026-04-21 04:05:41.529347+00:00,False,True,False,2026-04-23T12:00:00Z,"['0.041', '0.959']",401698,highest-temperature-in-denver-on-april-23-2026,Highest temperature in Denver on April 23?
2040521,Will the highest temperature in Denver be between 62-63°F on April 23?,Yes,No,93016755208232612665873582315841205169728301586363645236671166735937532402275,52875382138105195599202608793120953897689783385330313801678503850189158752011,0x98cbb9493c8098feec5d5884012e0505ca0c6e1c778b4b25b0ffb066eb6f04da,True,highest-temperature-in-denver-on-april-23-2026-62-63f,152.87139,2026-04-21 04:05:41.633548+00:00,False,True,False,2026-04-23T12:00:00Z,"['0.18', '0.82']",401698,highest-temperature-in-denver-on-april-23-2026,Highest temperature in Denver on April 23?
2040522,Will the highest temperature in Denver be between 64-65°F on April 23?,Yes,No,96295772653048927942620578543227695301646347254446471581880009633604783938766,44918965167783313886298004853434711803053968654493675677877095321806025276230,0x4af90c49c25d4e39dff40198b00b8859c197cfcd97bb2add7e0af334339d8329,True,highest-temperature-in-denver-on-april-23-2026-64-65f,161.54338400000003,2026-04-21 04:05:41.740015+00:00,False,True,False,2026-04-23T12:00:00Z,"['0.285', '0.715']",401698,highest-temperature-in-denver-on-april-23-2026,Highest temperature in Denver on April 23?
2040523,Will the highest temperature in Denver be between 66-67°F on April 23?,Yes,No,105171244968466480753591761487717184637711450100779576094760545845260711031265,3723766824097823285571873264108530802260088698765357555118847062569158718583,0x7803b0d7b094718c49dfe45bfeee40fd847e93beff5daca38ba2465eee72c9c1,True,highest-temperature-in-denver-on-april-23-2026-66-67f,322.44564799999995,2026-04-21 04:05:41.843220+00:00,False,True,False,2026-04-23T12:00:00Z,"['0.24', '0.76']",401698,highest-temperature-in-denver-on-april-23-2026,Highest temperature in Denver on April 23?
2040524,Will the highest temperature in Denver be 68°F or higher on April 23?,Yes,No,91238706358089992446243143205164172189077676835641799508991294580989146971704,110521936944392235838108576600671340610930478241680209767146706110738163957308,0x0f7e466744b8d94fa22ca08e63e1c5dc3f033a95903912f3073467c5475b97f9,True,highest-temperature-in-denver-on-april-23-2026-68forhigher,417.66267300000004,2026-04-21 04:05:41.948595+00:00,False,True,False,2026-04-23T12:00:00Z,"['0.28', '0.72']",401698,highest-temperature-in-denver-on-april-23-2026,Highest temperature in Denver on April 23?
2040525,Will the highest temperature in Houston be 57°F or below on April 23?,Yes,No,26558425439916757798923578652189210585943344087692668861263431502153807416494,67660972301037722565141556536051511930903476592382466822757799564016429350511,0xf276e1eabbff1dd234cd8ff092a37295d8ee4978215f24b45cafebc561d54ba6,True,highest-temperature-in-houston-on-april-23-2026-57forbelow,233.16475,2026-04-21 04:05:45.046564+00:00,False,True,False,2026-04-23T12:00:00Z,"['0.002', '0.998']",401699,highest-temperature-in-houston-on-april-23-2026,Highest temperature in Houston on April 23?
2040526,Will the highest temperature in Houston be between 58-59°F on April 23?,Yes,No,75070343201483796110003363525988380067389114123259069414085415781702784734481,56106429997442372421460365544739687555362936869713952733752873120869938337907,0xb6839c84599a5de3c9c2906f791099744a957f35c0483033aeb59501fdd9d407,True,highest-temperature-in-houston-on-april-23-2026-58-59f,582.5089999999999,2026-04-21 04:05:45.155549+00:00,False,True,False,2026-04-23T12:00:00Z,"['0.0015', '0.9985']",401699,highest-temperature-in-houston-on-april-23-2026,Highest temperature in Houston on April 23?
2040527,Will the highest temperature in Houston be between 60-61°F on April 23?,Yes,No,49022485897234254529517924279149905125723690173672055188983517082193411253847,85576205339354399999415381593791470357241198998762328554903746055015264861178,0x046a00d481c31f78ef48edc5c4c6509eefa89cfc4ef419b67d26ba4577106fd2,True,highest-temperature-in-houston-on-april-23-2026-60-61f,183.09,2026-04-21 04:05:45.259755+00:00,False,True,False,2026-04-23T12:00:00Z,"['0.002', '0.998']",401699,highest-temperature-in-houston-on-april-23-2026,Highest temperature in Houston on April 23?
2040528,Will the highest temperature in Houston be between 62-63°F on April 23?,Yes,No,59974877670529869709984457928531381390352132258860183364328192514356291447825,7374281723226554710379472554833591345943742662917704118476458179008978475760,0xd526e27c7124acb9752ddf6f4dd0ce0ccec89a0985ddf2073f4d90600c036259,True,highest-temperature-in-houston-on-april-23-2026-62-63f,183.09,2026-04-21 04:05:45.548135+00:00,False,True,False,2026-04-23T12:00:00Z,"['0.0015', '0.9985']",401699,highest-temperature-in-houston-on-april-23-2026,Highest temperature in Houston on April 23?
2040529,Will the highest temperature in Houston be between 64-65°F on April 23?,Yes,No,90393498404846093082928994505160112288991887145097654599342514283024186260842,18460477821473288265052667300323690436802617410534670208957605685204153797550,0x4ccdcda6058d5bca48f31cb5842ec652d6999c07a75e7ae8832b0f8784188736,True,highest-temperature-in-houston-on-april-23-2026-64-65f,242.38976599999998,2026-04-21 04:05:45.656894+00:00,False,True,False,2026-04-23T12:00:00Z,"['0.002', '0.998']",401699,highest-temperature-in-houston-on-april-23-2026,Highest temperature in Houston on April 23?
2040530,Will the highest temperature in Houston be between 66-67°F on April 23?,Yes,No,43816965973560700048148652975865333024480329963865907327732850244713003731269,23705620203666404812066494465938666180381407575323810798361800895416136582349,0x81d2c43f2181e973e4c25b97631d4e95a97bd6630c160d36b6bdcf9f84a6e575,True,highest-temperature-in-houston-on-april-23-2026-66-67f,1525.739766,2026-04-21 04:05:45.764134+00:00,False,True,False,2026-04-23T12:00:00Z,"['0.004', '0.996']",401699,highest-temperature-in-houston-on-april-23-2026,Highest temperature in Houston on April 23?
2040531,Will the highest temperature in Houston be between 68-69°F on April 23?,Yes,No,61154353214390690547223075202044240567009095325992839041553346124987389215580,53808697712834408248920581706591031162964841992820708884095086465359695238021,0x1b0e671a84916cf46a8269b23ae75438e1fde7c517c79759b8398824f91876ef,True,highest-temperature-in-houston-on-april-23-2026-68-69f,983.4917660000001,2026-04-21 04:05:45.869198+00:00,False,True,False,2026-04-23T12:00:00Z,"['0.0025', '0.9975']",401699,highest-temperature-in-houston-on-april-23-2026,Highest temperature in Houston on April 23?
2040532,Will the highest temperature in Houston be between 70-71°F on April 23?,Yes,No,27534201263474666610060244682671792575559914721389206828340805340357524917043,97753136656201119506191689924439254371488054535616601668142555818983913467773,0x54f86e3a931f1a29dde0a8ff615421eb57914f4839ee03ff42205b3daabf5f71,True,highest-temperature-in-houston-on-april-23-2026-70-71f,364.45,2026-04-21 04:05:45.976307+00:00,False,True,False,2026-04-23T12:00:00Z,"['0.0055', '0.9945']",401699,highest-temperature-in-houston-on-april-23-2026,Highest temperature in Houston on April 23?
2040533,Will the highest temperature in Houston be between 72-73°F on April 23?,Yes,No,3998941744925378806448922552132033162252189309451730134845982228556723310719,44317898424936357424127002869479109750436098936117626173564170225967625989352,0x679111f28160f9118b59af85ccc37f7ee51c1ecbc02a643864a79785bf1585a9,True,highest-temperature-in-houston-on-april-23-2026-72-73f,497.21507899999995,2026-04-21 04:05:46.081864+00:00,False,True,False,2026-04-23T12:00:00Z,"['0.0055', '0.9945']",401699,highest-temperature-in-houston-on-april-23-2026,Highest temperature in Houston on April 23?
2040534,Will the highest temperature in Houston be between 74-75°F on April 23?,Yes,No,84731563974039322186315549291017590826506224087637542135287995663101037188828,67114869392521603948866764879335018328035103027489717205681710045763840992364,0x553257a69356c36fc75f5eaa6a988a2e3871a903fc961e4471ea16c36c62c29d,True,highest-temperature-in-houston-on-april-23-2026-74-75f,823.6605980000007,2026-04-21 04:05:46.189459+00:00,False,True,False,2026-04-23T12:00:00Z,"['0.0085', '0.9915']",401699,highest-temperature-in-houston-on-april-23-2026,Highest temperature in Houston on April 23?
2040535,Will the highest temperature in Houston be 76°F or higher on April 23?,Yes,No,19573920736977947805997901281179224566657256876763500104227338460009833290574,28096470118533633273298068788310811152738342094529255753624648022448765725566,0xe5d212ed39bc5cb9ca319b29e7da5fff7f2ba544def01b2663e6a186d8da47af,True,highest-temperature-in-houston-on-april-23-2026-76forhigher,1095.6721850000001,2026-04-21 04:05:46.293950+00:00,False,True,False,2026-04-23T12:00:00Z,"['0.973', '0.027']",401699,highest-temperature-in-houston-on-april-23-2026,Highest temperature in Houston on April 23?
2040536,Will the highest temperature in Los Angeles be 53°F or below on April 23?,Yes,No,89878587639286105083904427200697147327442049268330858177518005269597589362931,90247564634579519456796679477042574149323940963280406498168255768310656859400,0x8cece2761b1c9b849420461f0bb4c68776d8d9bed36afcbff477e6eba2743d90,True,highest-temperature-in-los-angeles-on-april-23-2026-53forbelow,513.769,2026-04-21 04:05:49.404087+00:00,False,True,False,2026-04-23T12:00:00Z,"['0.0015', '0.9985']",401700,highest-temperature-in-los-angeles-on-april-23-2026,Highest temperature in Los Angeles on April 23?
2040537,Will the highest temperature in Los Angeles be between 54-55°F on April 23?,Yes,No,24531209214309835226633095749785112482327080695875641871918572829307853673449,74882321407364353846094725132288786126248679896815188667437064150301157387981,0xad9aa03a26854b0e39aae0ed9dacef02667d909ab679e8cc69dbe18ed6e930e2,True,highest-temperature-in-los-angeles-on-april-23-2026-54-55f,383.91999999999996,2026-04-21 04:05:49.513506+00:00,False,True,False,2026-04-23T12:00:00Z,"['0.0015', '0.9985']",401700,highest-temperature-in-los-angeles-on-april-23-2026,Highest temperature in Los Angeles on April 23?
2040538,Will the highest temperature in Los Angeles be between 56-57°F on April 23?,Yes,No,23747451211212809319533231415111317790878407306211169776850500929304156642870,105549780220639331072155530511437952788867525780868806124906633230685923345939,0xbbef3d281951627a61e83366722dc90a8dcfcb531874677e5099311ea58ad319,True,highest-temperature-in-los-angeles-on-april-23-2026-56-57f,1477.9097660000002,2026-04-21 04:05:49.621193+00:00,False,True,False,2026-04-23T12:00:00Z,"['0.003', '0.997']",401700,highest-temperature-in-los-angeles-on-april-23-2026,Highest temperature in Los Angeles on April 23?
2040539,Will the highest temperature in Los Angeles be between 58-59°F on April 23?,Yes,No,1877381443094876642172120012975784272910337954302053736528509486155464006707,114519941052683029578517771784634406710211050143931248361270021832530484162954,0xda5589c7d3876dc32cf09cf092d5ad871c28776ce8ef291090cf0babbb1e9a7e,True,highest-temperature-in-los-angeles-on-april-23-2026-58-59f,1295.089766,2026-04-21 04:05:49.728008+00:00,False,True,False,2026-04-23T12:00:00Z,"['0.003', '0.997']",401700,highest-temperature-in-los-angeles-on-april-23-2026,Highest temperature in Los Angeles on April 23?
2040540,Will the highest temperature in Los Angeles be between 60-61°F on April 23?,Yes,No,95190609138013207775645033128602223095513819523709708367105968291265688277672,59917056804159639643564316285796909176022243703609773560968833815305840200888,0x35c6c7d14b378e45ceb3b6c6ba6fbda5e97a57c7ddb9066d8d53550b3f150ea4,True,highest-temperature-in-los-angeles-on-april-23-2026-60-61f,445.09999999999997,2026-04-21 04:05:49.832163+00:00,False,True,False,2026-04-23T12:00:00Z,"['0.0035', '0.9965']",401700,highest-temperature-in-los-angeles-on-april-23-2026,Highest temperature in Los Angeles on April 23?
2040541,Will the highest temperature in Los Angeles be between 62-63°F on April 23?,Yes,No,47292381263810297152024766491292374639273484303767640056067178875589903820847,96887864290570165287316897993829536994601994810801883288882183741008336415239,0xcd0b459d40a8337267066a9e2706b3467402234df626fbb3ec07a811ef3fca98,True,highest-temperature-in-los-angeles-on-april-23-2026-62-63f,687.9200000000001,2026-04-21 04:05:49.941527+00:00,False,True,False,2026-04-23T12:00:00Z,"['0.007', '0.993']",401700,highest-temperature-in-los-angeles-on-april-23-2026,Highest temperature in Los Angeles on April 23?
2040542,Will the highest temperature in Los Angeles be between 64-65°F on April 23?,Yes,No,47537410429122751691412284768661882005699733628099729955549304826351607929030,29704738075530671676119971692175034664074621861349158144254790118870835943520,0xb20c72586e7f8c5bbd1cf0c6c1887a1cc807a8d2262ea5f5cf7571176f1a4de0,True,highest-temperature-in-los-angeles-on-april-23-2026-64-65f,206.9301,2026-04-21 04:05:50.048948+00:00,False,True,False,2026-04-23T12:00:00Z,"['0.014', '0.986']",401700,highest-temperature-in-los-angeles-on-april-23-2026,Highest temperature in Los Angeles on April 23?
2040543,Will the highest temperature in Los Angeles be between 66-67°F on April 23?,Yes,No,104598322792285263285884724570757180631665960463487627391071014893208599303701,98035116463190278721254180030785902592969655478268779557542530078224617873905,0x74c8ecb97a7c3f0c437363744f639a1c837f265501566fbff564e3b4a449ef62,True,highest-temperature-in-los-angeles-on-april-23-2026-66-67f,83.41999999999999,2026-04-21 04:05:50.157734+00:00,False,True,False,2026-04-23T12:00:00Z,"['0.0195', '0.9805']",401700,highest-temperature-in-los-angeles-on-april-23-2026,Highest temperature in Los Angeles on April 23?
2040544,Will the highest temperature in Los Angeles be between 68-69°F on April 23?,Yes,No,34146575629267313353755692001358713832861707125792380143574651589265490961774,92025213358996616574020118665050967417651154828132863326995241021661405678062,0x779c232bc2995c5e3421191fb8c59362d074464c45a5a53fa32e07327f060af0,True,highest-temperature-in-los-angeles-on-april-23-2026-68-69f,135.728064,2026-04-21 04:05:50.264224+00:00,False,True,False,2026-04-23T12:00:00Z,"['0.255', '0.745']",401700,highest-temperature-in-los-angeles-on-april-23-2026,Highest temperature in Los Angeles on April 23?
2040545,Will the highest temperature in Los Angeles be between 70-71°F on April 23?,Yes,No,59703979129252940191673063166479188942603244036279250841887065652261597652734,33928617414892478102155912371488674880407625712961144124379078269009787674859,0x848dbc0eb987d86c3f2f6ece8b1a2128473e72625df3ad3c000f0472ed1dccdd,True,highest-temperature-in-los-angeles-on-april-23-2026-70-71f,261.99073000000004,2026-04-21 04:05:50.370536+00:00,False,True,False,2026-04-23T12:00:00Z,"['0.345', '0.655']",401700,highest-temperature-in-los-angeles-on-april-23-2026,Highest temperature in Los Angeles on April 23?
2040546,Will the highest temperature in Los Angeles be 72°F or higher on April 23?,Yes,No,109101832637353625539762680821700121374480503836162947834924229066266582761851,46277564249169742343654318132038396851264755039540832468783059928641855969055,0x7ce22063b5659acca2ea9debd8fa1b2cf47ab88f9c36ff238dc7f760782b9a5b,True,highest-temperature-in-los-angeles-on-april-23-2026-72forhigher,209.617213,2026-04-21 04:05:50.474355+00:00,False,True,False,2026-04-23T12:00:00Z,"['0.395', '0.605']",401700,highest-temperature-in-los-angeles-on-april-23-2026,Highest temperature in Los Angeles on April 23?
2040547,Will the highest temperature in San Francisco be 47°F or below on April 23?,Yes,No,19812530995390070784639683376641758061894827843889480894540015556655792163103,22664377920859764421292239622277731435632686744429739922336738840476794350948,0xa0f8db19e95882354119003f9c500895a1471b190088a6d77895a3a5b7359923,True,highest-temperature-in-san-francisco-on-april-23-2026-47forbelow,577.98915,2026-04-21 04:05:53.574303+00:00,False,True,False,2026-04-23T12:00:00Z,"['0.0035', '0.9965']",401701,highest-temperature-in-san-francisco-on-april-23-2026,Highest temperature in San Francisco on April 23?
2040548,Will the highest temperature in San Francisco be between 48-49°F on April 23?,Yes,No,75787567906916630668622742091264607982137071875104467230357300775717519556733,1446821423473817531405097266480029387461239254340879646092579528738005604794,0xc96dd96e08ec9034d4816d078de9f82dddad78fd67047d86eeb493a7ff3f336e,True,highest-temperature-in-san-francisco-on-april-23-2026-48-49f,606.5899999999999,2026-04-21 04:05:53.681642+00:00,False,True,False,2026-04-23T12:00:00Z,"['0.0035', '0.9965']",401701,highest-temperature-in-san-francisco-on-april-23-2026,Highest temperature in San Francisco on April 23?
2040549,Will the highest temperature in San Francisco be between 50-51°F on April 23?,Yes,No,72807069249381743537541244596382126238525300759781132637915902561578989317791,25654694494429492416220334236616217819588166940776749407627507001459599107516,0xf46d58c35f459a44c4b9546cbc158e0577e52b3f3acec0a8ba239200729993f3,True,highest-temperature-in-san-francisco-on-april-23-2026-50-51f,565.8571999999999,2026-04-21 04:05:53.786248+00:00,False,True,False,2026-04-23T12:00:00Z,"['0.004', '0.996']",401701,highest-temperature-in-san-francisco-on-april-23-2026,Highest temperature in San Francisco on April 23?
2040550,Will the highest temperature in San Francisco be between 52-53°F on April 23?,Yes,No,95567484263192359868935852674554882440265510851617457951190405440699953867005,89468665231328415209193280191980318419799068709516501775992325392354951572224,0x5369402d74bac3d9fc64fbf265a6b1d2aafd37155b807c24892b47629ea74369,True,highest-temperature-in-san-francisco-on-april-23-2026-52-53f,336.241668,2026-04-21 04:05:53.892172+00:00,False,True,False,2026-04-23T12:00:00Z,"['0.0035', '0.9965']",401701,highest-temperature-in-san-francisco-on-april-23-2026,Highest temperature in San Francisco on April 23?
2040551,Will the highest temperature in San Francisco be between 54-55°F on April 23?,Yes,No,64381646469296200954826032042154072366812598603255662694134418235931770269299,46351489473961629890407036262040178683942737484481896801845747937804731621673,0xc612242fc817652edb9a330b69b4c22b2cd8077218c7747cb594f2715aba829c,True,highest-temperature-in-san-francisco-on-april-23-2026-54-55f,557.02,2026-04-21 04:05:53.998063+00:00,False,True,False,2026-04-23T12:00:00Z,"['0.0055', '0.9945']",401701,highest-temperature-in-san-francisco-on-april-23-2026,Highest temperature in San Francisco on April 23?
2040552,Will the highest temperature in San Francisco be between 56-57°F on April 23?,Yes,No,88794156287205329977803315838513468138058185121878854667798094113350130167096,76934753234134297082165326741883152538814128923093957807245708921339974374762,0x963eb84e0b6a7cbfcad6eaed49312354b8b59519b20e73d9baa37ae25c686e55,True,highest-temperature-in-san-francisco-on-april-23-2026-56-57f,263.38999999999993,2026-04-21 04:05:54.104585+00:00,False,True,False,2026-04-23T12:00:00Z,"['0.0065', '0.9935']",401701,highest-temperature-in-san-francisco-on-april-23-2026,Highest temperature in San Francisco on April 23?
2040553,Will the highest temperature in San Francisco be between 58-59°F on April 23?,Yes,No,68754392959901415964794913065395803516686444576555304671368586287846278003747,99881481415566417816697860805155079980009267436747723420520875882666930704970,0x8031e7e0d0b4fcb402ec71d5cdd64135bc490db550477cfb8395e6e9649ce85a,True,highest-temperature-in-san-francisco-on-april-23-2026-58-59f,95.567272,2026-04-21 04:05:54.210564+00:00,False,True,False,2026-04-23T12:00:00Z,"['0.0085', '0.9915']",401701,highest-temperature-in-san-francisco-on-april-23-2026,Highest temperature in San Francisco on April 23?
2040554,Will the highest temperature in San Francisco be between 60-61°F on April 23?,Yes,No,54389098512678710117925389501819148986644281720899533990880874835152524235918,59542025683410691050110746663888528194860433820680362939666837013341185456900,0x740293cb41c80157da850b2d3c029adc645f6e519b73120a0a6d6bd6d945e8c2,True,highest-temperature-in-san-francisco-on-april-23-2026-60-61f,696.274881,2026-04-21 04:05:54.318226+00:00,False,True,False,2026-04-23T12:00:00Z,"['0.051', '0.949']",401701,highest-temperature-in-san-francisco-on-april-23-2026,Highest temperature in San Francisco on April 23?
2040555,Will the highest temperature in San Francisco be between 62-63°F on April 23?,Yes,No,6962027212506805106784436343180048095852115665423712115099014741682139045586,11577968182121581972996044731692251462828087428081758482574656402093322228126,0x8cd15a8dce5f7a6c954bd89e6ea13135d55c292880a76189fd9e3284ca5715c1,True,highest-temperature-in-san-francisco-on-april-23-2026-62-63f,57.562351,2026-04-21 04:05:54.423249+00:00,False,True,False,2026-04-23T12:00:00Z,"['0.125', '0.875']",401701,highest-temperature-in-san-francisco-on-april-23-2026,Highest temperature in San Francisco on April 23?
2040556,Will the highest temperature in San Francisco be between 64-65°F on April 23?,Yes,No,39722095212404325084036776971301067926890680487261913017944392684680780056716,48402485502761992194164452770632831393132610668383634782454899667745068306994,0x45fc5fb567205bd76690e983d2c0feb2fb569ccc438dce8b14168872e6a0d00a,True,highest-temperature-in-san-francisco-on-april-23-2026-64-65f,109.420042,2026-04-21 04:05:54.528907+00:00,False,True,False,2026-04-23T12:00:00Z,"['0.31', '0.69']",401701,highest-temperature-in-san-francisco-on-april-23-2026,Highest temperature in San Francisco on April 23?
2040557,Will the highest temperature in San Francisco be 66°F or higher on April 23?,Yes,No,1933234303903609145760927204753793741668647250126219370203219761827819949028,33225522514120763623850655300212085130173399527083333244805627259848298633224,0x3a53f75eed2168840419ef3259f1855790fdb0e3d3841cc89828750e595555d6,True,highest-temperature-in-san-francisco-on-april-23-2026-66forhigher,193.99119000000002,2026-04-21 04:05:54.635253+00:00,False,True,False,2026-04-23T12:00:00Z,"['0.525', '0.475']",401701,highest-temperature-in-san-francisco-on-april-23-2026,Highest temperature in San Francisco on April 23?
2040558,Will the highest temperature in Moscow be -1°C or below on April 23?,Yes,No,18611804732006644238867255434109914441410881133352618449681015757291463547443,50972611814642102544814343863900976535146010579890771615377642050337776048533,0xd40c3f73e8bd6093e81339dfcd0f6b93786e6555c91d8e96da87461f799cb200,True,highest-temperature-in-moscow-on-april-23-2026-neg-1corbelow,397.10405000000003,2026-04-21 04:05:58.175574+00:00,False,True,False,2026-04-23T12:00:00Z,"['0.0025', '0.9975']",401702,highest-temperature-in-moscow-on-april-23-2026,Highest temperature in Moscow on April 23?
2040559,Will the highest temperature in Moscow be 0°C on April 23?,Yes,No,113559315494607796413850133948273439763362437600101830526692530588604072727936,22578451051664732725481842999447193073403459383456211259314926382624233360103,0x9f69737891d963da360c390b7be8b15a6296de5b2294e3995948e0cefab51777,True,highest-temperature-in-moscow-on-april-23-2026-0c,387.06,2026-04-21 04:05:58.284575+00:00,False,True,False,2026-04-23T12:00:00Z,"['0.0025', '0.9975']",401702,highest-temperature-in-moscow-on-april-23-2026,Highest temperature in Moscow on April 23?
2040560,Will the highest temperature in Moscow be 1°C on April 23?,Yes,No,62032166535757853553934672860367619022807435662106703773855478986517940784517,106497557179110919591072119362506888339208882897000669116667636626107760014576,0xdadd4b6f75ee5bc26bfd69017d5191904a9fa5a6f71291a20b0b0b7443a6c90e,True,highest-temperature-in-moscow-on-april-23-2026-1c,415.235932,2026-04-21 04:05:58.392073+00:00,False,True,False,2026-04-23T12:00:00Z,"['0.0025', '0.9975']",401702,highest-temperature-in-moscow-on-april-23-2026,Highest temperature in Moscow on April 23?
2040561,Will the highest temperature in Moscow be 2°C on April 23?,Yes,No,107552925553864218297729102660991222798365365207002494527936186913199109965824,84266284841539719041176669402088550334884888495202159727968589240418406928376,0x4ccbe8897c6989ad77055ddd0bed2f183cad8d95079408f1b1e440b8e96ecabd,True,highest-temperature-in-moscow-on-april-23-2026-2c,422.46403200000003,2026-04-21 04:05:58.498887+00:00,False,True,False,2026-04-23T12:00:00Z,"['0.004', '0.996']",401702,highest-temperature-in-moscow-on-april-23-2026,Highest temperature in Moscow on April 23?
2040562,Will the highest temperature in Moscow be 3°C on April 23?,Yes,No,41970760691659451158754284611980781162721518730247549114163571608275481015061,19835802009960001001917882605233510254990548464100386249504979289368337258039,0x2848e4233b7616e99af1f60cbfb3d7981755ec55fca8482102c2deb3c244115d,True,highest-temperature-in-moscow-on-april-23-2026-3c,413.935704,2026-04-21 04:05:58.604676+00:00,False,True,False,2026-04-23T12:00:00Z,"['0.006', '0.994']",401702,highest-temperature-in-moscow-on-april-23-2026,Highest temperature in Moscow on April 23?
2040563,Will the highest temperature in Moscow be 4°C on April 23?,Yes,No,34935480261097844189146882302477425246598161649872978937818942295040417198149,92503406054875498447860152742890801342791887884877635207460177398097257537329,0xbea530e0e5fabed2438aec34681acb4da854681e9d63f6072c688b305159d576,True,highest-temperature-in-moscow-on-april-23-2026-4c,616.938311,2026-04-21 04:05:58.722601+00:00,False,True,False,2026-04-23T12:00:00Z,"['0.049', '0.951']",401702,highest-temperature-in-moscow-on-april-23-2026,Highest temperature in Moscow on April 23?
2040564,Will the highest temperature in Moscow be 5°C on April 23?,Yes,No,56238647546590265707363515377627351679498493694072392530648127639628019602201,108470944075132651246802953141944608396329490677978003774858777065465564760511,0x99364ee024a05fa436778848abcf229827312112107f8b3d07f389b21b8364c5,True,highest-temperature-in-moscow-on-april-23-2026-5c,275.91226600000005,2026-04-21 04:05:58.827325+00:00,False,True,False,2026-04-23T12:00:00Z,"['0.13', '0.87']",401702,highest-temperature-in-moscow-on-april-23-2026,Highest temperature in Moscow on April 23?
2040565,Will the highest temperature in Moscow be 6°C on April 23?,Yes,No,76561218913461095477522149805738401257730691465719980021678157381354071838039,51521233064961040787067571994020186285175253253890012935022875842114748396797,0xb2c0351724c37c2741fe3de05f4d8ec9ae52e2914144f08e628b6ca675b08187,True,highest-temperature-in-moscow-on-april-23-2026-6c,48.347143,2026-04-21 04:05:58.935692+00:00,False,True,False,2026-04-23T12:00:00Z,"['0.31', '0.69']",401702,highest-temperature-in-moscow-on-april-23-2026,Highest temperature in Moscow on April 23?
2040566,Will the highest temperature in Moscow be 7°C on April 23?,Yes,No,72777168570018980414852003334625997365197980074574404884850251594222564562951,45168738310700748133017951311154902047734589913114726804984496335495198338473,0x767ab8db088d5615234c47c6eb17f58d2473c5be750e54feabe4cae356d399b5,True,highest-temperature-in-moscow-on-april-23-2026-7c,85.918135,2026-04-21 04:05:59.041134+00:00,False,True,False,2026-04-23T12:00:00Z,"['0.23', '0.77']",401702,highest-temperature-in-moscow-on-april-23-2026,Highest temperature in Moscow on April 23?
2040567,Will the highest temperature in Moscow be 8°C on April 23?,Yes,No,52860803028191927921717638725389893173153124106781284103010431394783872339024,36606316322747868875359208154107177067883807277200342389628971847799090853614,0x757354157c119fdf3471b622a78eade6e67c6684f338b846e46e203a4b837d81,True,highest-temperature-in-moscow-on-april-23-2026-8c,272.49942300000004,2026-04-21 04:05:59.147424+00:00,False,True,False,2026-04-23T12:00:00Z,"['0.14', '0.86']",401702,highest-temperature-in-moscow-on-april-23-2026,Highest temperature in Moscow on April 23?
2040568,Will the highest temperature in Moscow be 9°C or higher on April 23?,Yes,No,46086660544201483149612297541530183798983726999120932557621496168220093175204,48470045870968993910519282866295238349943049381248667966192287537096099886647,0x0c750a1eda5b86d13c267964390f78b22c946ccac5e2154733681bda8fde1737,True,highest-temperature-in-moscow-on-april-23-2026-9corhigher,504.58825999999993,2026-04-21 04:05:59.252497+00:00,False,True,False,2026-04-23T12:00:00Z,"['0.105', '0.895']",401702,highest-temperature-in-moscow-on-april-23-2026,Highest temperature in Moscow on April 23?
2040569,Will the highest temperature in Istanbul be 7°C or below on April 23?,Yes,No,66832955539916329756250555035711519048679243376844507093953027762269561668452,33386811878515206746052948984450673734403218725608231404215583109033727494559,0x879516c3367436f35626f364d70c2259c0f332b0424107483dd25659b0056783,True,highest-temperature-in-istanbul-on-april-23-2026-7corbelow,104.658048,2026-04-21 04:06:02.414089+00:00,False,True,False,2026-04-23T12:00:00Z,"['0.0065', '0.9935']",401703,highest-temperature-in-istanbul-on-april-23-2026,Highest temperature in Istanbul on April 23?
2040570,Will the highest temperature in Istanbul be 8°C on April 23?,Yes,No,86231708560521100107405201457638148231976987836973104136796035625234497750861,12281052467915033621826162626204034112724831008993691605401245324652322735367,0xdc80ca53e174a732401c90771d60f7e68f9aec88bde6c5b684455cba5acef093,True,highest-temperature-in-istanbul-on-april-23-2026-8c,189.497798,2026-04-21 04:06:02.520710+00:00,False,True,False,2026-04-23T12:00:00Z,"['0.004', '0.996']",401703,highest-temperature-in-istanbul-on-april-23-2026,Highest temperature in Istanbul on April 23?
2040571,Will the highest temperature in Istanbul be 9°C on April 23?,Yes,No,78344478204422971984881950842836215396980818095025820000264065726607270571407,47984131118239832228094235588521696985825081849808833122791103003897697903183,0x39978e1c8dbde9f5e9d63186cc8f802159f4a353521068d7829c10c002fb6dba,True,highest-temperature-in-istanbul-on-april-23-2026-9c,167.91,2026-04-21 04:06:02.627777+00:00,False,True,False,2026-04-23T12:00:00Z,"['0.004', '0.996']",401703,highest-temperature-in-istanbul-on-april-23-2026,Highest temperature in Istanbul on April 23?
2040572,Will the highest temperature in Istanbul be 10°C on April 23?,Yes,No,98889124161750025831462993959646158701117850463373485343993100607708551058241,64000669807271842930943050795919556357739103910439836969037909485115823482056,0xc50a82000f2770887aaed3d0cd1c465a7228213bff02ec0b63c3ae3e935a4897,True,highest-temperature-in-istanbul-on-april-23-2026-10c,84.012083,2026-04-21 04:06:02.733928+00:00,False,True,False,2026-04-23T12:00:00Z,"['0.0205', '0.9795']",401703,highest-temperature-in-istanbul-on-april-23-2026,Highest temperature in Istanbul on April 23?
2040573,Will the highest temperature in Istanbul be 11°C on April 23?,Yes,No,25677726457966140071150973575384305448242867730935356418454393283396010177699,70198168796305283552192186562207592560736739124478869393500417988723258758824,0x80c2eabe5b2ef1e95aa49be7af14fce8f30d431c92cba62afb67707109461315,True,highest-temperature-in-istanbul-on-april-23-2026-11c,117.90788,2026-04-21 04:06:02.838577+00:00,False,True,False,2026-04-23T12:00:00Z,"['0.06', '0.94']",401703,highest-temperature-in-istanbul-on-april-23-2026,Highest temperature in Istanbul on April 23?
2040574,Will the highest temperature in Istanbul be 12°C on April 23?,Yes,No,88362582749838144840625420894729380086193673720133202527812224869139412969798,105283578334121475463015034668377448312102042084390480968712610104696576045040,0xc1e8ee0d68497d519e58c316ef535a7aa047ea1e8e9d225a1c1faecb8392aef0,True,highest-temperature-in-istanbul-on-april-23-2026-12c,186.228548,2026-04-21 04:06:02.946027+00:00,False,True,False,2026-04-23T12:00:00Z,"['0.23', '0.77']",401703,highest-temperature-in-istanbul-on-april-23-2026,Highest temperature in Istanbul on April 23?
2040575,Will the highest temperature in Istanbul be 13°C on April 23?,Yes,No,74585368915393483428591085441195414378545655055276897817023223558498461830611,61284952302737249873123149521042587066668047991743609556596882340651226977299,0xd6790ca9b5b47b41befcb0fbfa57b9bc05b9dbf044304fd218d5a039220c8594,True,highest-temperature-in-istanbul-on-april-23-2026-13c,31.711716000000003,2026-04-21 04:06:03.052897+00:00,False,True,False,2026-04-23T12:00:00Z,"['0.34', '0.66']",401703,highest-temperature-in-istanbul-on-april-23-2026,Highest temperature in Istanbul on April 23?
2040576,Will the highest temperature in Istanbul be 14°C on April 23?,Yes,No,61093016889320103410781114542452291926581556324973771806922059490923069561541,11913417318904962935344847686293236284328727961223776411920232536945629018308,0x9988b2b957116f8347c30bf1cab9e8a66ce158aace5dcbb834c4edec3264e1d6,True,highest-temperature-in-istanbul-on-april-23-2026-14c,27.908945000000003,2026-04-21 04:06:03.158346+00:00,False,True,False,2026-04-23T12:00:00Z,"['0.285', '0.715']",401703,highest-temperature-in-istanbul-on-april-23-2026,Highest temperature in Istanbul on April 23?
2040577,Will the highest temperature in Istanbul be 15°C on April 23?,Yes,No,27899275967391249801578851455826360243897954481217695135265632952690509565772,64921436132001593284259192164236190284138551520007775416944296249410543514088,0x37aa5401d8bc97c9daf5492a338d21753d6a6b61e30708f4c3da4611034fe37f,True,highest-temperature-in-istanbul-on-april-23-2026-15c,9.182784999999999,2026-04-21 04:06:03.265218+00:00,False,True,False,2026-04-23T12:00:00Z,"['0.105', '0.895']",401703,highest-temperature-in-istanbul-on-april-23-2026,Highest temperature in Istanbul on April 23?
2040578,Will the highest temperature in Istanbul be 16°C on April 23?,Yes,No,107819981630611565914835798011170071827242618364163780323766557563168727632570,79882920718538461842768158244792106281702274858228339915662205481371801806372,0x1c3e64a1d4af39b1df8e99a42d585ff7653ea66e8d9dd5cd2c8afbae03b11a7d,True,highest-temperature-in-istanbul-on-april-23-2026-16c,99.8963,2026-04-21 04:06:03.370381+00:00,False,True,False,2026-04-23T12:00:00Z,"['0.031', '0.969']",401703,highest-temperature-in-istanbul-on-april-23-2026,Highest temperature in Istanbul on April 23?
2040579,Will the highest temperature in Istanbul be 17°C or higher on April 23?,Yes,No,38913388988613580470225890251303135238661326112110072795661347384115530991813,14197695729677178171428292745450524669682952413116580137561301458563669119851,0xea012d8783e6e4bb82a540531b254c2429bc6e38e7be7797d237389955c22876,True,highest-temperature-in-istanbul-on-april-23-2026-17corhigher,107.995932,2026-04-21 04:06:03.477471+00:00,False,True,False,2026-04-23T12:00:00Z,"['0.0075', '0.9925']",401703,highest-temperature-in-istanbul-on-april-23-2026,Highest temperature in Istanbul on April 23?
2040580,Will the highest temperature in Mexico City be 14°C or below on April 23?,Yes,No,42060177491231534497850905039941152678382422002894593209096604281158184777237,60783672146675518459095197011700525539254412565036137071022043787013462167687,0x5c82b9ceb9ef6a007e4c6f157d65e1c0e80b0a1ef77975bddba6aaec954c9e39,True,highest-temperature-in-mexico-city-on-april-23-2026-14corbelow,618.910848,2026-04-21 04:06:06.765404+00:00,False,True,False,2026-04-23T12:00:00Z,"['0.0005', '0.9995']",401704,highest-temperature-in-mexico-city-on-april-23-2026,Highest temperature in Mexico City on April 23?
2040581,Will the highest temperature in Mexico City be 15°C on April 23?,Yes,No,22143132093207894480058595180015403996676377202321556821392377993626194112945,66240036498753633735070388515683969203837882760503350804468459547078858006155,0xecd9cd487cd30effa5494b18ed3e1f5bac12bcdb06dbcd8be74374b37c55d502,True,highest-temperature-in-mexico-city-on-april-23-2026-15c,1311.8718479999998,2026-04-21 04:06:06.870714+00:00,False,True,False,2026-04-23T12:00:00Z,"['0.0015', '0.9985']",401704,highest-temperature-in-mexico-city-on-april-23-2026,Highest temperature in Mexico City on April 23?
2040582,Will the highest temperature in Mexico City be 16°C on April 23?,Yes,No,43478806495595771742061194187707824548607454962470688186017184969739231636654,113405699551800044376572663464825175304365240725743981733733476363863066684351,0xcc747a4c9b6ad70a8a29dc5ff1793fdb5ae9faabf69fec2963604fab1c7e2762,True,highest-temperature-in-mexico-city-on-april-23-2026-16c,1168.5318479999999,2026-04-21 04:06:06.977880+00:00,False,True,False,2026-04-23T12:00:00Z,"['0.0005', '0.9995']",401704,highest-temperature-in-mexico-city-on-april-23-2026,Highest temperature in Mexico City on April 23?
2040583,Will the highest temperature in Mexico City be 17°C on April 23?,Yes,No,75850276136073989681967650221870850999652510018528105448992117176314398136297,104703346883982731511733223420732276642168555474905363921494719011246490727356,0xea323ca20587124f6464a4d5ade598b52692f1959d65b03d192e0ece4b0b6964,True,highest-temperature-in-mexico-city-on-april-23-2026-17c,2410.3322479999997,2026-04-21 04:06:07.101783+00:00,False,True,False,2026-04-23T12:00:00Z,"['0.0035', '0.9965']",401704,highest-temperature-in-mexico-city-on-april-23-2026,Highest temperature in Mexico City on April 23?
2040584,Will the highest temperature in Mexico City be 18°C on April 23?,Yes,No,74856918689997648442409828399410935232590286842223891797835448837433591291982,56120823404006385570193742629252641400389608657446532153077248237768144530776,0xff569a3b8d388e7029728757f0ef72cfe141e2c4d20eff5cd282040fa29757c8,True,highest-temperature-in-mexico-city-on-april-23-2026-18c,2421.601848,2026-04-21 04:06:07.204022+00:00,False,True,False,2026-04-23T12:00:00Z,"['0.004', '0.996']",401704,highest-temperature-in-mexico-city-on-april-23-2026,Highest temperature in Mexico City on April 23?
2040585,Will the highest temperature in Mexico City be 19°C on April 23?,Yes,No,58051537488054255420190562031846253865772562130365371035253773635545474223314,49171735738545195725359897558193691097908308548159899835097620943391015830022,0xf4101117f9245b48eea329e5238b43a805fdbc6bc252f28ff8fae34dfe4e402b,True,highest-temperature-in-mexico-city-on-april-23-2026-19c,1881.5418479999994,2026-04-21 04:06:07.307244+00:00,False,True,False,2026-04-23T12:00:00Z,"['0.0045', '0.9955']",401704,highest-temperature-in-mexico-city-on-april-23-2026,Highest temperature in Mexico City on April 23?
2040586,Will the highest temperature in Mexico City be 20°C on April 23?,Yes,No,76997580398575176704412591561380329550968183672276216699107819866441297545803,52993469825916089702357875352928652364755962230208795352466198346590099013384,0xe03e11b2ad6df72154f22b9248e6bbc5bec5afdfd1a08262d6d5e733b0949aca,True,highest-temperature-in-mexico-city-on-april-23-2026-20c,1627.8085999999996,2026-04-21 04:06:07.414678+00:00,False,True,False,2026-04-23T12:00:00Z,"['0.005', '0.995']",401704,highest-temperature-in-mexico-city-on-april-23-2026,Highest temperature in Mexico City on April 23?
2040587,Will the highest temperature in Mexico City be 21°C on April 23?,Yes,No,60033590227856715180194623585297413321551541212002731993806357657711152356873,74678468091519515868003399893728343988784801455364689599043295534835403313345,0xb373319847e8b9ddf2cbafbca06ac1f07e0683dcd160990023918405d0ab60a5,True,highest-temperature-in-mexico-city-on-april-23-2026-21c,1389.7799999999995,2026-04-21 04:06:07.724028+00:00,False,True,False,2026-04-23T12:00:00Z,"['0.004', '0.996']",401704,highest-temperature-in-mexico-city-on-april-23-2026,Highest temperature in Mexico City on April 23?
2040588,Will the highest temperature in Mexico City be 22°C on April 23?,Yes,No,76833303202818475760785243627824083231141190676020171068052742384586152601982,84882509621638222588703187769788038965018634489104640588058807141243296825104,0x6192de0e781349c2c5d486934c3975f24b5d92755b6ba4c987ee5b865cdf3f63,True,highest-temperature-in-mexico-city-on-april-23-2026-22c,886.4684200000002,2026-04-21 04:06:07.835723+00:00,False,True,False,2026-04-23T12:00:00Z,"['0.0075', '0.9925']",401704,highest-temperature-in-mexico-city-on-april-23-2026,Highest temperature in Mexico City on April 23?
2040589,Will the highest temperature in Mexico City be 23°C on April 23?,Yes,No,76509826409802835567980352621303913479835290421047663193496081008140257690871,51830139435741568357117038238199242321786077924491540982844286778647565449364,0x514695c83730edb459d186a1bced5d903db921ff301dcc8ab9ec28ea42738a95,True,highest-temperature-in-mexico-city-on-april-23-2026-23c,595.2058089999998,2026-04-21 04:06:07.937899+00:00,False,True,False,2026-04-23T12:00:00Z,"['0.0085', '0.9915']",401704,highest-temperature-in-mexico-city-on-april-23-2026,Highest temperature in Mexico City on April 23?
2040590,Will the highest temperature in Mexico City be 24°C or higher on April 23?,Yes,No,2102613277156519743933686124190356480626002780894264749111684162633848605550,115432467289887976620784553847899604926090276098277683699854022475895228470349,0x341c4e3971e051df995417ac72839d58ed94e622a8283c2ac355fba216a435bc,True,highest-temperature-in-mexico-city-on-april-23-2026-24corhigher,970.2798850000003,2026-04-21 04:06:08.050978+00:00,False,True,False,2026-04-23T12:00:00Z,"['0.9815', '0.0185']",401704,highest-temperature-in-mexico-city-on-april-23-2026,Highest temperature in Mexico City on April 23?
2040591,Will the highest temperature in Busan be 13°C or below on April 23?,Yes,No,22260608204717759532476609292664310234327290108395031147165286855197579119636,28405338540519097999355555915111987512053526394817747922692309027790157369657,0x22d4eb3c585165ab871afedf2ad861994f22532dbee69079c19471d415934e02,True,highest-temperature-in-busan-on-april-23-2026-13corbelow,193.864,2026-04-21 04:06:11.197002+00:00,False,True,False,2026-04-23T12:00:00Z,"['0.006', '0.994']",401705,highest-temperature-in-busan-on-april-23-2026,Highest temperature in Busan on April 23?
2040592,Will the highest temperature in Busan be 14°C on April 23?,Yes,No,99549441022252426561697451374641382304370534168991856832526944930776184132930,56100996042734371814487179732403696432895905384825156460544601110783040489459,0xd20614184f70c78aab869f6bc3bdf37f7468bfce31ae8f2274faf8b60012d726,True,highest-temperature-in-busan-on-april-23-2026-14c,52.012249999999995,2026-04-21 04:06:11.308639+00:00,False,True,False,2026-04-23T12:00:00Z,"['0.006', '0.994']",401705,highest-temperature-in-busan-on-april-23-2026,Highest temperature in Busan on April 23?
2040593,Will the highest temperature in Busan be 15°C on April 23?,Yes,No,69289037769556058222373699657248525984724874307047520169784812046758645189932,18697135090166888961724453643868029855160241222003158701554100853922323363493,0x4005884524d5e220501312dda5c8e20baaeb8fd86008b4ccb1308331f0e37135,True,highest-temperature-in-busan-on-april-23-2026-15c,99.516733,2026-04-21 04:06:11.416248+00:00,False,True,False,2026-04-23T12:00:00Z,"['0.0085', '0.9915']",401705,highest-temperature-in-busan-on-april-23-2026,Highest temperature in Busan on April 23?
2040594,Will the highest temperature in Busan be 16°C on April 23?,Yes,No,50445881137239239957954772203377894699636226001518257338370218066451798948434,4446796309354868836639961641580412408885239034061382854610785136106676490799,0x278617c1b14ecb26e542fe80b8b42a557c2f9c9a3c57cac7f872c73eecd559fc,True,highest-temperature-in-busan-on-april-23-2026-16c,58.290786,2026-04-21 04:06:11.523911+00:00,False,True,False,2026-04-23T12:00:00Z,"['0.076', '0.924']",401705,highest-temperature-in-busan-on-april-23-2026,Highest temperature in Busan on April 23?
2040595,Will the highest temperature in Busan be 17°C on April 23?,Yes,No,39847655275390583486487718498901081368335494477975166741055879377903931430056,113191125593801724181304471731410217818949103499910818100814283129173473402080,0xfb05fd0e0e92a4a5ec2f1e8d7a81050953910cf36120cf3fa90a08ecb5ce6dc3,True,highest-temperature-in-busan-on-april-23-2026-17c,8.133835,2026-04-21 04:06:11.629688+00:00,False,True,False,2026-04-23T12:00:00Z,"['0.14', '0.86']",401705,highest-temperature-in-busan-on-april-23-2026,Highest temperature in Busan on April 23?
2040596,Will the highest temperature in Busan be 18°C on April 23?,Yes,No,62776391627295452238872843455208150199558934462089894635007364802500667332324,41394205876334525735807677271705625487059367680719875644655955206497909931568,0x60d66a89d5c7b82a90f7bc9b013d0dd0c5d8cec4ad3bcbfa5e049cf670d2d765,True,highest-temperature-in-busan-on-april-23-2026-18c,115.646314,2026-04-21 04:06:11.735617+00:00,False,True,False,2026-04-23T12:00:00Z,"['0.18', '0.82']",401705,highest-temperature-in-busan-on-april-23-2026,Highest temperature in Busan on April 23?
2040597,Will the highest temperature in Busan be 19°C on April 23?,Yes,No,10455421165003205007755428273983185761883303393411219742052138902247002677115,52038755993867813842348142665954627136772986368151485967086694724126861655215,0x44bcb448e4bd3a974683899d4079f281354673d7a8cf3519753e10abc24ff659,True,highest-temperature-in-busan-on-april-23-2026-19c,16.525973,2026-04-21 04:06:11.843371+00:00,False,True,False,2026-04-23T12:00:00Z,"['0.305', '0.695']",401705,highest-temperature-in-busan-on-april-23-2026,Highest temperature in Busan on April 23?
2040598,Will the highest temperature in Busan be 20°C on April 23?,Yes,No,104680092917282461049997224997402677911903672163617077071164730877325000244481,58132961478065511864521910587525985235198684364232104517553584924406872240951,0x1b030fdc5a8b17a5dda55b21e65f5b6ec7d0a7cab8059179de2f2a8970dc8fbe,True,highest-temperature-in-busan-on-april-23-2026-20c,168.117915,2026-04-21 04:06:11.949098+00:00,False,True,False,2026-04-23T12:00:00Z,"['0.13', '0.87']",401705,highest-temperature-in-busan-on-april-23-2026,Highest temperature in Busan on April 23?
2040599,Will the highest temperature in Busan be 21°C on April 23?,Yes,No,83744302348521072627912481937422075466974474102922293938558747876205282966861,115417926635321060275505896508799421293558127069728055602123015880316447337348,0x8fc5251e228af434a885a0fc4c55cf334d74345923f47a7e911d89c710ffce0f,True,highest-temperature-in-busan-on-april-23-2026-21c,110.818194,2026-04-21 04:06:12.054861+00:00,False,True,False,2026-04-23T12:00:00Z,"['0.0375', '0.9625']",401705,highest-temperature-in-busan-on-april-23-2026,Highest temperature in Busan on April 23?
2040600,Will the highest temperature in Busan be 22°C on April 23?,Yes,No,17785337016496840990782270093749235377887548281640660085893237177677574212028,111785201722898206975792225137689928387514564491943072309332542865302318596012,0x83c85e181f48aaf69f35c41d568806c91eb2e634a689d8996d68b404a12fa084,True,highest-temperature-in-busan-on-april-23-2026-22c,85.887818,2026-04-21 04:06:12.158614+00:00,False,True,False,2026-04-23T12:00:00Z,"['0.026', '0.974']",401705,highest-temperature-in-busan-on-april-23-2026,Highest temperature in Busan on April 23?
2040601,Will the highest temperature in Busan be 23°C or higher on April 23?,Yes,No,45947664983881213368337774183435051981901810384058321706095794185371096995576,7207826915795622306730148933752317858386686147785720278776250714107786184612,0x6ee6049075f42cd2811bb958cee53f2a400602f39b9f81d40fbdfba5d15c11b9,True,highest-temperature-in-busan-on-april-23-2026-23corhigher,41.055275,2026-04-21 04:06:12.262689+00:00,False,True,False,2026-04-23T12:00:00Z,"['0.0095', '0.9905']",401705,highest-temperature-in-busan-on-april-23-2026,Highest temperature in Busan on April 23?
2040602,Will the highest temperature in Amsterdam be 10°C or below on April 23?,Yes,No,25423394470759679794147524777393243496338567289811233161632701598133554795682,76119641119686802004303654098406137737481071533137703905029526862704392929464,0x61320776933f931d9f8d70e1d70a1127b6fead388656b84977209cddde84f141,True,highest-temperature-in-amsterdam-on-april-23-2026-10corbelow,151.901,2026-04-21 04:06:15.393911+00:00,False,True,False,2026-04-23T12:00:00Z,"['0.0035', '0.9965']",401706,highest-temperature-in-amsterdam-on-april-23-2026,Highest temperature in Amsterdam on April 23?
2040603,Will the highest temperature in Amsterdam be 11°C on April 23?,Yes,No,44761108646850683903553994717559380255693931237885213837867962741340371299467,35721761345825900586017712532736699473672754883826752977584514818842520203510,0x15241db09cc0346adfc97e3dd9b390b177b7bb7a9d3c0ae0b3a1ab86e08f0cfa,True,highest-temperature-in-amsterdam-on-april-23-2026-11c,61.001000000000005,2026-04-21 04:06:15.504586+00:00,False,True,False,2026-04-23T12:00:00Z,"['0.007', '0.993']",401706,highest-temperature-in-amsterdam-on-april-23-2026,Highest temperature in Amsterdam on April 23?
2040604,Will the highest temperature in Amsterdam be 12°C on April 23?,Yes,No,100705953467517157053856458788541688668855106045853532737158974679802674653017,91961149738999503363877044843268360505239941580596579103338322268433798395572,0x3968730363f8269bddce32cd55c3d9422ba62b3d43bd55c14000d09b3df2a3db,True,highest-temperature-in-amsterdam-on-april-23-2026-12c,59.97,2026-04-21 04:06:15.610066+00:00,False,True,False,2026-04-23T12:00:00Z,"['0.007', '0.993']",401706,highest-temperature-in-amsterdam-on-april-23-2026,Highest temperature in Amsterdam on April 23?
2040605,Will the highest temperature in Amsterdam be 13°C on April 23?,Yes,No,13734317673480073768897637442054402216724096751595627102910156828117393138843,8476940530040865701883335086594105598943435820557762975866633632032295658633,0x0ba8c2cc099b276640c5a61d23c723ad90a26fe6f230b0b7afbbac892e375e48,True,highest-temperature-in-amsterdam-on-april-23-2026-13c,60.982082999999996,2026-04-21 04:06:15.717651+00:00,False,True,False,2026-04-23T12:00:00Z,"['0.03', '0.97']",401706,highest-temperature-in-amsterdam-on-april-23-2026,Highest temperature in Amsterdam on April 23?
2040606,Will the highest temperature in Amsterdam be 14°C on April 23?,Yes,No,59303525797285120217347070650358035886341320008684367052819104501648865283417,85381438250172718253700982080610508539573887773664822488985617647005687269753,0x3222f4de68bb035c596c3a871e2690441186f24072d3e8576685ffa9c4e96e3f,True,highest-temperature-in-amsterdam-on-april-23-2026-14c,53.49924599999999,2026-04-21 04:06:15.823855+00:00,False,True,False,2026-04-23T12:00:00Z,"['0.095', '0.905']",401706,highest-temperature-in-amsterdam-on-april-23-2026,Highest temperature in Amsterdam on April 23?
2040607,Will the highest temperature in Amsterdam be 15°C on April 23?,Yes,No,23192794496226070863698241789165404755372784130016655972514152093229752961199,64227221311947859774701724309620229130573658866872354353008868092516575211570,0xa2860c0acf8bce0bba42bb0ff5a1f0b90076fd84c743c81d3590688efb93d825,True,highest-temperature-in-amsterdam-on-april-23-2026-15c,374.81429799999995,2026-04-21 04:06:15.929235+00:00,False,True,False,2026-04-23T12:00:00Z,"['0.145', '0.855']",401706,highest-temperature-in-amsterdam-on-april-23-2026,Highest temperature in Amsterdam on April 23?
2040608,Will the highest temperature in Amsterdam be 16°C on April 23?,Yes,No,10019369122625082968937118991560143734418574905886143577037623699511891046518,4685483937546911780010401180177100124570831455178239245428061295473422019334,0x5bd8754964b94815791a82166dcce7b2d48e94630342e2853b95505d4ec6c9d9,True,highest-temperature-in-amsterdam-on-april-23-2026-16c,146.922132,2026-04-21 04:06:16.034165+00:00,False,True,False,2026-04-23T12:00:00Z,"['0.42', '0.58']",401706,highest-temperature-in-amsterdam-on-april-23-2026,Highest temperature in Amsterdam on April 23?
2040609,Will the highest temperature in Amsterdam be 17°C on April 23?,Yes,No,72189868473080684844459296430440915974110395439886893537963084610414611720424,20744390539368968532596508428951507384078441462811315015792767514098755280944,0x5bcba1e189b00466d15dcb266eea67a6e66c79866ac936740886dd1a7bcb87fb,True,highest-temperature-in-amsterdam-on-april-23-2026-17c,39.482254,2026-04-21 04:06:16.139599+00:00,False,True,False,2026-04-23T12:00:00Z,"['0.235', '0.765']",401706,highest-temperature-in-amsterdam-on-april-23-2026,Highest temperature in Amsterdam on April 23?
2040610,Will the highest temperature in Amsterdam be 18°C on April 23?,Yes,No,65618272978789228515446250548592209522671114305839147377487462830868951557409,88615635461882772170211428844626634545910580136494114138434706716137382567654,0x7377be5bb3a74c17d20d4ffdcd45ff41dff602a4dc92c1d7ae562976e48414f7,True,highest-temperature-in-amsterdam-on-april-23-2026-18c,19.189878,2026-04-21 04:06:16.245099+00:00,False,True,False,2026-04-23T12:00:00Z,"['0.095', '0.905']",401706,highest-temperature-in-amsterdam-on-april-23-2026,Highest temperature in Amsterdam on April 23?
2040611,Will the highest temperature in Amsterdam be 19°C on April 23?,Yes,No,34874612680002321420156509121816318456626877018619130494636619070659106552085,54842598705290885311017015480480984484223927935844937991169697847876275001573,0x18cc6e44b2cf47c186cb70411c037ac1e7c34f32bb8a0c3af1e54dc98ec19153,True,highest-temperature-in-amsterdam-on-april-23-2026-19c,49.31,2026-04-21 04:06:16.350131+00:00,False,True,False,2026-04-23T12:00:00Z,"['0.0295', '0.9705']",401706,highest-temperature-in-amsterdam-on-april-23-2026,Highest temperature in Amsterdam on April 23?
2040612,Will the highest temperature in Amsterdam be 20°C or higher on April 23?,Yes,No,82416641649322945214532064173063062885665318073985294612580371341531111987278,1638185205582638682453096761795411093403859975848456653162088731442262911622,0xd73ab91032f8cc7daecdb35c0c457aaac054e253be6e2c8bcc33bc7a9dd3382b,True,highest-temperature-in-amsterdam-on-april-23-2026-20corhigher,68.18,2026-04-21 04:06:16.453823+00:00,False,True,False,2026-04-23T12:00:00Z,"['0.0075', '0.9925']",401706,highest-temperature-in-amsterdam-on-april-23-2026,Highest temperature in Amsterdam on April 23?
2040613,Will the highest temperature in Helsinki be 3°C or below on April 23?,Yes,No,34578732425219113159412074822236533565648511408204969130432128245214652413589,71646135047125198794812755766922930871822708202741706754276661834263550148074,0x1a13dbe27eb68cb78e3a6eed9d24c20db50661ecc31db06751ac24cea13bde10,True,highest-temperature-in-helsinki-on-april-23-2026-3corbelow,1397.267581,2026-04-21 04:06:20.101748+00:00,False,True,False,2026-04-23T12:00:00Z,"['0.005', '0.995']",401707,highest-temperature-in-helsinki-on-april-23-2026,Highest temperature in Helsinki on April 23?
2040614,Will the highest temperature in Helsinki be 4°C on April 23?,Yes,No,1737640669351265273408772245868291458091878848001967235444065940003658251035,41751337472457824084002675607657584316263589339712635877516921530030370457479,0x1e9b480555bf35113ebe4c581afe1eac9824bd79e73f461ed2b3c5c6571370c6,True,highest-temperature-in-helsinki-on-april-23-2026-4c,50,2026-04-21 04:06:20.208182+00:00,False,True,False,2026-04-23T12:00:00Z,"['0.004', '0.996']",401707,highest-temperature-in-helsinki-on-april-23-2026,Highest temperature in Helsinki on April 23?
2040615,Will the highest temperature in Helsinki be 5°C on April 23?,Yes,No,29384234039692664629612161944852134955676134633429533251995302346213735136751,31245443774195309264829329600896617517910595426307065509770620234741181902512,0x10fe32513f19329d84a91a5335c81eb413d4b71d376c2ad29c8ae5d540c8ea8a,True,highest-temperature-in-helsinki-on-april-23-2026-5c,50,2026-04-21 04:06:20.313095+00:00,False,True,False,2026-04-23T12:00:00Z,"['0.006', '0.994']",401707,highest-temperature-in-helsinki-on-april-23-2026,Highest temperature in Helsinki on April 23?
2040616,Will the highest temperature in Helsinki be 6°C on April 23?,Yes,No,92709237237578074768175449314022698493131167302691588415072008884811657842810,7270282962657037660776871649648930036884362895450554363081688469397958735115,0x13f6c08a11e79f9bb0260718504a9e47d6070fe6a73e842c881da89f84318f12,True,highest-temperature-in-helsinki-on-april-23-2026-6c,40.995723000000005,2026-04-21 04:06:20.418990+00:00,False,True,False,2026-04-23T12:00:00Z,"['0.009', '0.991']",401707,highest-temperature-in-helsinki-on-april-23-2026,Highest temperature in Helsinki on April 23?
2040617,Will the highest temperature in Helsinki be 7°C on April 23?,Yes,No,40770845375431931333061911288517921401861409315170665863886758451621899177889,35292623166087068163695938973988894540209292751114066722709268772928957640615,0xc6c297bbd959e37aed96fee5020c50da026554b1d967e5783394129c049d254a,True,highest-temperature-in-helsinki-on-april-23-2026-7c,123.038754,2026-04-21 04:06:20.593365+00:00,False,True,False,2026-04-23T12:00:00Z,"['0.011', '0.989']",401707,highest-temperature-in-helsinki-on-april-23-2026,Highest temperature in Helsinki on April 23?
2040618,Will the highest temperature in Helsinki be 8°C on April 23?,Yes,No,105226708246776877476055199449216223927666512929143091290507434964674134077137,65859289846222263474709427244271973857139424984645406209980388943661204438937,0x0533ebb5f1d2637cd0d9769f7bcea41c376a561a9a50a0ea4a06de61d36deab4,True,highest-temperature-in-helsinki-on-april-23-2026-8c,164.63491999999997,2026-04-21 04:06:20.698015+00:00,False,True,False,2026-04-23T12:00:00Z,"['0.035', '0.965']",401707,highest-temperature-in-helsinki-on-april-23-2026,Highest temperature in Helsinki on April 23?
2040619,Will the highest temperature in Helsinki be 9°C on April 23?,Yes,No,55788149391421047484796690503962992286418343829126080047518232401790084691423,88683317287161706290899740830350590904029712241637985023951451163831313208444,0x24cf429955ad64f9ca8538196e5644f2f271a2762947408f21fc62cafd0aaef5,True,highest-temperature-in-helsinki-on-april-23-2026-9c,23.235405,2026-04-21 04:06:20.803599+00:00,False,True,False,2026-04-23T12:00:00Z,"['0.065', '0.935']",401707,highest-temperature-in-helsinki-on-april-23-2026,Highest temperature in Helsinki on April 23?
2040620,Will the highest temperature in Helsinki be 10°C on April 23?,Yes,No,29724428396774179923451932180643484456951753092964765568650619335833458022931,112369388137951224655233888448876731334738936243978242400104333092296215076661,0x97aeb56d08c223d4d19d7ad4d6a177f14ead97ff5c8f4390bd442f5f9bdaed7d,True,highest-temperature-in-helsinki-on-april-23-2026-10c,33.851771,2026-04-21 04:06:20.908540+00:00,False,True,False,2026-04-23T12:00:00Z,"['0.295', '0.705']",401707,highest-temperature-in-helsinki-on-april-23-2026,Highest temperature in Helsinki on April 23?
2040621,Will the highest temperature in Helsinki be 11°C on April 23?,Yes,No,25275839571775528140308918897074057713145609387291058832057259410172937819126,97786934639051799481693423031692744246592789075666544579479296287675040469652,0xd3202ba49c65b12db83b6bcd1d2eeabe70f528ea7f5a4961194b30339e11c675,True,highest-temperature-in-helsinki-on-april-23-2026-11c,25.631577,2026-04-21 04:06:21.015431+00:00,False,True,False,2026-04-23T12:00:00Z,"['0.32', '0.68']",401707,highest-temperature-in-helsinki-on-april-23-2026,Highest temperature in Helsinki on April 23?
2040622,Will the highest temperature in Helsinki be 12°C on April 23?,Yes,No,50929364872995102828698317318277296712422913342231137990713344659731394844636,99213249447892506125117127197203706736598895972899964030697394770932508427938,0xb1cf7213b6fc37c5dc760e5579a9d25258fe1b3c537bd46aef56a4c0a8d090c5,True,highest-temperature-in-helsinki-on-april-23-2026-12c,11,2026-04-21 04:06:21.120296+00:00,False,True,False,2026-04-23T12:00:00Z,"['0.16', '0.84']",401707,highest-temperature-in-helsinki-on-april-23-2026,Highest temperature in Helsinki on April 23?
2040623,Will the highest temperature in Helsinki be 13°C or higher on April 23?,Yes,No,106158603173780750427003918846673015244661202262714734389929873695687617108645,70058836338840761946044926790627221320187561634357666591263699176228466234972,0x8e2145595c3264e50f8cbb7da652654e0984b60d289421a7ff5eb5418e840c0e,True,highest-temperature-in-helsinki-on-april-23-2026-13corhigher,227.16215,2026-04-21 04:06:21.225510+00:00,False,True,False,2026-04-23T12:00:00Z,"['0.115', '0.885']",401707,highest-temperature-in-helsinki-on-april-23-2026,Highest temperature in Helsinki on April 23?
2040624,Will the highest temperature in Panama City be 21°C or below on April 23?,Yes,No,56212104739551065961277329320699109282810688957991119210964498769699904556764,86277461507564951358917753446148660888804066430371459741474730021676450456733,0x937beabfeb15895dbde2656a35767e2faab9a2e8d04957441e2f887cdbe8ab10,True,highest-temperature-in-panama-city-on-april-23-2026-21corbelow,165.05608299999997,2026-04-21 04:06:24.438063+00:00,False,True,False,2026-04-23T12:00:00Z,"['0.003', '0.997']",401708,highest-temperature-in-panama-city-on-april-23-2026,Highest temperature in Panama City on April 23?
2040625,Will the highest temperature in Panama City be 22°C on April 23?,Yes,No,68100899609786677998110455147070357507325845542292287084055519120925429507673,3144776697636959426570586209338812577203434177130057913422960317323932921594,0x00bc9e77656d3c4088cc109e392915065d2074f7ecfa477c9ca6d4c516de42a9,True,highest-temperature-in-panama-city-on-april-23-2026-22c,199.92,2026-04-21 04:06:24.545932+00:00,False,True,False,2026-04-23T12:00:00Z,"['0.005', '0.995']",401708,highest-temperature-in-panama-city-on-april-23-2026,Highest temperature in Panama City on April 23?
2040626,Will the highest temperature in Panama City be 23°C on April 23?,Yes,No,67132419270532972530174362828209173550388888591729451553607688194438576057625,77373260975955170817563789213528221762735456357306269498790393164348874400745,0x2aad4dedd6a24fbdab5fe2146cb78790c3e77ec56a8b2b99e6d1f939dd9d3768,True,highest-temperature-in-panama-city-on-april-23-2026-23c,112.90999999999998,2026-04-21 04:06:24.651604+00:00,False,True,False,2026-04-23T12:00:00Z,"['0.0025', '0.9975']",401708,highest-temperature-in-panama-city-on-april-23-2026,Highest temperature in Panama City on April 23?
2040627,Will the highest temperature in Panama City be 24°C on April 23?,Yes,No,83695624323110540631074116636222762419517392334656308706055505042667684913733,56938961415701576467912811412836932569497083238942409353670859333070138903475,0x93065253873980b7e281851e38d46c900f7b6133e5fb8228cbf25d042a1c7265,True,highest-temperature-in-panama-city-on-april-23-2026-24c,260.90999999999997,2026-04-21 04:06:24.756647+00:00,False,True,False,2026-04-23T12:00:00Z,"['0.003', '0.997']",401708,highest-temperature-in-panama-city-on-april-23-2026,Highest temperature in Panama City on April 23?
2040628,Will the highest temperature in Panama City be 25°C on April 23?,Yes,No,38303892394411118221344942263124705758849345235532039073534165597774282787051,114998874519816571371394210485708418762387487664684644836761783649534499232971,0xdc9bb7c5499361744e37084ecdd39165e70e7e987904aca1e967fe44fb40247b,True,highest-temperature-in-panama-city-on-april-23-2026-25c,175.06989999999996,2026-04-21 04:06:24.862209+00:00,False,True,False,2026-04-23T12:00:00Z,"['0.0065', '0.9935']",401708,highest-temperature-in-panama-city-on-april-23-2026,Highest temperature in Panama City on April 23?
2040629,Will the highest temperature in Panama City be 26°C on April 23?,Yes,No,50709947299198677198703188157187082719844373550328353879583808138905600518952,35298127883787699839860491599732194073043608846703135683359327412960013051268,0xd909656bbd0bfe156f8dfce75ffccc3e3bc8013c22b28a7d95437f7d3067863a,True,highest-temperature-in-panama-city-on-april-23-2026-26c,118.93010000000001,2026-04-21 04:06:24.965225+00:00,False,True,False,2026-04-23T12:00:00Z,"['0.004', '0.996']",401708,highest-temperature-in-panama-city-on-april-23-2026,Highest temperature in Panama City on April 23?
2040630,Will the highest temperature in Panama City be 27°C on April 23?,Yes,No,112017296626183457653712018395077387743206427382065215406146319701279849812576,55284167146899416005695700135083358485875760349181486310678658785284547034354,0x1ed35698913ccf30a1eb383e42bb22cce34dfe4f7e48a8415c9a560d29a58d02,True,highest-temperature-in-panama-city-on-april-23-2026-27c,108.94010000000002,2026-04-21 04:06:25.068326+00:00,False,True,False,2026-04-23T12:00:00Z,"['0.003', '0.997']",401708,highest-temperature-in-panama-city-on-april-23-2026,Highest temperature in Panama City on April 23?
2040631,Will the highest temperature in Panama City be 28°C on April 23?,Yes,No,102423251115889102568717608778166805121723303265808542508326404195997625851167,110782037010559795867955621595532905389754804239216621753222203251603358012699,0xc81d550578d3558ee3e9ba4819ce99da436154ef68b9f03209080bdb030eb487,True,highest-temperature-in-panama-city-on-april-23-2026-28c,169.953835,2026-04-21 04:06:25.367827+00:00,False,True,False,2026-04-23T12:00:00Z,"['0.015', '0.985']",401708,highest-temperature-in-panama-city-on-april-23-2026,Highest temperature in Panama City on April 23?
2040632,Will the highest temperature in Panama City be 29°C on April 23?,Yes,No,110763938488457303267174174991969823336576173024108106129445917198117960596736,57879490906912071948253117693503005417698766060908927331324487652654414325233,0x5498397f931ebab44427a87db670f3942bc91c727857b513529dbd0b2ba00a75,True,highest-temperature-in-panama-city-on-april-23-2026-29c,97.93000000000002,2026-04-21 04:06:25.475669+00:00,False,True,False,2026-04-23T12:00:00Z,"['0.0305', '0.9695']",401708,highest-temperature-in-panama-city-on-april-23-2026,Highest temperature in Panama City on April 23?
2040633,Will the highest temperature in Panama City be 30°C on April 23?,Yes,No,106248969152155012535751533073028626857085440816683484307873591307684564767580,115390957751124919428860137519795011439472561461784890163077552162837334453291,0x810368179480b26e033aa47ccc1c26742dea007372f0cb3c78c9e52c298a4960,True,highest-temperature-in-panama-city-on-april-23-2026-30c,125.55935000000002,2026-04-21 04:06:25.585436+00:00,False,True,False,2026-04-23T12:00:00Z,"['0.03', '0.97']",401708,highest-temperature-in-panama-city-on-april-23-2026,Highest temperature in Panama City on April 23?
2040634,Will the highest temperature in Panama City be 31°C or higher on April 23?,Yes,No,96533725145005545054067684593821136594380403558512969497519009285684725485058,29867668527813972143797184838011426580897124636118383480432179090440933295416,0x371a3c08a251b0b2847df9b06cd9ed74804ec46a69c5e29568f3280180c1676d,True,highest-temperature-in-panama-city-on-april-23-2026-31corhigher,410.9906090000001,2026-04-21 04:06:25.693291+00:00,False,True,False,2026-04-23T12:00:00Z,"['0.845', '0.155']",401708,highest-temperature-in-panama-city-on-april-23-2026,Highest temperature in Panama City on April 23?
2040635,Will the highest temperature in Kuala Lumpur be 26°C or below on April 23?,Yes,No,2237947334243587936380791602141364556555340473506642303494881647356433638434,84038106388881338383035454252209104392817513334715936976162226659576421287152,0x11b06079d32e80aa76aff03511a91ba37fcd7cc8a5a62964ed3ceefca065c673,True,highest-temperature-in-kuala-lumpur-on-april-23-2026-26corbelow,182.836,2026-04-21 04:06:28.727951+00:00,False,True,False,2026-04-23T12:00:00Z,"['0.002', '0.998']",401709,highest-temperature-in-kuala-lumpur-on-april-23-2026,Highest temperature in Kuala Lumpur on April 23?
2040636,Will the highest temperature in Kuala Lumpur be 27°C on April 23?,Yes,No,49887207205487652676578568971675708000542403634427312939337441085168179431341,80879052214052532814663424905724256280647314381919897735653980324517099456796,0x2fe3076db791c98b7a37d3ea5a318900a8394b485093e6f865305fb52c198f37,True,highest-temperature-in-kuala-lumpur-on-april-23-2026-27c,320.12600000000003,2026-04-21 04:06:28.836523+00:00,False,True,False,2026-04-23T12:00:00Z,"['0.0035', '0.9965']",401709,highest-temperature-in-kuala-lumpur-on-april-23-2026,Highest temperature in Kuala Lumpur on April 23?
2040637,Will the highest temperature in Kuala Lumpur be 28°C on April 23?,Yes,No,105789230673185655577153855823348268101876450937964819853519970863185999101408,7184467566507443715491105393016184755137203566306366758887153701459125389930,0x835497ace97d631682cd7cd7ba7e07cb55c86181ae1f0927b6ec179cc84056e5,True,highest-temperature-in-kuala-lumpur-on-april-23-2026-28c,51.019999999999996,2026-04-21 04:06:28.945957+00:00,False,True,False,2026-04-23T12:00:00Z,"['0.006', '0.994']",401709,highest-temperature-in-kuala-lumpur-on-april-23-2026,Highest temperature in Kuala Lumpur on April 23?
2040638,Will the highest temperature in Kuala Lumpur be 29°C on April 23?,Yes,No,94742432732575863542641406545336199614189120752994201651676981463122128907116,72483796739905827945435975415528157392098237173348339752545777191513096259037,0x74e328f425bbe5b869b68bd8ede3fa01ebb0da552bf8b7831ba578824f0ebfc8,True,highest-temperature-in-kuala-lumpur-on-april-23-2026-29c,115.549485,2026-04-21 04:06:29.052949+00:00,False,True,False,2026-04-23T12:00:00Z,"['0.009', '0.991']",401709,highest-temperature-in-kuala-lumpur-on-april-23-2026,Highest temperature in Kuala Lumpur on April 23?
2040639,Will the highest temperature in Kuala Lumpur be 30°C on April 23?,Yes,No,108670961423471616627782578037085915851629585839991842662057851291390238702543,69355817345980279289869918021552122571717220942120209533657243407828320016871,0x069fa611fb78bc6004b6ddcd1d78524b7ec6cf058ce78f75b79b211a05e1f266,True,highest-temperature-in-kuala-lumpur-on-april-23-2026-30c,140.62824999999998,2026-04-21 04:06:29.160490+00:00,False,True,False,2026-04-23T12:00:00Z,"['0.0195', '0.9805']",401709,highest-temperature-in-kuala-lumpur-on-april-23-2026,Highest temperature in Kuala Lumpur on April 23?
2040640,Will the highest temperature in Kuala Lumpur be 31°C on April 23?,Yes,No,49304779912015465996229895144741085263186974149108012201105963085906319917275,44787391592356888637795533472161569320177796642360431922719435222853948910932,0xa62e8781a24b83bdacdbd5d43054fb8c4a9c22b8c472b4b845ccf090400e87c6,True,highest-temperature-in-kuala-lumpur-on-april-23-2026-31c,113.65699000000001,2026-04-21 04:06:29.267397+00:00,False,True,False,2026-04-23T12:00:00Z,"['0.08', '0.92']",401709,highest-temperature-in-kuala-lumpur-on-april-23-2026,Highest temperature in Kuala Lumpur on April 23?
2040641,Will the highest temperature in Kuala Lumpur be 32°C on April 23?,Yes,No,108649341712472924981268451531947126584445225122776853855423669323828406631984,91778921319026649052702003580967203065012703558601008006521585910061850529550,0x68a8e680e5ac4ea18ce9a1dac13a28697bc9e822a5ccf1d3a827807563e04757,True,highest-temperature-in-kuala-lumpur-on-april-23-2026-32c,39.516342,2026-04-21 04:06:29.374348+00:00,False,True,False,2026-04-23T12:00:00Z,"['0.26', '0.74']",401709,highest-temperature-in-kuala-lumpur-on-april-23-2026,Highest temperature in Kuala Lumpur on April 23?
2040642,Will the highest temperature in Kuala Lumpur be 33°C on April 23?,Yes,No,80225407046981181860647269205928457760627182366279768993440903750914719065042,74446639289357297910860898809440025813561958577272140364004261641370003617025,0x8d32e50e018cb0760fe3be5f805c89e3df7ee7b7bd64b0f2d422c6b07861b2e4,True,highest-temperature-in-kuala-lumpur-on-april-23-2026-33c,26.000553,2026-04-21 04:06:29.482207+00:00,False,True,False,2026-04-23T12:00:00Z,"['0.33', '0.67']",401709,highest-temperature-in-kuala-lumpur-on-april-23-2026,Highest temperature in Kuala Lumpur on April 23?
2040643,Will the highest temperature in Kuala Lumpur be 34°C on April 23?,Yes,No,61058435759231668106301933659284896833600905674188534446439111064123932320508,39828796217696314783179307220263133846693866113598253200282297608270143275793,0x7b4a618ae6429153310c8691bf9751a182e4f71327a399f871e26e37ed76fe56,True,highest-temperature-in-kuala-lumpur-on-april-23-2026-34c,28.580696,2026-04-21 04:06:29.590578+00:00,False,True,False,2026-04-23T12:00:00Z,"['0.225', '0.775']",401709,highest-temperature-in-kuala-lumpur-on-april-23-2026,Highest temperature in Kuala Lumpur on April 23?
2040644,Will the highest temperature in Kuala Lumpur be 35°C on April 23?,Yes,No,15265108558597952719647948511911229432221972636661865212366876578488111856350,5564381392024057198550739821533780496646585167599174614932710637697885404697,0x5fd0f432b11d82d2b78365237f59c910eb1370f6a9f240c46d7d6e2dd4d11edf,True,highest-temperature-in-kuala-lumpur-on-april-23-2026-35c,39.10666,2026-04-21 04:06:29.699815+00:00,False,True,False,2026-04-23T12:00:00Z,"['0.104', '0.896']",401709,highest-temperature-in-kuala-lumpur-on-april-23-2026,Highest temperature in Kuala Lumpur on April 23?
2040645,Will the highest temperature in Kuala Lumpur be 36°C or higher on April 23?,Yes,No,78806530695773065681026911430838894147854417048710497476150735326761914338173,70078733011773807525139591649613398661275036880568906599567788939780562913292,0x07fcc42fa2b3082ee3116e8ddc7f57be055ba81d5ff9c45199d2e7adf039ccfd,True,highest-temperature-in-kuala-lumpur-on-april-23-2026-36corhigher,62.058,2026-04-21 04:06:29.807540+00:00,False,True,False,2026-04-23T12:00:00Z,"['0.014', '0.986']",401709,highest-temperature-in-kuala-lumpur-on-april-23-2026,Highest temperature in Kuala Lumpur on April 23?
2040646,Will the highest temperature in Jakarta be 27°C or below on April 23?,Yes,No,17644205239565477724430888935820977588486737303077131274945902054221439956586,41781143278235492479560339301868811047032864526241857325657314790483988797451,0x8f1179c163fa7fff728b003b1135f57197b14aec275246f9bc6489a0bb82adf3,True,highest-temperature-in-jakarta-on-april-23-2026-27corbelow,55.085,2026-04-21 04:06:32.966820+00:00,False,True,False,2026-04-23T12:00:00Z,"['0.0035', '0.9965']",401710,highest-temperature-in-jakarta-on-april-23-2026,Highest temperature in Jakarta on April 23?
2040647,Will the highest temperature in Jakarta be 28°C on April 23?,Yes,No,99620330363400465328755303530998668144701472495172716626683822227385708300400,114432979445369760164782266262745400385773757435627243642990071916403138047720,0x3a17e95b03279550485c5d632776979729e96af15bbfd5b6400e00e34edcde36,True,highest-temperature-in-jakarta-on-april-23-2026-28c,59.989666,2026-04-21 04:06:33.080622+00:00,False,True,False,2026-04-23T12:00:00Z,"['0.006', '0.994']",401710,highest-temperature-in-jakarta-on-april-23-2026,Highest temperature in Jakarta on April 23?
2040648,Will the highest temperature in Jakarta be 29°C on April 23?,Yes,No,16452639459048686454968143555706639025694148956660555037944408789189938935746,108858577648018789828343487343050110647042146481373046369081552800903953951509,0xf7feaee3bef32751cc3be1e2af65665634f435e8c175ad0cdb2e6fea53be1983,True,highest-temperature-in-jakarta-on-april-23-2026-29c,74.979766,2026-04-21 04:06:33.188830+00:00,False,True,False,2026-04-23T12:00:00Z,"['0.0085', '0.9915']",401710,highest-temperature-in-jakarta-on-april-23-2026,Highest temperature in Jakarta on April 23?
2040649,Will the highest temperature in Jakarta be 30°C on April 23?,Yes,No,107333996954949261576380554154226355303763383485255200944659289543855654497365,113656380394062756237883108109941488999429294802470475935318415113023773389447,0x2d923542ae05fc30b5f7f8fc275a9d8880e5b586a0d7a0e7ae8fb083d51db015,True,highest-temperature-in-jakarta-on-april-23-2026-30c,198.1487,2026-04-21 04:06:33.295781+00:00,False,True,False,2026-04-23T12:00:00Z,"['0.05', '0.95']",401710,highest-temperature-in-jakarta-on-april-23-2026,Highest temperature in Jakarta on April 23?
2040650,Will the highest temperature in Jakarta be 31°C on April 23?,Yes,No,71303961478230830621967280766616801088407370168966220129863581833014557380487,41613693409636992114335273200247688131579731466272079559712261653281719994416,0xd61cc5a28d5efa7bbfd22c8b3b8c3c00053f491e5b6a90ef0a9a0bc30eb84c3b,True,highest-temperature-in-jakarta-on-april-23-2026-31c,73.253229,2026-04-21 04:06:33.409186+00:00,False,True,False,2026-04-23T12:00:00Z,"['0.12', '0.88']",401710,highest-temperature-in-jakarta-on-april-23-2026,Highest temperature in Jakarta on April 23?
2040651,Will the highest temperature in Jakarta be 32°C on April 23?,Yes,No,61566511303619373809606450238954944179140754810778901943694226469516982007969,113118606657006393831666695472575499583237797956416794383850785976746647371800,0x01b735e6fb0cf38e7d91fcc1d50a2a404807578978b5f1d34dbbe8662597482c,True,highest-temperature-in-jakarta-on-april-23-2026-32c,13.8,2026-04-21 04:06:33.520144+00:00,False,True,False,2026-04-23T12:00:00Z,"['0.255', '0.745']",401710,highest-temperature-in-jakarta-on-april-23-2026,Highest temperature in Jakarta on April 23?
2040652,Will the highest temperature in Jakarta be 33°C on April 23?,Yes,No,57607369374034104915108807460142216845913434490091701509467967667883393451466,104768472091573580177957172597634343781818375490979047042578605976087695213966,0x7406ad80b09db69d0722c1cce89ce64bd1bde71efeee398b443ca8bcb1de09d8,True,highest-temperature-in-jakarta-on-april-23-2026-33c,35.738064,2026-04-21 04:06:33.628847+00:00,False,True,False,2026-04-23T12:00:00Z,"['0.28', '0.72']",401710,highest-temperature-in-jakarta-on-april-23-2026,Highest temperature in Jakarta on April 23?
2040653,Will the highest temperature in Jakarta be 34°C on April 23?,Yes,No,94912883621492269701908205908308479594265708796158291157800932826671296794372,107789751871505659215858516221899500561079008587867843827916996784976882225471,0x2c655cfcca0575fab854205cad4bf4e079fc6df9e54b6acb7866c5de2a3adf3c,True,highest-temperature-in-jakarta-on-april-23-2026-34c,20,2026-04-21 04:06:33.741187+00:00,False,True,False,2026-04-23T12:00:00Z,"['0.29', '0.71']",401710,highest-temperature-in-jakarta-on-april-23-2026,Highest temperature in Jakarta on April 23?
2040654,Will the highest temperature in Jakarta be 35°C on April 23?,Yes,No,89590275739513443172900885416926140751764783343855533326844477503729312050175,21466290912999954447889251586470966703884919844226655847257420478223904909238,0x6b337c3aa28a0b35c2a644b42195073481f8052a6d768540361257fc864c6682,True,highest-temperature-in-jakarta-on-april-23-2026-35c,196.359645,2026-04-21 04:06:33.848474+00:00,False,True,False,2026-04-23T12:00:00Z,"['0.04', '0.96']",401710,highest-temperature-in-jakarta-on-april-23-2026,Highest temperature in Jakarta on April 23?
2040655,Will the highest temperature in Jakarta be 36°C on April 23?,Yes,No,95527123884015447456274446783654233036797697320738478759264599057873656044908,105362220258888059497167680088361971319509182197439631879153664380146901448270,0xb71ce512fb2a1fa1da55fa015384a31ed6e679dee2bc0b01ab32be9d3e90843f,True,highest-temperature-in-jakarta-on-april-23-2026-36c,68.75253299999999,2026-04-21 04:06:33.959410+00:00,False,True,False,2026-04-23T12:00:00Z,"['0.0205', '0.9795']",401710,highest-temperature-in-jakarta-on-april-23-2026,Highest temperature in Jakarta on April 23?
2040656,Will the highest temperature in Jakarta be 37°C or higher on April 23?,Yes,No,30882544896403182278339394550711750890066785179801857003117678245458715691848,10714334945082354117131391311141009047031052355412702381897596899785498569235,0x03c11bde688219fd3e6aa2603543bac63b4575a5487be6dd41956c8a20978ff6,True,highest-temperature-in-jakarta-on-april-23-2026-37corhigher,88.87015,2026-04-21 04:06:34.067552+00:00,False,True,False,2026-04-23T12:00:00Z,"['0.0055', '0.9945']",401710,highest-temperature-in-jakarta-on-april-23-2026,Highest temperature in Jakarta on April 23?
2040657,Will the highest temperature in Jeddah be 25°C or below on April 23?,Yes,No,39259592093623227398193959450766482588975148484459969892856623416775801577898,64580516208339848282827263018326626382959125714226739979201359445887834359918,0x46bc30fa5dc5a23de764c0b1c67e31b74dcda4d184a96360e8b76abee26bd8c5,True,highest-temperature-in-jeddah-on-april-23-2026-25corbelow,550,2026-04-21 04:06:37.419900+00:00,False,True,False,2026-04-23T12:00:00Z,"['0.004', '0.996']",401711,highest-temperature-in-jeddah-on-april-23-2026,Highest temperature in Jeddah on April 23?
2040658,Will the highest temperature in Jeddah be 26°C on April 23?,Yes,No,99799658882909725950915906295045965213184883437501106338763250609059787384858,64736879051911747531150992268252383118827833546528679782388974603451226801263,0x9a3a36db0f38689808f6e16424a2fb354158f95043415c5a0732313af5656b1f,True,highest-temperature-in-jeddah-on-april-23-2026-26c,539,2026-04-21 04:06:37.707142+00:00,False,True,False,2026-04-23T12:00:00Z,"['0.005', '0.995']",401711,highest-temperature-in-jeddah-on-april-23-2026,Highest temperature in Jeddah on April 23?
2040659,Will the highest temperature in Jeddah be 27°C on April 23?,Yes,No,24264736962188141933272856533303214460990761937360118764695487723431737367031,57059343364489710497658120362591214597162562706929647689990545361518761572172,0xd67000530ec9c4f1925b83ce6de8b32e240f1d5c544ac8497219e3063b227b0e,True,highest-temperature-in-jeddah-on-april-23-2026-27c,535.0101,2026-04-21 04:06:37.819246+00:00,False,True,False,2026-04-23T12:00:00Z,"['0.003', '0.997']",401711,highest-temperature-in-jeddah-on-april-23-2026,Highest temperature in Jeddah on April 23?
2040660,Will the highest temperature in Jeddah be 28°C on April 23?,Yes,No,77279601779057661839446122359213065084798902417935996319107834669102641538741,15313619485826672699227253912246355537282921018994196199683157556306965861254,0x207ad16d88310bff31ab9191690b419e72a55be30d2ffe0a160475357d4ad00f,True,highest-temperature-in-jeddah-on-april-23-2026-28c,685.9201,2026-04-21 04:06:37.925893+00:00,False,True,False,2026-04-23T12:00:00Z,"['0.003', '0.997']",401711,highest-temperature-in-jeddah-on-april-23-2026,Highest temperature in Jeddah on April 23?
2040661,Will the highest temperature in Jeddah be 29°C on April 23?,Yes,No,64796941013099216885348047051427644035457477627212938425477024903341181504065,5725463196008160354902531087939337863510188835515565635828987579135336624489,0x000e1a824d0b8c7fa2477a3ab8520a54db9539bd2a9caebb4b83b9770abe1e36,True,highest-temperature-in-jeddah-on-april-23-2026-29c,185.07164999999998,2026-04-21 04:06:38.034580+00:00,False,True,False,2026-04-23T12:00:00Z,"['0.0145', '0.9855']",401711,highest-temperature-in-jeddah-on-april-23-2026,Highest temperature in Jeddah on April 23?
2040662,Will the highest temperature in Jeddah be 30°C on April 23?,Yes,No,30017185923289341486999914532441225362874159525114821943317566473328070300093,51375498996949476013899667616891740464807701473178672527064454070462198554806,0xa303480d96700b9fea17399de84be27fe51c91aae4c1a63f238292c7902bbdb6,True,highest-temperature-in-jeddah-on-april-23-2026-30c,228.59559999999996,2026-04-21 04:06:38.139935+00:00,False,True,False,2026-04-23T12:00:00Z,"['0.0235', '0.9765']",401711,highest-temperature-in-jeddah-on-april-23-2026,Highest temperature in Jeddah on April 23?
2040663,Will the highest temperature in Jeddah be 31°C on April 23?,Yes,No,52127182737133203119666785520390641692329893800805205337881300071256037588647,20761525287249481139507685596836361501815861059680541163138893010519883414133,0xd74f568acdc60b1774668fa3a6a93521aca8e7553ca8de18024a542ce96f9436,True,highest-temperature-in-jeddah-on-april-23-2026-31c,65.515825,2026-04-21 04:06:38.248638+00:00,False,True,False,2026-04-23T12:00:00Z,"['0.085', '0.915']",401711,highest-temperature-in-jeddah-on-april-23-2026,Highest temperature in Jeddah on April 23?
2040664,Will the highest temperature in Jeddah be 32°C on April 23?,Yes,No,22512139561485294875856806975558283496506883531688602307121145945207242124918,66265209046349292587238938623844930976039075596522560791124988307265467591136,0x6eb6003488d85672702bab0c8e147777018f104e0337fa69b6928f72fd2e5350,True,highest-temperature-in-jeddah-on-april-23-2026-32c,29.531641999999998,2026-04-21 04:06:38.355453+00:00,False,True,False,2026-04-23T12:00:00Z,"['0.16', '0.84']",401711,highest-temperature-in-jeddah-on-april-23-2026,Highest temperature in Jeddah on April 23?
2040665,Will the highest temperature in Jeddah be 33°C on April 23?,Yes,No,41459778548153195559390796617611236269754467766319434366857942157155880750101,24420666657510002971593810240320444372588704744111678437671861327448993928736,0xea9ab38ed59d27ac7963a67a15dcfdbf61c616bf7b0fe7cbc6095b603a172082,True,highest-temperature-in-jeddah-on-april-23-2026-33c,31.501289,2026-04-21 04:06:38.463242+00:00,False,True,False,2026-04-23T12:00:00Z,"['0.265', '0.735']",401711,highest-temperature-in-jeddah-on-april-23-2026,Highest temperature in Jeddah on April 23?
2040666,Will the highest temperature in Jeddah be 34°C on April 23?,Yes,No,98495508580651446917569624157321006834881114690944935627078945763927287406289,103051585134869174336704641589939439539590164343855168586848622431820510591101,0x9eeb4cb3d1170cb25cab6f9f7172b771a975a6e1804e252dbeb5f82ae9bac0e7,True,highest-temperature-in-jeddah-on-april-23-2026-34c,14,2026-04-21 04:06:38.570885+00:00,False,True,False,2026-04-23T12:00:00Z,"['0.21', '0.79']",401711,highest-temperature-in-jeddah-on-april-23-2026,Highest temperature in Jeddah on April 23?
2040667,Will the highest temperature in Jeddah be 35°C or higher on April 23?,Yes,No,26879068564298917655250133318712503831848324991564911404970710144804776160780,79267768447353525319386268305806373405640921938731573142262532557478842583646,0x3e433ef2acc3bc311a9a09baf6a99de1d4350837461697e0da3f091ed4c6dd2f,True,highest-temperature-in-jeddah-on-april-23-2026-35corhigher,105.80200499999998,2026-04-21 04:06:38.678608+00:00,False,True,False,2026-04-23T12:00:00Z,"['0.12', '0.88']",401711,highest-temperature-in-jeddah-on-april-23-2026,Highest temperature in Jeddah on April 23?
2040668,Will the highest temperature in Lagos be 28°C or below on April 23?,Yes,No,21617698813430699462147923792232918756192250675739657226918173354326491162658,41074171786242983922182778622737686039698568895726855100815933181491900267816,0x639c0827a79d77ffe521b31de7329aed0a9b9c99465e2fdf45f06bcbfd2b44b3,True,highest-temperature-in-lagos-on-april-23-2026-28corbelow,913.666154,2026-04-21 04:06:41.907741+00:00,False,True,False,2026-04-23T12:00:00Z,"['0.0235', '0.9765']",401712,highest-temperature-in-lagos-on-april-23-2026,Highest temperature in Lagos on April 23?
2040669,Will the highest temperature in Lagos be 29°C on April 23?,Yes,No,42133073138626883447916449808361316605042618437384890607179968679558587037807,36929125738953244842149789592748759282351623360536812959455915994488533727529,0x396cc1006939284740914aa452f5b2a0a3d0668b24f1a201340e319f58c99910,True,highest-temperature-in-lagos-on-april-23-2026-29c,200.242833,2026-04-21 04:06:42.017576+00:00,False,True,False,2026-04-23T12:00:00Z,"['0.014', '0.986']",401712,highest-temperature-in-lagos-on-april-23-2026,Highest temperature in Lagos on April 23?
2040670,Will the highest temperature in Lagos be 30°C on April 23?,Yes,No,78363799056584073658624985933843792188821762938833020047630936965713236451116,55541754217984092567155631170517831980958846963679642947304738259095535552746,0x128fdfbbea26afd6c9b7943a0f77cb43ef7d8fcadc82211842e888ce96157784,True,highest-temperature-in-lagos-on-april-23-2026-30c,368.35,2026-04-21 04:06:42.126206+00:00,False,True,False,2026-04-23T12:00:00Z,"['0.08', '0.92']",401712,highest-temperature-in-lagos-on-april-23-2026,Highest temperature in Lagos on April 23?
2040671,Will the highest temperature in Lagos be 31°C on April 23?,Yes,No,35487666272900181299009576516372424387863804364881998794699547883502538976891,63700543188864359556596633997248932988942431051386502635400688743779361261403,0x3f25345ff514d6d83afd20af70a1edfd3303521621a85876cd7b70345e86e90b,True,highest-temperature-in-lagos-on-april-23-2026-31c,,2026-04-21 04:06:42.237772+00:00,False,True,False,2026-04-23T12:00:00Z,"['0.135', '0.865']",401712,highest-temperature-in-lagos-on-april-23-2026,Highest temperature in Lagos on April 23?
2040672,Will the highest temperature in Lagos be 32°C on April 23?,Yes,No,105634471390411047213648123329689949478505881797967700048390375167209237284731,550226892403159694267788064154670416759432670819381549998318034951016961426,0x9d9baf64ac52a4ae51feb916141dce6e48a63fe47f522fa959b27df024cc9789,True,highest-temperature-in-lagos-on-april-23-2026-32c,,2026-04-21 04:06:42.346608+00:00,False,True,False,2026-04-23T12:00:00Z,"['0.12', '0.88']",401712,highest-temperature-in-lagos-on-april-23-2026,Highest temperature in Lagos on April 23?
2040673,Will the highest temperature in Lagos be 33°C on April 23?,Yes,No,82831866635459896727785791010446281876961897952432302837325322854871201814628,4649383217774867882039493141091236087776123926610971072352223483140128384932,0x5be682bc2ccf8b1ba8124ea16ec0edf7d28e70f7c237ae01975eaa789797f2af,True,highest-temperature-in-lagos-on-april-23-2026-33c,8.448274,2026-04-21 04:06:42.457805+00:00,False,True,False,2026-04-23T12:00:00Z,"['0.265', '0.735']",401712,highest-temperature-in-lagos-on-april-23-2026,Highest temperature in Lagos on April 23?
2040674,Will the highest temperature in Lagos be 34°C on April 23?,Yes,No,65931972224860457295856266474349544685288888165934251466629844947095545893529,79678316759637340393334248667623084683828186675518939045905600481647938514579,0x0d11924ec0ae1f8c41282a135359de761ca13704e730275959f04e5676250a02,True,highest-temperature-in-lagos-on-april-23-2026-34c,,2026-04-21 04:06:42.564768+00:00,False,True,False,2026-04-23T12:00:00Z,"['0.26', '0.74']",401712,highest-temperature-in-lagos-on-april-23-2026,Highest temperature in Lagos on April 23?
2040675,Will the highest temperature in Lagos be 35°C on April 23?,Yes,No,75430971577334319502089436457562684772502265142085066788360919465143912652192,48418712595380249667770723419449165279281805821299277794607047188226326825038,0x2128fda03981caeed53bf44cecf9135d50c7c339d6f756517f36c7997b224574,True,highest-temperature-in-lagos-on-april-23-2026-35c,10,2026-04-21 04:06:42.671729+00:00,False,True,False,2026-04-23T12:00:00Z,"['0.15', '0.85']",401712,highest-temperature-in-lagos-on-april-23-2026,Highest temperature in Lagos on April 23?
2040676,Will the highest temperature in Lagos be 36°C on April 23?,Yes,No,31220956550449376295972935610056392443993054318037678153709022590802262091972,21914146601430324723674254399606984414966485667279676912339179662185681357216,0xe1ae41365d0aad3be39ddfe0a2e7eca4d9eab256fd76f70852ae3bf1ec56852f,True,highest-temperature-in-lagos-on-april-23-2026-36c,267.124999,2026-04-21 04:06:42.779401+00:00,False,True,False,2026-04-23T12:00:00Z,"['0.038', '0.962']",401712,highest-temperature-in-lagos-on-april-23-2026,Highest temperature in Lagos on April 23?
2040677,Will the highest temperature in Lagos be 37°C on April 23?,Yes,No,62675134241272024599139839389563517098892820955172536105689203614155138908587,17794738186261466709362611908305823294882053904236672612582539755670716120174,0xf7a7489246ef478130285a290a61d351fac7f7b332ae1dfb3b1a5bf0db37f5a2,True,highest-temperature-in-lagos-on-april-23-2026-37c,240,2026-04-21 04:06:42.886542+00:00,False,True,False,2026-04-23T12:00:00Z,"['0.013', '0.987']",401712,highest-temperature-in-lagos-on-april-23-2026,Highest temperature in Lagos on April 23?
2040678,Will the highest temperature in Lagos be 38°C or higher on April 23?,Yes,No,100330295115104163530540671338338315237167796795783934361077684468258021073039,36666539804592684368843550208299179799625640935673580249460590682833873758980,0xba354959896f5542ddd99c24d62e79eaa961b92ee9a4644bca467d8fb5979606,True,highest-temperature-in-lagos-on-april-23-2026-38corhigher,25,2026-04-21 04:06:42.993992+00:00,False,True,False,2026-04-23T12:00:00Z,"['0.0075', '0.9925']",401712,highest-temperature-in-lagos-on-april-23-2026,Highest temperature in Lagos on April 23?
2040679,Will the highest temperature in Cape Town be 17°C or below on April 23?,Yes,No,61738447807566657521002991523407769448290115321501350414569194911489839125948,37148108971926696084444933260515690112248860783284268436601981124108022116627,0xda056cc0b8746211fde03e1f90d5c37ab6dc234d5ee80f8b24dd0f24eb06cf88,True,highest-temperature-in-cape-town-on-april-23-2026-17corbelow,49.97,2026-04-21 04:06:46.165839+00:00,False,True,False,2026-04-23T12:00:00Z,"['0.004', '0.996']",401713,highest-temperature-in-cape-town-on-april-23-2026,Highest temperature in Cape Town on April 23?
2040680,Will the highest temperature in Cape Town be 18°C on April 23?,Yes,No,46493640114989809923637017176432609861634690028405662062480855376059971222672,108393083499585419607062796293075696989416902826196980351781303666472912114360,0x6f1d69ded1dc75943230564a8174fa7204577e8473b0bb0f941e345a8a34a391,True,highest-temperature-in-cape-town-on-april-23-2026-18c,30,2026-04-21 04:06:46.275736+00:00,False,True,False,2026-04-23T12:00:00Z,"['0.0075', '0.9925']",401713,highest-temperature-in-cape-town-on-april-23-2026,Highest temperature in Cape Town on April 23?
2040681,Will the highest temperature in Cape Town be 19°C on April 23?,Yes,No,85927843068621229315812779623408739967194303000080084613100857761655542908974,8566320997593394235229395571316995568910888520025110203416865256051470400872,0x4a74c2af4a57b94eae32e85a52ddc7007557f5523042a50f9181ee0bf8a30490,True,highest-temperature-in-cape-town-on-april-23-2026-19c,73.94555599999998,2026-04-21 04:06:46.385360+00:00,False,True,False,2026-04-23T12:00:00Z,"['0.009', '0.991']",401713,highest-temperature-in-cape-town-on-april-23-2026,Highest temperature in Cape Town on April 23?
2040682,Will the highest temperature in Cape Town be 20°C on April 23?,Yes,No,80854035263984148013989664990176002512141284211923290512275692358546594015679,65463922818422477473490111950146393214494536735066580776997575933573069863563,0x40a4c794a5e17482afaab867f297a6b787305a2fb30076372b9f121b488d803d,True,highest-temperature-in-cape-town-on-april-23-2026-20c,74.227915,2026-04-21 04:06:46.494048+00:00,False,True,False,2026-04-23T12:00:00Z,"['0.045', '0.955']",401713,highest-temperature-in-cape-town-on-april-23-2026,Highest temperature in Cape Town on April 23?
2040683,Will the highest temperature in Cape Town be 21°C on April 23?,Yes,No,46542476937138332314863029445134798845863349333235711897577543775678136658478,71074285052159500370426824267501487221581063878480325784284143301522431682534,0x6ea389bfe35e7175ee92bc6e8cb94c323f22f0f33b4972a71bbb841209a3bc5e,True,highest-temperature-in-cape-town-on-april-23-2026-21c,31.16,2026-04-21 04:06:46.603292+00:00,False,True,False,2026-04-23T12:00:00Z,"['0.09', '0.91']",401713,highest-temperature-in-cape-town-on-april-23-2026,Highest temperature in Cape Town on April 23?
2040684,Will the highest temperature in Cape Town be 22°C on April 23?,Yes,No,54814939301307405697646746452468596841339133359575960978074247679865000214019,83525370994142285840741337002113615130398192597611900912191988620492280457176,0x7d8c8476da2e0729694ed3f1bae209353cd676a389b3bc4eceea0b4d9dab8df2,True,highest-temperature-in-cape-town-on-april-23-2026-22c,7.777775999999999,2026-04-21 04:06:46.714281+00:00,False,True,False,2026-04-23T12:00:00Z,"['0.355', '0.645']",401713,highest-temperature-in-cape-town-on-april-23-2026,Highest temperature in Cape Town on April 23?
2040685,Will the highest temperature in Cape Town be 23°C on April 23?,Yes,No,79797022195183994971525476062565733686887198353506155613747955889380374957129,7106536490915581186731691525791894265786717094390805733220270436528010445111,0x1dd0602b508111ee6eb3baa13bb1272d44b44dedf5dac0afada2c45a12a76a93,True,highest-temperature-in-cape-town-on-april-23-2026-23c,31.1,2026-04-21 04:06:46.823946+00:00,False,True,False,2026-04-23T12:00:00Z,"['0.295', '0.705']",401713,highest-temperature-in-cape-town-on-april-23-2026,Highest temperature in Cape Town on April 23?
2040686,Will the highest temperature in Cape Town be 24°C on April 23?,Yes,No,27558578430881680047718730266258201722797551377798475388402370888970061625931,18360651739358577509578352889777379822069626527742391459171486370256443333869,0xaf2fc876daf7da47716087cf8ee03e5b8d1985d310cb39aabc8992db07ff5c92,True,highest-temperature-in-cape-town-on-april-23-2026-24c,21.19565,2026-04-21 04:06:46.932859+00:00,False,True,False,2026-04-23T12:00:00Z,"['0.165', '0.835']",401713,highest-temperature-in-cape-town-on-april-23-2026,Highest temperature in Cape Town on April 23?
2040687,Will the highest temperature in Cape Town be 25°C on April 23?,Yes,No,32257470455046998065454734748344820295290001634701559357713636753770624466750,107877591967561177288364955520585510120429682170039397154722018582497452434475,0x21077f1b2249bd7e35a1e9baeb35b100193e29c8ab422e5460d5ee99cd582dfd,True,highest-temperature-in-cape-town-on-april-23-2026-25c,28.387760000000004,2026-04-21 04:06:47.042331+00:00,False,True,False,2026-04-23T12:00:00Z,"['0.075', '0.925']",401713,highest-temperature-in-cape-town-on-april-23-2026,Highest temperature in Cape Town on April 23?
2040688,Will the highest temperature in Cape Town be 26°C on April 23?,Yes,No,73233276083887524255057669717283245719155238368798678271761770574870707247700,50782826525551925031047657278192723792074057208690181008723365219842443003820,0xa3af0bd1d1d85890643744692b1982efd0c7fbe2f296bf6f9c5a15039b41a287,True,highest-temperature-in-cape-town-on-april-23-2026-26c,54.0804,2026-04-21 04:06:47.152580+00:00,False,True,False,2026-04-23T12:00:00Z,"['0.0225', '0.9775']",401713,highest-temperature-in-cape-town-on-april-23-2026,Highest temperature in Cape Town on April 23?
2040689,Will the highest temperature in Cape Town be 27°C or higher on April 23?,Yes,No,87700042139773958253025064236546888838101088693268452175344142750862625627735,35639799650872340583251632187219256194213655344617783422720352177194493287141,0x7bf74d6198a98075d3dadff6d98fdc8a819a2d85fe696ef0fc01e93dc865a4e3,True,highest-temperature-in-cape-town-on-april-23-2026-27corhigher,198.930329,2026-04-21 04:06:47.259678+00:00,False,True,False,2026-04-23T12:00:00Z,"['0.008', '0.992']",401713,highest-temperature-in-cape-town-on-april-23-2026,Highest temperature in Cape Town on April 23?
2040690,Will the highest temperature in Guangzhou be 19°C or below on April 23?,Yes,No,55118579016125497958873836196523141538151296337892235874768905859660603081551,111218950366574956836587401140824044569373140191182713326911157046849898414766,0x85c75d275dfc51d3cdfcfa4b2e42b49338256d2868a5d5e01faf7c2ef8c2ce47,True,highest-temperature-in-guangzhou-on-april-23-2026-19corbelow,192.477,2026-04-21 04:06:50.357657+00:00,False,True,False,2026-04-23T12:00:00Z,"['0.0055', '0.9945']",401714,highest-temperature-in-guangzhou-on-april-23-2026,Highest temperature in Guangzhou on April 23?
2040691,Will the highest temperature in Guangzhou be 20°C on April 23?,Yes,No,26696269452416566517122727368390755687714523815759915043094063878442614171557,103072350332139423058899474404923066526074912438379214223838659392935085753749,0xc7016bcd1eb0813c0c2555ca4ad73fbd853ed56726aa42ee58e708127f5842d1,True,highest-temperature-in-guangzhou-on-april-23-2026-20c,197.438332,2026-04-21 04:06:50.467135+00:00,False,True,False,2026-04-23T12:00:00Z,"['0.009', '0.991']",401714,highest-temperature-in-guangzhou-on-april-23-2026,Highest temperature in Guangzhou on April 23?
2040692,Will the highest temperature in Guangzhou be 21°C on April 23?,Yes,No,58344302201866971297714484245296241178745275458165630351237099902042919761533,19683600025389145016417506051065383711498445208077018320825528394281284027024,0xb1129aeb71f42c431558bd3ae20a89292e93b52d0656834a1ce75540a7432e48,True,highest-temperature-in-guangzhou-on-april-23-2026-21c,220.04294299999995,2026-04-21 04:06:50.579021+00:00,False,True,False,2026-04-23T12:00:00Z,"['0.025', '0.975']",401714,highest-temperature-in-guangzhou-on-april-23-2026,Highest temperature in Guangzhou on April 23?
2040693,Will the highest temperature in Guangzhou be 22°C on April 23?,Yes,No,51336041697773958285968860884286755673031657793239216527177680835651952132380,106432114014083537941453891817935047726915434906381405799553238750916211829051,0xb62a0164ab964b83f61b532a805a2a9098e67434b8017180506f9e7a1d65cb5e,True,highest-temperature-in-guangzhou-on-april-23-2026-22c,52.587999999999994,2026-04-21 04:06:50.685482+00:00,False,True,False,2026-04-23T12:00:00Z,"['0.085', '0.915']",401714,highest-temperature-in-guangzhou-on-april-23-2026,Highest temperature in Guangzhou on April 23?
2040694,Will the highest temperature in Guangzhou be 23°C on April 23?,Yes,No,95466327985003705417378600024997867454312300966123277449001724676826622082166,69587179693969885691238910258538607787287699938238778425165250019698059820356,0x220be7cdb9e303f9a378bfeb4a1bab690357274065c043408d87c16a0ba2ee0c,True,highest-temperature-in-guangzhou-on-april-23-2026-23c,36.835618,2026-04-21 04:06:50.794075+00:00,False,True,False,2026-04-23T12:00:00Z,"['0.125', '0.875']",401714,highest-temperature-in-guangzhou-on-april-23-2026,Highest temperature in Guangzhou on April 23?
2040695,Will the highest temperature in Guangzhou be 24°C on April 23?,Yes,No,88031632332291095667020124480375873453581402953070075973386033255405903974997,110310671550955276181236394659846024278425891620737031567239517651148857635569,0x2b1bb777a0cdb85006c3f2afbc857d3dd514c7434e3104b18d4c63fd1716a20d,True,highest-temperature-in-guangzhou-on-april-23-2026-24c,190.055973,2026-04-21 04:06:50.903628+00:00,False,True,False,2026-04-23T12:00:00Z,"['0.295', '0.705']",401714,highest-temperature-in-guangzhou-on-april-23-2026,Highest temperature in Guangzhou on April 23?
2040696,Will the highest temperature in Guangzhou be 25°C on April 23?,Yes,No,80592370241444166049383476851791018589950962737939551672196251979177109779539,83137367920302746872629058804067798063149159599871318692815001972968876759469,0xc43c3cee5dc84f3842d483d00a28769acb2d1b15c392e5057ca2e8d9290d6a65,True,highest-temperature-in-guangzhou-on-april-23-2026-25c,223.92564,2026-04-21 04:06:51.009867+00:00,False,True,False,2026-04-23T12:00:00Z,"['0.285', '0.715']",401714,highest-temperature-in-guangzhou-on-april-23-2026,Highest temperature in Guangzhou on April 23?
2040697,Will the highest temperature in Guangzhou be 26°C on April 23?,Yes,No,13132047237395039693728425025554599103879896551459524860503226987446187070095,23354176534778980165438527870447129721577598252722820778612460488239708410790,0xc965e82771dcf41f960556102e317321ca45f6e32efb755c2ae56c2667dba783,True,highest-temperature-in-guangzhou-on-april-23-2026-26c,2555.040607,2026-04-21 04:06:51.119655+00:00,False,True,False,2026-04-23T12:00:00Z,"['0.1', '0.9']",401714,highest-temperature-in-guangzhou-on-april-23-2026,Highest temperature in Guangzhou on April 23?
2040698,Will the highest temperature in Guangzhou be 27°C on April 23?,Yes,No,1684355416403095086280381295624668283845722223127200993737992154755415116814,45313045772144792266281220072299987414385511167685119611018359991599067096933,0x1e85f6f95ece8ef2951cd81ab4caf27c13de4400248adcf1ce493b56be261640,True,highest-temperature-in-guangzhou-on-april-23-2026-27c,136.9171,2026-04-21 04:06:51.227401+00:00,False,True,False,2026-04-23T12:00:00Z,"['0.035', '0.965']",401714,highest-temperature-in-guangzhou-on-april-23-2026,Highest temperature in Guangzhou on April 23?
2040699,Will the highest temperature in Guangzhou be 28°C on April 23?,Yes,No,107902175013255681511664446295398168693821412579221235764591642434013978890180,85488240635850584390196784995149639610022338899925575348653700673523441122007,0x789890d4bd16d18b45813f47f47471686eb891ce08f21f8a32441ace6cfa923e,True,highest-temperature-in-guangzhou-on-april-23-2026-28c,130.315333,2026-04-21 04:06:51.336935+00:00,False,True,False,2026-04-23T12:00:00Z,"['0.0245', '0.9755']",401714,highest-temperature-in-guangzhou-on-april-23-2026,Highest temperature in Guangzhou on April 23?
2040700,Will the highest temperature in Guangzhou be 29°C or higher on April 23?,Yes,No,88174430276191867537807301222775865543874075185762445464495742232720518666324,68300524356099393146344692090380291307606029053090614276976564218217262756203,0x703f20f8bf65a73f7d480b8d0257e5034bdb18b51fe5cc30b783758c48ba0d83,True,highest-temperature-in-guangzhou-on-april-23-2026-29corhigher,211.23037,2026-04-21 04:06:51.446807+00:00,False,True,False,2026-04-23T12:00:00Z,"['0.008', '0.992']",401714,highest-temperature-in-guangzhou-on-april-23-2026,Highest temperature in Guangzhou on April 23?
2040713,Will the highest temperature in Karachi be 25°C or below on April 23?,Yes,No,66938435736460669644497413857308381643684073376422888978092849354874927930357,37005758182922778016565804623201830332618885826034674847051318893015263091445,0x3d0a9dd8c7d54025fc8b57c043e8ef17023aa5d2a5936e215dcc7a46d363bc9b,True,highest-temperature-in-karachi-on-april-23-2026-25corbelow,148.079,2026-04-21 04:06:55.174491+00:00,False,True,False,2026-04-23T12:00:00Z,"['0.006', '0.994']",401723,highest-temperature-in-karachi-on-april-23-2026,Highest temperature in Karachi on April 23?
2040715,Will the highest temperature in Karachi be 26°C on April 23?,Yes,No,65103417859736784815941777552029003709964650149154431423275042679687157857196,46007525860545319208817199603415260034022849447859108733311772707143707479415,0xf224f83add4b2b6697b3293309af9a2ebd25b9a7e247afa27d8c8f5528ef81e8,True,highest-temperature-in-karachi-on-april-23-2026-26c,124.99625,2026-04-21 04:06:55.279015+00:00,False,True,False,2026-04-23T12:00:00Z,"['0.006', '0.994']",401723,highest-temperature-in-karachi-on-april-23-2026,Highest temperature in Karachi on April 23?
2040716,Will the highest temperature in Karachi be 27°C on April 23?,Yes,No,111284809145885819265207938920134435133772270413235514485364872736271774951772,102283360692258397284219392679783140876279845380862972536473115076589241925112,0x25795ecde9001430d1b58ec3f22bc8df64f6d10d240dc32c89ddad0b841b4877,True,highest-temperature-in-karachi-on-april-23-2026-27c,40.06,2026-04-21 04:06:55.403097+00:00,False,True,False,2026-04-23T12:00:00Z,"['0.0065', '0.9935']",401723,highest-temperature-in-karachi-on-april-23-2026,Highest temperature in Karachi on April 23?
2040717,Will the highest temperature in Karachi be 28°C on April 23?,Yes,No,48694717811871512736334526388242634698991532935857506383959832703666772846415,98085450777847010584962929051895691929809720570560034767422482946867873484090,0x7eac2986647a4c14db822096a2b60b189fcd2635fedde064ad35f7095c20ae50,True,highest-temperature-in-karachi-on-april-23-2026-28c,157.0552,2026-04-21 04:06:55.548107+00:00,False,True,False,2026-04-23T12:00:00Z,"['0.0055', '0.9945']",401723,highest-temperature-in-karachi-on-april-23-2026,Highest temperature in Karachi on April 23?
2040718,Will the highest temperature in Karachi be 29°C on April 23?,Yes,No,87281766321786580816510796664760953612934867488864300321120098330747260485491,18764267798407881784813227709237428349981690046760970421192323173534691726951,0x0f00140732eb5d758c7697b1e92b43b846a4020e29cd5d8032d71b3168ca988e,True,highest-temperature-in-karachi-on-april-23-2026-29c,53.177903,2026-04-21 04:06:55.656296+00:00,False,True,False,2026-04-23T12:00:00Z,"['0.0125', '0.9875']",401723,highest-temperature-in-karachi-on-april-23-2026,Highest temperature in Karachi on April 23?
2040720,Will the highest temperature in Karachi be 30°C on April 23?,Yes,No,1627321696762690301530928477418915132489629387769933308166182828303727830932,79854476790964693264051027745600687945316697282920012222172071580406700391072,0xa7fb96bb09401ac2a5cd3120adb8fd0235a607ce85d58e2315b5baf3c11230ef,True,highest-temperature-in-karachi-on-april-23-2026-30c,123.93919999999993,2026-04-21 04:06:55.768412+00:00,False,True,False,2026-04-23T12:00:00Z,"['0.015', '0.985']",401723,highest-temperature-in-karachi-on-april-23-2026,Highest temperature in Karachi on April 23?
2040722,Will the highest temperature in Karachi be 31°C on April 23?,Yes,No,107140145716667560883634754061271431578825470855036293740039764902240956294847,14307001858985492095829614537950973410428913453311258187122370660240881409231,0xa31fe76400feba7421518f780daaba68107b3fe1bda043685dd5572dc7ff9404,True,highest-temperature-in-karachi-on-april-23-2026-31c,204.164426,2026-04-21 04:06:55.922819+00:00,False,True,False,2026-04-23T12:00:00Z,"['0.045', '0.955']",401723,highest-temperature-in-karachi-on-april-23-2026,Highest temperature in Karachi on April 23?
2040724,Will the highest temperature in Karachi be 32°C on April 23?,Yes,No,92651638644145607074681771192875688933598421039924773837574928688118742378009,15095061129894932325840154641363249955377875582007357999205903331741485608496,0xa4371b45fc890673fa14f99eaccd155cba1c3c89b048a10aee6786895a489544,True,highest-temperature-in-karachi-on-april-23-2026-32c,,2026-04-21 04:06:56.026818+00:00,False,True,False,2026-04-23T12:00:00Z,"['0.245', '0.755']",401723,highest-temperature-in-karachi-on-april-23-2026,Highest temperature in Karachi on April 23?
2040727,Will the highest temperature in Karachi be 33°C on April 23?,Yes,No,52335654314441197251987224452928751845233141489764020768587675462276755042954,46837376103351956491741781751269240867992377923220357333752688575977887975504,0xba5e10630da1bb4d7eda03f517aaca46a9506caa747be23c8caed7150360ae52,True,highest-temperature-in-karachi-on-april-23-2026-33c,5,2026-04-21 04:06:56.143262+00:00,False,True,False,2026-04-23T12:00:00Z,"['0.28', '0.72']",401723,highest-temperature-in-karachi-on-april-23-2026,Highest temperature in Karachi on April 23?
2040728,Will the highest temperature in Karachi be 34°C on April 23?,Yes,No,29836605611839619546006526090207190594883447935355750709310835911361371561157,24284445900369160650245295821717786061392875952815658474067412631804918738271,0xef3ee4d8af9ebaa0e317c90d9042328fb266b6a732a5e57aff9c58b34fee6202,True,highest-temperature-in-karachi-on-april-23-2026-34c,5.26314,2026-04-21 04:06:56.257693+00:00,False,True,False,2026-04-23T12:00:00Z,"['0.265', '0.735']",401723,highest-temperature-in-karachi-on-april-23-2026,Highest temperature in Karachi on April 23?
2040729,Will the highest temperature in Karachi be 35°C or higher on April 23?,Yes,No,18077995064403333087929948102595261392717163954753679699414867113243326435231,1859337218609495099643184259919273255157068401402785373426018982548552039566,0x173cddd033f85820fbcba05175249c37b614b6255ca36d3074ebdfb1fe614fca,True,highest-temperature-in-karachi-on-april-23-2026-35corhigher,127.19497499999999,2026-04-21 04:06:56.359698+00:00,False,True,False,2026-04-23T12:00:00Z,"['0.045', '0.955']",401723,highest-temperature-in-karachi-on-april-23-2026,Highest temperature in Karachi on April 23?
2040733,Will the highest temperature in Manila be 29°C or below on April 23?,Yes,No,92639387876004340021946864933801923035574670742475795132226169173979861385677,84563292620346862696878523779120744587570883572460006596466093410371523427416,0x034a6068893178cdf4f0672e534ec6023397cac4419389b2c7e42348d2c119b3,True,highest-temperature-in-manila-on-april-23-2026-29corbelow,384.51225,2026-04-21 04:06:59.367195+00:00,False,True,False,2026-04-23T12:00:00Z,"['0.002', '0.998']",401737,highest-temperature-in-manila-on-april-23-2026,Highest temperature in Manila on April 23?
2040734,Will the highest temperature in Manila be 30°C on April 23?,Yes,No,101008106309009788610996909645912295005642301797477822065384858511172640320588,110557513956054906804572024391289583738458781673210820863681463965722720242787,0x44a6d9ae98f86102de311b2f9289396c9d14be094b4789b48a90be1ab8841bed,True,highest-temperature-in-manila-on-april-23-2026-30c,5357.305431999999,2026-04-21 04:06:59.474480+00:00,False,True,False,2026-04-23T12:00:00Z,"['0.0055', '0.9945']",401737,highest-temperature-in-manila-on-april-23-2026,Highest temperature in Manila on April 23?
2040735,Will the highest temperature in Manila be 31°C on April 23?,Yes,No,17133811922500712552141555268128111388034766303197813779748093936398005316099,105470524609691715275789398874960232468510656520186533148065983657541732800663,0x7376becf1fd5e61e8b811e339898051de0154435407de75b7227e6449b5623a0,True,highest-temperature-in-manila-on-april-23-2026-31c,268.6892,2026-04-21 04:06:59.579669+00:00,False,True,False,2026-04-23T12:00:00Z,"['0.01', '0.99']",401737,highest-temperature-in-manila-on-april-23-2026,Highest temperature in Manila on April 23?
2040736,Will the highest temperature in Manila be 32°C on April 23?,Yes,No,32281866629172641064570707003021378317058522692945799890303511579234071681428,102806903189943186453353187325723033044005113231027550221041437399848122727157,0xccf67055110f6a277580e5723d9056608274b1147fa13ce5bc3f6f9838cecfe2,True,highest-temperature-in-manila-on-april-23-2026-32c,68.18824500000001,2026-04-21 04:06:59.682945+00:00,False,True,False,2026-04-23T12:00:00Z,"['0.03', '0.97']",401737,highest-temperature-in-manila-on-april-23-2026,Highest temperature in Manila on April 23?
2040737,Will the highest temperature in Manila be 33°C on April 23?,Yes,No,76998326857901823273768645444768616719421108669923138686865527427654422401985,2019398119782549048381511132318796413450719102100800537913418628307138627910,0xfdfa9260fe96616c13e6e115f19e1cb76af972de400eb993def3ecd44976217a,True,highest-temperature-in-manila-on-april-23-2026-33c,162.13311800000002,2026-04-21 04:06:59.787930+00:00,False,True,False,2026-04-23T12:00:00Z,"['0.065', '0.935']",401737,highest-temperature-in-manila-on-april-23-2026,Highest temperature in Manila on April 23?
2040738,Will the highest temperature in Manila be 34°C on April 23?,Yes,No,18696665659002206365088051191207741694485391068408672743369274277213457655580,23984854353228919969206137418496966233381001149732174458043056363766672169462,0xd53b9a38e77360c7f24fd1dfaaf9bde66d8f386b2a5035ae55790cd6b79de8de,True,highest-temperature-in-manila-on-april-23-2026-34c,5.617972,2026-04-21 04:06:59.892902+00:00,False,True,False,2026-04-23T12:00:00Z,"['0.27', '0.73']",401737,highest-temperature-in-manila-on-april-23-2026,Highest temperature in Manila on April 23?
2040739,Will the highest temperature in Manila be 35°C on April 23?,Yes,No,42076507786388203378874837258293136565628455651518744057658271470737377580362,20198079410046436627117670438751308538934598612186566936900214539604299210651,0x9394d46ab42b733afe72f3e1f856b758939c64ab0c8c2905e8aaacdc24bf9bcf,True,highest-temperature-in-manila-on-april-23-2026-35c,64.702701,2026-04-21 04:06:59.998150+00:00,False,True,False,2026-04-23T12:00:00Z,"['0.325', '0.675']",401737,highest-temperature-in-manila-on-april-23-2026,Highest temperature in Manila on April 23?
2040740,Will the highest temperature in Manila be 36°C on April 23?,Yes,No,68723417685856024979459673608224881968162267234069434703918708443025636616426,97826502310521480237347727398020274547984293476852696155395514991922224093275,0x0b6c2ff1d7cc5707048201b2337ea2b7280cd5ed0823b6d93b6bc523db7be4a9,True,highest-temperature-in-manila-on-april-23-2026-36c,111.523979,2026-04-21 04:07:00.101688+00:00,False,True,False,2026-04-23T12:00:00Z,"['0.29', '0.71']",401737,highest-temperature-in-manila-on-april-23-2026,Highest temperature in Manila on April 23?
2040741,Will the highest temperature in Manila be 37°C on April 23?,Yes,No,35272394343309792006464581938888725686454649259469809440883258413917881883498,5562849154680561717664627750934103808612364620064451421349944877906608484560,0xa65cf18c83b8ccc39a7d736c5753e133e107428e81445fbbce8ee07868d0da11,True,highest-temperature-in-manila-on-april-23-2026-37c,194.84225,2026-04-21 04:07:00.211986+00:00,False,True,False,2026-04-23T12:00:00Z,"['0.048', '0.952']",401737,highest-temperature-in-manila-on-april-23-2026,Highest temperature in Manila on April 23?
2040742,Will the highest temperature in Manila be 38°C on April 23?,Yes,No,26217998772389037043589417880924453731565324554661421915382298568003158779912,92673226904254781565970023623648629093090747632963207396162181635497409143181,0x164a07c583e2426be941f83c461a9465368de7d60380578745c9c004b7bc1398,True,highest-temperature-in-manila-on-april-23-2026-38c,36.24,2026-04-21 04:07:00.317379+00:00,False,True,False,2026-04-23T12:00:00Z,"['0.0195', '0.9805']",401737,highest-temperature-in-manila-on-april-23-2026,Highest temperature in Manila on April 23?
2040743,Will the highest temperature in Manila be 39°C or higher on April 23?,Yes,No,37351927746291285615139274562968399999829692120988231651047440922938487596947,77922098433873348615250823839673308568334305351551076738026857218835793260645,0x2377005267f10e93251c7bec4823d8dfb547df7ee4e53f2a5640766931d78e40,True,highest-temperature-in-manila-on-april-23-2026-39corhigher,26.005024,2026-04-21 04:07:00.423080+00:00,False,True,False,2026-04-23T12:00:00Z,"['0.007', '0.993']",401737,highest-temperature-in-manila-on-april-23-2026,Highest temperature in Manila on April 23?
